Build started 04/03/2026 16:11:21.
Logging verbosity is set to: Detailed.     0>Process = "/usr/lib/dotnet/dotnet"
       MSBuild executable path = "/usr/lib/dotnet/sdk/10.0.104/MSBuild.dll"
       Command line arguments = "/usr/lib/dotnet/sdk/10.0.104/MSBuild.dll -maxcpucount --verbosity:m -tlp:default=auto --property:NuGetInteractive=true --restoreProperty:NuGetInteractive=true --restoreProperty:EnableDefaultCompileItems=false --restoreProperty:EnableDefaultEmbeddedResourceItems=false --restoreProperty:EnableDefaultNoneItems=false /home/tsgomes/mcad/services/cadastro-api/2-Application/Cadastro.Application/Cadastro.Application.csproj -fl -flp:logfile=build.log -consoleloggerparameters:Summary -restore -nologo"
       Current directory = "/home/tsgomes/mcad"
       MSBuild version = "18.0.11+80d3e14f5"
       Assembly loaded during Evaluation: System.Runtime.Loader, Version=10.0.0.0, Culture=neutral, PublicKeyToken=b03f5f7f11d50a3a (location: /usr/lib/dotnet/shared/Microsoft.NETCore.App/10.0.4/System.Runtime.Loader.dll, MVID: c1783685-e64d-4080-a5e0-5aa5425db431, AssemblyLoadContext: Default)
       Assembly loaded during Evaluation: System.Diagnostics.FileVersionInfo, Version=10.0.0.0, Culture=neutral, PublicKeyToken=b03f5f7f11d50a3a (location: /usr/lib/dotnet/shared/Microsoft.NETCore.App/10.0.4/System.Diagnostics.FileVersionInfo.dll, MVID: 2e2cbc8e-0e36-4635-82f0-1740520bd6d4, AssemblyLoadContext: Default)
       Assembly loaded during Evaluation: System.Reflection.Metadata, Version=10.0.0.0, Culture=neutral, PublicKeyToken=b03f5f7f11d50a3a (location: /usr/lib/dotnet/shared/Microsoft.NETCore.App/10.0.4/System.Reflection.Metadata.dll, MVID: 48c49b01-345b-4f63-8211-bc20dd0b412d, AssemblyLoadContext: Default)
       Assembly loaded during Evaluation: System.IO.MemoryMappedFiles, Version=10.0.0.0, Culture=neutral, PublicKeyToken=b03f5f7f11d50a3a (location: /usr/lib/dotnet/shared/Microsoft.NETCore.App/10.0.4/System.IO.MemoryMappedFiles.dll, MVID: cff8308b-f560-49ca-9eee-ab2895431744, AssemblyLoadContext: Default)
       The SDK "Microsoft.NET.Sdk" was successfully resolved by the "DefaultSdkResolver" resolver to location "/usr/lib/dotnet/sdk/10.0.104/Sdks/Microsoft.NET.Sdk/Sdk" and version "".
       /usr/lib/dotnet/sdk/10.0.104/Sdks/Microsoft.NET.Sdk/Sdk/Sdk.props(49,11): message : Property 'MSBuildExtensionsPath' with value '/usr/lib/dotnet/sdk/10.0.104/' expanded from the environment.
       /usr/lib/dotnet/sdk/10.0.104/Current/Microsoft.Common.props(60,5): message : Property reassignment: $(MSBuildProjectExtensionsPath)="/home/tsgomes/mcad/services/cadastro-api/2-Application/Cadastro.Application/obj/" (previous value: "obj\") at /usr/lib/dotnet/sdk/10.0.104/Current/Microsoft.Common.props (60,5)
       /usr/lib/dotnet/sdk/10.0.104/Current/Microsoft.Common.props(84,119): message : Property 'MSBuildUserExtensionsPath' with value '/home/tsgomes/.local/share/Microsoft\MSBuild' expanded from the environment.
       Assembly loaded during Evaluation: System.Threading.Tasks.Parallel, Version=10.0.0.0, Culture=neutral, PublicKeyToken=b03f5f7f11d50a3a (location: /usr/lib/dotnet/shared/Microsoft.NETCore.App/10.0.4/System.Threading.Tasks.Parallel.dll, MVID: 0ddf7ad2-f699-4d91-a83d-3cc7c3e15ca7, AssemblyLoadContext: Default)
       /usr/lib/dotnet/sdk/10.0.104/Sdks/Microsoft.NET.Sdk/targets/Microsoft.NET.Sdk.props(90,5): message : Property reassignment: $(AssemblySearchPaths)="{CandidateAssemblyFiles};{HintPathFromItem}" (previous value: "{CandidateAssemblyFiles}") at /usr/lib/dotnet/sdk/10.0.104/Sdks/Microsoft.NET.Sdk/targets/Microsoft.NET.Sdk.props (90,5)
       /usr/lib/dotnet/sdk/10.0.104/Sdks/Microsoft.NET.Sdk/targets/Microsoft.NET.Sdk.props(91,5): message : Property reassignment: $(AssemblySearchPaths)="{CandidateAssemblyFiles};{HintPathFromItem};{TargetFrameworkDirectory}" (previous value: "{CandidateAssemblyFiles};{HintPathFromItem}") at /usr/lib/dotnet/sdk/10.0.104/Sdks/Microsoft.NET.Sdk/targets/Microsoft.NET.Sdk.props (91,5)
       /usr/lib/dotnet/sdk/10.0.104/Sdks/Microsoft.NET.Sdk/targets/Microsoft.NET.Sdk.props(92,5): message : Property reassignment: $(AssemblySearchPaths)="{CandidateAssemblyFiles};{HintPathFromItem};{TargetFrameworkDirectory};{RawFileName}" (previous value: "{CandidateAssemblyFiles};{HintPathFromItem};{TargetFrameworkDirectory}") at /usr/lib/dotnet/sdk/10.0.104/Sdks/Microsoft.NET.Sdk/targets/Microsoft.NET.Sdk.props (92,5)
       The "DefaultSdkResolver" resolver attempted to resolve the SDK "Microsoft.NET.SDK.WorkloadAutoImportPropsLocator".
       Warnings: null
       Errors: MSB4276: The default SDK resolver failed to resolve SDK "Microsoft.NET.SDK.WorkloadAutoImportPropsLocator" because directory "/usr/lib/dotnet/sdk/10.0.104/Sdks/Microsoft.NET.SDK.WorkloadAutoImportPropsLocator/Sdk" did not exist.
       Assembly loaded during Evaluation: Microsoft.NET.Sdk.WorkloadMSBuildSdkResolver, Version=10.0.104.0, Culture=neutral, PublicKeyToken=31bf3856ad364e35 (location: /usr/lib/dotnet/sdk/10.0.104/Microsoft.NET.Sdk.WorkloadMSBuildSdkResolver.dll, MVID: 6576371c-837a-4595-a25a-15aa8a7e3ea6, AssemblyLoadContext: MSBuild plugin /usr/lib/dotnet/sdk/10.0.104/Microsoft.NET.Sdk.WorkloadMSBuildSdkResolver.dll)
       Assembly loaded during Evaluation: Microsoft.Build.NuGetSdkResolver, Version=7.0.2.0, Culture=neutral, PublicKeyToken=31bf3856ad364e35 (location: /usr/lib/dotnet/sdk/10.0.104/Microsoft.Build.NuGetSdkResolver.dll, MVID: 82d7bbe4-eab1-43fc-b7c1-b460ae40db82, AssemblyLoadContext: MSBuild plugin /usr/lib/dotnet/sdk/10.0.104/Microsoft.Build.NuGetSdkResolver.dll)
       Assembly loaded during Evaluation: NuGet.Common, Version=7.0.2.0, Culture=neutral, PublicKeyToken=31bf3856ad364e35 (location: /usr/lib/dotnet/sdk/10.0.104/NuGet.Common.dll, MVID: 53f879c2-a0bf-4dd4-b347-7b328618759d, AssemblyLoadContext: MSBuild plugin /usr/lib/dotnet/sdk/10.0.104/Microsoft.Build.NuGetSdkResolver.dll)
       Assembly loaded during Evaluation: Microsoft.DotNet.Cli.Utils, Version=10.0.104.0, Culture=neutral, PublicKeyToken=adb9793829ddae60 (location: /usr/lib/dotnet/sdk/10.0.104/Microsoft.DotNet.Cli.Utils.dll, MVID: f13124a1-c5aa-4df3-a2f4-5eb8d0c1a4bf, AssemblyLoadContext: MSBuild plugin /usr/lib/dotnet/sdk/10.0.104/Microsoft.NET.Sdk.WorkloadMSBuildSdkResolver.dll)
       Assembly loaded during Evaluation: Microsoft.NET.Sdk.WorkloadManifestReader, Version=10.0.104.0, Culture=neutral, PublicKeyToken=adb9793829ddae60 (location: /usr/lib/dotnet/sdk/10.0.104/Microsoft.NET.Sdk.WorkloadManifestReader.dll, MVID: c5c83ecb-d83a-415a-ac83-6c0c42ab84cf, AssemblyLoadContext: MSBuild plugin /usr/lib/dotnet/sdk/10.0.104/Microsoft.NET.Sdk.WorkloadMSBuildSdkResolver.dll)
       Assembly loaded during Evaluation: Microsoft.Deployment.DotNet.Releases, Version=2.0.0.0, Culture=neutral, PublicKeyToken=31bf3856ad364e35 (location: /usr/lib/dotnet/sdk/10.0.104/Microsoft.Deployment.DotNet.Releases.dll, MVID: afb975b0-99ac-4f0c-8910-f2ccd03aaee6, AssemblyLoadContext: MSBuild plugin /usr/lib/dotnet/sdk/10.0.104/Microsoft.NET.Sdk.WorkloadMSBuildSdkResolver.dll)
       The SDK "Microsoft.NET.SDK.WorkloadAutoImportPropsLocator" was successfully resolved by the "Microsoft.DotNet.MSBuildWorkloadSdkResolver" resolver to location "null" and version "null".
       /usr/lib/dotnet/sdk/10.0.104/Sdks/Microsoft.NET.Sdk/targets/Microsoft.NET.Sdk.ImportPublishProfile.targets(28,5): message : Property reassignment: $(PublishProfileImported)="false" (previous value: "true") at /usr/lib/dotnet/sdk/10.0.104/Sdks/Microsoft.NET.Sdk/targets/Microsoft.NET.Sdk.ImportPublishProfile.targets (28,5)
       Assembly loaded during Evaluation: Microsoft.Win32.Registry, Version=10.0.0.0, Culture=neutral, PublicKeyToken=b03f5f7f11d50a3a (location: /usr/lib/dotnet/shared/Microsoft.NETCore.App/10.0.4/Microsoft.Win32.Registry.dll, MVID: 0fb0c0a3-dfc9-4e39-a743-e31b5a2d5ba2, AssemblyLoadContext: Default)
       Assembly loaded during Evaluation: NuGet.Frameworks, Version=7.0.2.0, Culture=neutral, PublicKeyToken=31bf3856ad364e35 (location: /usr/lib/dotnet/sdk/10.0.104/NuGet.Frameworks.dll, MVID: 6b9e491f-03e5-41eb-a187-85718ec1bd2c, AssemblyLoadContext: Assembly.LoadFile(/usr/lib/dotnet/sdk/10.0.104/NuGet.Frameworks.dll))
       /usr/lib/dotnet/sdk/10.0.104/Sdks/Microsoft.NET.Sdk/targets/Microsoft.NET.TargetFrameworkInference.targets(81,5): message : Property reassignment: $(TargetPlatformVersion)="" (previous value: "0.0") at /usr/lib/dotnet/sdk/10.0.104/Sdks/Microsoft.NET.Sdk/targets/Microsoft.NET.TargetFrameworkInference.targets (81,5)
       /usr/lib/dotnet/sdk/10.0.104/Sdks/Microsoft.NET.Sdk/targets/Microsoft.NET.DefaultOutputPaths.targets(127,5): message : Property reassignment: $(DefaultItemExcludes)=";bin\Debug//**;obj\Debug//**" (previous value: ";bin\Debug//**") at /usr/lib/dotnet/sdk/10.0.104/Sdks/Microsoft.NET.Sdk/targets/Microsoft.NET.DefaultOutputPaths.targets (127,5)
       /usr/lib/dotnet/sdk/10.0.104/Sdks/Microsoft.NET.Sdk/targets/Microsoft.NET.DefaultOutputPaths.targets(142,5): message : Property reassignment: $(OutputPath)="bin\Debug/net8.0/" (previous value: "bin\Debug/") at /usr/lib/dotnet/sdk/10.0.104/Sdks/Microsoft.NET.Sdk/targets/Microsoft.NET.DefaultOutputPaths.targets (142,5)
       /usr/lib/dotnet/sdk/10.0.104/Sdks/Microsoft.NET.Sdk/targets/Microsoft.NET.DefaultOutputPaths.targets(147,5): message : Property reassignment: $(IntermediateOutputPath)="obj\Debug/net8.0/" (previous value: "obj\Debug/") at /usr/lib/dotnet/sdk/10.0.104/Sdks/Microsoft.NET.Sdk/targets/Microsoft.NET.DefaultOutputPaths.targets (147,5)
       The "DefaultSdkResolver" resolver attempted to resolve the SDK "Microsoft.NET.SDK.WorkloadManifestTargetsLocator".
       Warnings: null
       Errors: MSB4276: The default SDK resolver failed to resolve SDK "Microsoft.NET.SDK.WorkloadManifestTargetsLocator" because directory "/usr/lib/dotnet/sdk/10.0.104/Sdks/Microsoft.NET.SDK.WorkloadManifestTargetsLocator/Sdk" did not exist.
       The SDK "Microsoft.NET.SDK.WorkloadManifestTargetsLocator" was successfully resolved by the "Microsoft.DotNet.MSBuildWorkloadSdkResolver" resolver to location "/usr/lib/dotnet/sdk-manifests/10.0.100/microsoft.net.sdk.android/36.1.2" and version "null".
       /usr/lib/dotnet/sdk/10.0.104/Sdks/Microsoft.NET.Sdk/targets/Microsoft.NET.Sdk.BeforeCommon.targets(371,5): message : Property reassignment: $(RoslynTargetsPath)="/usr/lib/dotnet/sdk/10.0.104/Sdks/Microsoft.NET.Sdk/targets/../../../Roslyn" (previous value: "/usr/lib/dotnet/sdk/10.0.104/Roslyn") at /usr/lib/dotnet/sdk/10.0.104/Sdks/Microsoft.NET.Sdk/targets/Microsoft.NET.Sdk.BeforeCommon.targets (371,5)
       /usr/lib/dotnet/sdk/10.0.104/Roslyn/Microsoft.Managed.Core.targets(6,5): message : Property reassignment: $(_BuildTasksDirectory)="/usr/lib/dotnet/sdk/10.0.104/Sdks/Microsoft.NET.Sdk/targets/../../../Roslyn/" (previous value: "/usr/lib/dotnet/sdk/10.0.104/Roslyn/") at /usr/lib/dotnet/sdk/10.0.104/Roslyn/Microsoft.Managed.Core.targets (6,5)
       /usr/lib/dotnet/sdk/10.0.104/Roslyn/Microsoft.CSharp.Core.targets(200,5): message : Property reassignment: $(CommandLineArgsForDesignTimeEvaluation)="-langversion:12.0 -define:TRACE" (previous value: "-langversion:12.0") at /usr/lib/dotnet/sdk/10.0.104/Roslyn/Microsoft.CSharp.Core.targets (200,5)
       /home/tsgomes/.local/share/Microsoft/MSBuild/Current/Microsoft.Common.targets/ImportBefore/SonarQube.Integration.ImportBefore.targets(12,5): message : Property reassignment: $(SonarQubeBuildDirectory)="/home/tsgomes/mcad" (previous value: "") at /home/tsgomes/.local/share/Microsoft/MSBuild/Current/Microsoft.Common.targets/ImportBefore/SonarQube.Integration.ImportBefore.targets (12,5)
       Assembly loaded during Evaluation: Microsoft.Build.Utilities.Core, Version=15.1.0.0, Culture=neutral, PublicKeyToken=b03f5f7f11d50a3a (location: /usr/lib/dotnet/sdk/10.0.104/Microsoft.Build.Utilities.Core.dll, MVID: 6edd76e6-68a2-4c63-89ca-f9c67291f32b, AssemblyLoadContext: Default)
       /usr/lib/dotnet/sdk/10.0.104/Microsoft.Common.CurrentVersion.targets(175,5): message : Property reassignment: $(_DebugSymbolsProduced)="true" (previous value: "false") at /usr/lib/dotnet/sdk/10.0.104/Microsoft.Common.CurrentVersion.targets (175,5)
       /usr/lib/dotnet/sdk/10.0.104/Microsoft.Common.CurrentVersion.targets(185,5): message : Property reassignment: $(_DocumentationFileProduced)="false" (previous value: "true") at /usr/lib/dotnet/sdk/10.0.104/Microsoft.Common.CurrentVersion.targets (185,5)
       /usr/lib/dotnet/sdk/10.0.104/Microsoft.Common.CurrentVersion.targets(392,5): message : Property reassignment: $(MSBuildCopyMarkerName)="Cadastro.FB0844FB" (previous value: "Cadastro.Application.csproj") at /usr/lib/dotnet/sdk/10.0.104/Microsoft.Common.CurrentVersion.targets (392,5)
       /usr/lib/dotnet/sdk/10.0.104/Microsoft.Common.CurrentVersion.targets(393,5): message : Property reassignment: $(MSBuildCopyMarkerName)="Cadastro.FB0844FB.Up2Date" (previous value: "Cadastro.FB0844FB") at /usr/lib/dotnet/sdk/10.0.104/Microsoft.Common.CurrentVersion.targets (393,5)
       /usr/lib/dotnet/sdk/10.0.104/Microsoft.Common.CurrentVersion.targets(541,5): message : Property reassignment: $(ProcessorArchitecture)="msil" (previous value: "") at /usr/lib/dotnet/sdk/10.0.104/Microsoft.Common.CurrentVersion.targets (541,5)
       /usr/lib/dotnet/sdk/10.0.104/Microsoft.Common.CurrentVersion.targets(580,5): message : Property reassignment: $(DelaySign)="" (previous value: "false") at /usr/lib/dotnet/sdk/10.0.104/Microsoft.Common.CurrentVersion.targets (580,5)
       /usr/lib/dotnet/sdk/10.0.104/Microsoft.Common.CurrentVersion.targets(2606,5): message : Property 'LocalAppData' with value '/home/tsgomes/.local/share' expanded from the environment.
       /usr/lib/dotnet/sdk/10.0.104/Microsoft.Common.CurrentVersion.targets(3934,5): message : Property reassignment: $(_SGenGenerateSerializationAssembliesConfig)="Auto" (previous value: "") at /usr/lib/dotnet/sdk/10.0.104/Microsoft.Common.CurrentVersion.targets (3934,5)
       /usr/lib/dotnet/sdk/10.0.104/Microsoft.Common.CurrentVersion.targets(3935,5): message : Property reassignment: $(_SGenGenerateSerializationAssembliesConfig)="Off" (previous value: "Auto") at /usr/lib/dotnet/sdk/10.0.104/Microsoft.Common.CurrentVersion.targets (3935,5)
       /usr/lib/dotnet/sdk/10.0.104/Microsoft.Common.CurrentVersion.targets(5146,5): message : Property reassignment: $(_TargetsThatPrepareProjectReferences)="
       /usr/lib/dotnet/sdk/10.0.104/Microsoft.Common.CurrentVersion.targets(5146,5): message :       AssignProjectConfiguration;
       /usr/lib/dotnet/sdk/10.0.104/Microsoft.Common.CurrentVersion.targets(5146,5): message :       _SplitProjectReferencesByFileExistence
       /usr/lib/dotnet/sdk/10.0.104/Microsoft.Common.CurrentVersion.targets(5146,5): message :     " (previous value: "_SplitProjectReferencesByFileExistence") at /usr/lib/dotnet/sdk/10.0.104/Microsoft.Common.CurrentVersion.targets (5146,5)
       /usr/lib/dotnet/sdk/10.0.104/Microsoft.Common.CurrentVersion.targets(6959,5): message : Property 'MSBuildExtensionsPath32' with value '/usr/lib/dotnet/sdk/10.0.104' expanded from the environment.
       The "NuGetInteractive" property is a global property, and cannot be modified.
       /usr/lib/dotnet/sdk/10.0.104/Sdks/Microsoft.NET.Sdk/targets/Microsoft.PackageDependencyResolution.targets(24,5): message : Property reassignment: $(ProjectAssetsFile)="/home/tsgomes/mcad/services/cadastro-api/2-Application/Cadastro.Application/obj/project.assets.json" (previous value: "/home/tsgomes/mcad/services/cadastro-api/2-Application/Cadastro.Application/obj//project.assets.json") at /usr/lib/dotnet/sdk/10.0.104/Sdks/Microsoft.NET.Sdk/targets/Microsoft.PackageDependencyResolution.targets (24,5)
       /usr/lib/dotnet/sdk/10.0.104/Sdks/Microsoft.NET.Sdk/targets/Microsoft.PackageDependencyResolution.targets(29,5): message : Property reassignment: $(ProjectAssetsCacheFile)="/home/tsgomes/mcad/services/cadastro-api/2-Application/Cadastro.Application/obj/Debug/net8.0/Cadastro.Application.assets.cache" (previous value: "obj\Debug/net8.0/Cadastro.Application.assets.cache") at /usr/lib/dotnet/sdk/10.0.104/Sdks/Microsoft.NET.Sdk/targets/Microsoft.PackageDependencyResolution.targets (29,5)
       /usr/lib/dotnet/sdk/10.0.104/Sdks/Microsoft.NET.Sdk/targets/Microsoft.PackageDependencyResolution.targets(80,5): message : Property reassignment: $(ResolveAssemblyReferencesDependsOn)="
       /usr/lib/dotnet/sdk/10.0.104/Sdks/Microsoft.NET.Sdk/targets/Microsoft.PackageDependencyResolution.targets(80,5): message :       
       /usr/lib/dotnet/sdk/10.0.104/Sdks/Microsoft.NET.Sdk/targets/Microsoft.PackageDependencyResolution.targets(80,5): message :       ResolveProjectReferences;
       /usr/lib/dotnet/sdk/10.0.104/Sdks/Microsoft.NET.Sdk/targets/Microsoft.PackageDependencyResolution.targets(80,5): message :       FindInvalidProjectReferences;
       /usr/lib/dotnet/sdk/10.0.104/Sdks/Microsoft.NET.Sdk/targets/Microsoft.PackageDependencyResolution.targets(80,5): message :       GetFrameworkPaths;
       /usr/lib/dotnet/sdk/10.0.104/Sdks/Microsoft.NET.Sdk/targets/Microsoft.PackageDependencyResolution.targets(80,5): message :       GetReferenceAssemblyPaths;
       /usr/lib/dotnet/sdk/10.0.104/Sdks/Microsoft.NET.Sdk/targets/Microsoft.PackageDependencyResolution.targets(80,5): message :       PrepareForBuild;
       /usr/lib/dotnet/sdk/10.0.104/Sdks/Microsoft.NET.Sdk/targets/Microsoft.PackageDependencyResolution.targets(80,5): message :       ResolveSDKReferences;
       /usr/lib/dotnet/sdk/10.0.104/Sdks/Microsoft.NET.Sdk/targets/Microsoft.PackageDependencyResolution.targets(80,5): message :       ExpandSDKReferences;
       /usr/lib/dotnet/sdk/10.0.104/Sdks/Microsoft.NET.Sdk/targets/Microsoft.PackageDependencyResolution.targets(80,5): message :     ;
       /usr/lib/dotnet/sdk/10.0.104/Sdks/Microsoft.NET.Sdk/targets/Microsoft.PackageDependencyResolution.targets(80,5): message :       ResolvePackageDependenciesForBuild;
       /usr/lib/dotnet/sdk/10.0.104/Sdks/Microsoft.NET.Sdk/targets/Microsoft.PackageDependencyResolution.targets(80,5): message :       _HandlePackageFileConflicts;
       /usr/lib/dotnet/sdk/10.0.104/Sdks/Microsoft.NET.Sdk/targets/Microsoft.PackageDependencyResolution.targets(80,5): message :     " (previous value: "
       /usr/lib/dotnet/sdk/10.0.104/Sdks/Microsoft.NET.Sdk/targets/Microsoft.PackageDependencyResolution.targets(80,5): message :       ResolveProjectReferences;
       /usr/lib/dotnet/sdk/10.0.104/Sdks/Microsoft.NET.Sdk/targets/Microsoft.PackageDependencyResolution.targets(80,5): message :       FindInvalidProjectReferences;
       /usr/lib/dotnet/sdk/10.0.104/Sdks/Microsoft.NET.Sdk/targets/Microsoft.PackageDependencyResolution.targets(80,5): message :       GetFrameworkPaths;
       /usr/lib/dotnet/sdk/10.0.104/Sdks/Microsoft.NET.Sdk/targets/Microsoft.PackageDependencyResolution.targets(80,5): message :       GetReferenceAssemblyPaths;
       /usr/lib/dotnet/sdk/10.0.104/Sdks/Microsoft.NET.Sdk/targets/Microsoft.PackageDependencyResolution.targets(80,5): message :       PrepareForBuild;
       /usr/lib/dotnet/sdk/10.0.104/Sdks/Microsoft.NET.Sdk/targets/Microsoft.PackageDependencyResolution.targets(80,5): message :       ResolveSDKReferences;
       /usr/lib/dotnet/sdk/10.0.104/Sdks/Microsoft.NET.Sdk/targets/Microsoft.PackageDependencyResolution.targets(80,5): message :       ExpandSDKReferences;
       /usr/lib/dotnet/sdk/10.0.104/Sdks/Microsoft.NET.Sdk/targets/Microsoft.PackageDependencyResolution.targets(80,5): message :     ") at /usr/lib/dotnet/sdk/10.0.104/Sdks/Microsoft.NET.Sdk/targets/Microsoft.PackageDependencyResolution.targets (80,5)
       /usr/lib/dotnet/sdk/10.0.104/Sdks/Microsoft.NET.Sdk/targets/Microsoft.PackageDependencyResolution.targets(86,5): message : Property reassignment: $(PrepareResourcesDependsOn)="
       /usr/lib/dotnet/sdk/10.0.104/Sdks/Microsoft.NET.Sdk/targets/Microsoft.PackageDependencyResolution.targets(86,5): message :       ResolvePackageDependenciesForBuild;
       /usr/lib/dotnet/sdk/10.0.104/Sdks/Microsoft.NET.Sdk/targets/Microsoft.PackageDependencyResolution.targets(86,5): message :       _HandlePackageFileConflicts;
       /usr/lib/dotnet/sdk/10.0.104/Sdks/Microsoft.NET.Sdk/targets/Microsoft.PackageDependencyResolution.targets(86,5): message :       
       /usr/lib/dotnet/sdk/10.0.104/Sdks/Microsoft.NET.Sdk/targets/Microsoft.PackageDependencyResolution.targets(86,5): message :       ;
       /usr/lib/dotnet/sdk/10.0.104/Sdks/Microsoft.NET.Sdk/targets/Microsoft.PackageDependencyResolution.targets(86,5): message :       PrepareResourceNames;
       /usr/lib/dotnet/sdk/10.0.104/Sdks/Microsoft.NET.Sdk/targets/Microsoft.PackageDependencyResolution.targets(86,5): message :       ResGen;
       /usr/lib/dotnet/sdk/10.0.104/Sdks/Microsoft.NET.Sdk/targets/Microsoft.PackageDependencyResolution.targets(86,5): message :       CompileLicxFiles
       /usr/lib/dotnet/sdk/10.0.104/Sdks/Microsoft.NET.Sdk/targets/Microsoft.PackageDependencyResolution.targets(86,5): message :     
       /usr/lib/dotnet/sdk/10.0.104/Sdks/Microsoft.NET.Sdk/targets/Microsoft.PackageDependencyResolution.targets(86,5): message :     " (previous value: "
       /usr/lib/dotnet/sdk/10.0.104/Sdks/Microsoft.NET.Sdk/targets/Microsoft.PackageDependencyResolution.targets(86,5): message :       ;
       /usr/lib/dotnet/sdk/10.0.104/Sdks/Microsoft.NET.Sdk/targets/Microsoft.PackageDependencyResolution.targets(86,5): message :       PrepareResourceNames;
       /usr/lib/dotnet/sdk/10.0.104/Sdks/Microsoft.NET.Sdk/targets/Microsoft.PackageDependencyResolution.targets(86,5): message :       ResGen;
       /usr/lib/dotnet/sdk/10.0.104/Sdks/Microsoft.NET.Sdk/targets/Microsoft.PackageDependencyResolution.targets(86,5): message :       CompileLicxFiles
       /usr/lib/dotnet/sdk/10.0.104/Sdks/Microsoft.NET.Sdk/targets/Microsoft.PackageDependencyResolution.targets(86,5): message :     ") at /usr/lib/dotnet/sdk/10.0.104/Sdks/Microsoft.NET.Sdk/targets/Microsoft.PackageDependencyResolution.targets (86,5)
       The "EnableDefaultCompileItems" property is a global property, and cannot be modified.
       The "EnableDefaultEmbeddedResourceItems" property is a global property, and cannot be modified.
       The "EnableDefaultNoneItems" property is a global property, and cannot be modified.
       /usr/lib/dotnet/sdk/10.0.104/Sdks/Microsoft.NET.Sdk/targets/Microsoft.NET.Sdk.DefaultItems.targets(35,5): message : Property reassignment: $(DefaultItemExcludes)=";bin\Debug//**;obj\Debug//**;bin\/**" (previous value: ";bin\Debug//**;obj\Debug//**") at /usr/lib/dotnet/sdk/10.0.104/Sdks/Microsoft.NET.Sdk/targets/Microsoft.NET.Sdk.DefaultItems.targets (35,5)
       /usr/lib/dotnet/sdk/10.0.104/Sdks/Microsoft.NET.Sdk/targets/Microsoft.NET.Sdk.DefaultItems.targets(37,5): message : Property reassignment: $(DefaultItemExcludes)=";bin\Debug//**;obj\Debug//**;bin\/**;obj\/**" (previous value: ";bin\Debug//**;obj\Debug//**;bin\/**") at /usr/lib/dotnet/sdk/10.0.104/Sdks/Microsoft.NET.Sdk/targets/Microsoft.NET.Sdk.DefaultItems.targets (37,5)
       /usr/lib/dotnet/sdk/10.0.104/Sdks/Microsoft.NET.Sdk/targets/Microsoft.NET.Sdk.DefaultItems.targets(40,5): message : Property reassignment: $(DefaultItemExcludes)=";bin\Debug//**;obj\Debug//**;bin\/**;obj\/**;**/*.user" (previous value: ";bin\Debug//**;obj\Debug//**;bin\/**;obj\/**") at /usr/lib/dotnet/sdk/10.0.104/Sdks/Microsoft.NET.Sdk/targets/Microsoft.NET.Sdk.DefaultItems.targets (40,5)
       /usr/lib/dotnet/sdk/10.0.104/Sdks/Microsoft.NET.Sdk/targets/Microsoft.NET.Sdk.DefaultItems.targets(41,5): message : Property reassignment: $(DefaultItemExcludes)=";bin\Debug//**;obj\Debug//**;bin\/**;obj\/**;**/*.user;**/*.*proj" (previous value: ";bin\Debug//**;obj\Debug//**;bin\/**;obj\/**;**/*.user") at /usr/lib/dotnet/sdk/10.0.104/Sdks/Microsoft.NET.Sdk/targets/Microsoft.NET.Sdk.DefaultItems.targets (41,5)
       /usr/lib/dotnet/sdk/10.0.104/Sdks/Microsoft.NET.Sdk/targets/Microsoft.NET.Sdk.DefaultItems.targets(42,5): message : Property reassignment: $(DefaultItemExcludes)=";bin\Debug//**;obj\Debug//**;bin\/**;obj\/**;**/*.user;**/*.*proj;**/*.sln" (previous value: ";bin\Debug//**;obj\Debug//**;bin\/**;obj\/**;**/*.user;**/*.*proj") at /usr/lib/dotnet/sdk/10.0.104/Sdks/Microsoft.NET.Sdk/targets/Microsoft.NET.Sdk.DefaultItems.targets (42,5)
       /usr/lib/dotnet/sdk/10.0.104/Sdks/Microsoft.NET.Sdk/targets/Microsoft.NET.Sdk.DefaultItems.targets(43,5): message : Property reassignment: $(DefaultItemExcludes)=";bin\Debug//**;obj\Debug//**;bin\/**;obj\/**;**/*.user;**/*.*proj;**/*.sln;**/*.slnx" (previous value: ";bin\Debug//**;obj\Debug//**;bin\/**;obj\/**;**/*.user;**/*.*proj;**/*.sln") at /usr/lib/dotnet/sdk/10.0.104/Sdks/Microsoft.NET.Sdk/targets/Microsoft.NET.Sdk.DefaultItems.targets (43,5)
       /usr/lib/dotnet/sdk/10.0.104/Sdks/Microsoft.NET.Sdk/targets/Microsoft.NET.Sdk.DefaultItems.targets(44,5): message : Property reassignment: $(DefaultItemExcludes)=";bin\Debug//**;obj\Debug//**;bin\/**;obj\/**;**/*.user;**/*.*proj;**/*.sln;**/*.slnx;**/*.vssscc" (previous value: ";bin\Debug//**;obj\Debug//**;bin\/**;obj\/**;**/*.user;**/*.*proj;**/*.sln;**/*.slnx") at /usr/lib/dotnet/sdk/10.0.104/Sdks/Microsoft.NET.Sdk/targets/Microsoft.NET.Sdk.DefaultItems.targets (44,5)
       /usr/lib/dotnet/sdk/10.0.104/Sdks/Microsoft.NET.Sdk/targets/Microsoft.NET.Sdk.DefaultItems.targets(45,5): message : Property reassignment: $(DefaultItemExcludes)=";bin\Debug//**;obj\Debug//**;bin\/**;obj\/**;**/*.user;**/*.*proj;**/*.sln;**/*.slnx;**/*.vssscc;**/.DS_Store" (previous value: ";bin\Debug//**;obj\Debug//**;bin\/**;obj\/**;**/*.user;**/*.*proj;**/*.sln;**/*.slnx;**/*.vssscc") at /usr/lib/dotnet/sdk/10.0.104/Sdks/Microsoft.NET.Sdk/targets/Microsoft.NET.Sdk.DefaultItems.targets (45,5)
       /usr/lib/dotnet/sdk/10.0.104/Sdks/Microsoft.NET.Sdk/targets/Microsoft.NET.Sdk.FrameworkReferenceResolution.targets(14,5): message : Property reassignment: $(ResolveAssemblyReferencesDependsOn)="
       /usr/lib/dotnet/sdk/10.0.104/Sdks/Microsoft.NET.Sdk/targets/Microsoft.NET.Sdk.FrameworkReferenceResolution.targets(14,5): message :       
       /usr/lib/dotnet/sdk/10.0.104/Sdks/Microsoft.NET.Sdk/targets/Microsoft.NET.Sdk.FrameworkReferenceResolution.targets(14,5): message :       
       /usr/lib/dotnet/sdk/10.0.104/Sdks/Microsoft.NET.Sdk/targets/Microsoft.NET.Sdk.FrameworkReferenceResolution.targets(14,5): message :       ResolveProjectReferences;
       /usr/lib/dotnet/sdk/10.0.104/Sdks/Microsoft.NET.Sdk/targets/Microsoft.NET.Sdk.FrameworkReferenceResolution.targets(14,5): message :       FindInvalidProjectReferences;
       /usr/lib/dotnet/sdk/10.0.104/Sdks/Microsoft.NET.Sdk/targets/Microsoft.NET.Sdk.FrameworkReferenceResolution.targets(14,5): message :       GetFrameworkPaths;
       /usr/lib/dotnet/sdk/10.0.104/Sdks/Microsoft.NET.Sdk/targets/Microsoft.NET.Sdk.FrameworkReferenceResolution.targets(14,5): message :       GetReferenceAssemblyPaths;
       /usr/lib/dotnet/sdk/10.0.104/Sdks/Microsoft.NET.Sdk/targets/Microsoft.NET.Sdk.FrameworkReferenceResolution.targets(14,5): message :       PrepareForBuild;
       /usr/lib/dotnet/sdk/10.0.104/Sdks/Microsoft.NET.Sdk/targets/Microsoft.NET.Sdk.FrameworkReferenceResolution.targets(14,5): message :       ResolveSDKReferences;
       /usr/lib/dotnet/sdk/10.0.104/Sdks/Microsoft.NET.Sdk/targets/Microsoft.NET.Sdk.FrameworkReferenceResolution.targets(14,5): message :       ExpandSDKReferences;
       /usr/lib/dotnet/sdk/10.0.104/Sdks/Microsoft.NET.Sdk/targets/Microsoft.NET.Sdk.FrameworkReferenceResolution.targets(14,5): message :     ;
       /usr/lib/dotnet/sdk/10.0.104/Sdks/Microsoft.NET.Sdk/targets/Microsoft.NET.Sdk.FrameworkReferenceResolution.targets(14,5): message :       ResolvePackageDependenciesForBuild;
       /usr/lib/dotnet/sdk/10.0.104/Sdks/Microsoft.NET.Sdk/targets/Microsoft.NET.Sdk.FrameworkReferenceResolution.targets(14,5): message :       _HandlePackageFileConflicts;
       /usr/lib/dotnet/sdk/10.0.104/Sdks/Microsoft.NET.Sdk/targets/Microsoft.NET.Sdk.FrameworkReferenceResolution.targets(14,5): message :     ;
       /usr/lib/dotnet/sdk/10.0.104/Sdks/Microsoft.NET.Sdk/targets/Microsoft.NET.Sdk.FrameworkReferenceResolution.targets(14,5): message :       ResolveTargetingPackAssets;
       /usr/lib/dotnet/sdk/10.0.104/Sdks/Microsoft.NET.Sdk/targets/Microsoft.NET.Sdk.FrameworkReferenceResolution.targets(14,5): message :     " (previous value: "
       /usr/lib/dotnet/sdk/10.0.104/Sdks/Microsoft.NET.Sdk/targets/Microsoft.NET.Sdk.FrameworkReferenceResolution.targets(14,5): message :       
       /usr/lib/dotnet/sdk/10.0.104/Sdks/Microsoft.NET.Sdk/targets/Microsoft.NET.Sdk.FrameworkReferenceResolution.targets(14,5): message :       ResolveProjectReferences;
       /usr/lib/dotnet/sdk/10.0.104/Sdks/Microsoft.NET.Sdk/targets/Microsoft.NET.Sdk.FrameworkReferenceResolution.targets(14,5): message :       FindInvalidProjectReferences;
       /usr/lib/dotnet/sdk/10.0.104/Sdks/Microsoft.NET.Sdk/targets/Microsoft.NET.Sdk.FrameworkReferenceResolution.targets(14,5): message :       GetFrameworkPaths;
       /usr/lib/dotnet/sdk/10.0.104/Sdks/Microsoft.NET.Sdk/targets/Microsoft.NET.Sdk.FrameworkReferenceResolution.targets(14,5): message :       GetReferenceAssemblyPaths;
       /usr/lib/dotnet/sdk/10.0.104/Sdks/Microsoft.NET.Sdk/targets/Microsoft.NET.Sdk.FrameworkReferenceResolution.targets(14,5): message :       PrepareForBuild;
       /usr/lib/dotnet/sdk/10.0.104/Sdks/Microsoft.NET.Sdk/targets/Microsoft.NET.Sdk.FrameworkReferenceResolution.targets(14,5): message :       ResolveSDKReferences;
       /usr/lib/dotnet/sdk/10.0.104/Sdks/Microsoft.NET.Sdk/targets/Microsoft.NET.Sdk.FrameworkReferenceResolution.targets(14,5): message :       ExpandSDKReferences;
       /usr/lib/dotnet/sdk/10.0.104/Sdks/Microsoft.NET.Sdk/targets/Microsoft.NET.Sdk.FrameworkReferenceResolution.targets(14,5): message :     ;
       /usr/lib/dotnet/sdk/10.0.104/Sdks/Microsoft.NET.Sdk/targets/Microsoft.NET.Sdk.FrameworkReferenceResolution.targets(14,5): message :       ResolvePackageDependenciesForBuild;
       /usr/lib/dotnet/sdk/10.0.104/Sdks/Microsoft.NET.Sdk/targets/Microsoft.NET.Sdk.FrameworkReferenceResolution.targets(14,5): message :       _HandlePackageFileConflicts;
       /usr/lib/dotnet/sdk/10.0.104/Sdks/Microsoft.NET.Sdk/targets/Microsoft.NET.Sdk.FrameworkReferenceResolution.targets(14,5): message :     ") at /usr/lib/dotnet/sdk/10.0.104/Sdks/Microsoft.NET.Sdk/targets/Microsoft.NET.Sdk.FrameworkReferenceResolution.targets (14,5)
       /usr/lib/dotnet/sdk/10.0.104/Sdks/Microsoft.NET.Sdk/targets/Microsoft.NET.Sdk.targets(44,5): message : Property reassignment: $(_GenerateRuntimeConfigurationPropertyInputsCache)="/home/tsgomes/mcad/services/cadastro-api/2-Application/Cadastro.Application/obj/Debug/net8.0/Cadastro.Application.genruntimeconfig.cache" (previous value: "obj\Debug/net8.0/Cadastro.Application.genruntimeconfig.cache") at /usr/lib/dotnet/sdk/10.0.104/Sdks/Microsoft.NET.Sdk/targets/Microsoft.NET.Sdk.targets (44,5)
       /usr/lib/dotnet/sdk/10.0.104/Sdks/Microsoft.NET.Sdk/targets/Microsoft.NET.Sdk.targets(46,5): message : Property reassignment: $(_GeneratePublishDependencyFilePropertyInputsCache)="/home/tsgomes/mcad/services/cadastro-api/2-Application/Cadastro.Application/obj/Debug/net8.0/Cadastro.Application.genpublishdeps.cache" (previous value: "obj\Debug/net8.0/Cadastro.Application.genpublishdeps.cache") at /usr/lib/dotnet/sdk/10.0.104/Sdks/Microsoft.NET.Sdk/targets/Microsoft.NET.Sdk.targets (46,5)
       /usr/lib/dotnet/sdk/10.0.104/Sdks/Microsoft.NET.Sdk/targets/Microsoft.NET.Sdk.targets(48,5): message : Property reassignment: $(_GenerateSingleFileBundlePropertyInputsCache)="/home/tsgomes/mcad/services/cadastro-api/2-Application/Cadastro.Application/obj/Debug/net8.0/Cadastro.Application.genbundle.cache" (previous value: "obj\Debug/net8.0/Cadastro.Application.genbundle.cache") at /usr/lib/dotnet/sdk/10.0.104/Sdks/Microsoft.NET.Sdk/targets/Microsoft.NET.Sdk.targets (48,5)
       /usr/lib/dotnet/sdk/10.0.104/Sdks/Microsoft.NET.Sdk/targets/Microsoft.NET.Sdk.targets(81,5): message : Property reassignment: $(GenerateRuntimeConfigDevFile)="false" (previous value: "true") at /usr/lib/dotnet/sdk/10.0.104/Sdks/Microsoft.NET.Sdk/targets/Microsoft.NET.Sdk.targets (81,5)
       /usr/lib/dotnet/sdk/10.0.104/Sdks/Microsoft.NET.Sdk/targets/Microsoft.NET.Sdk.targets(97,5): message : Property 'HOME' with value '/home/tsgomes' expanded from the environment.
       /usr/lib/dotnet/sdk/10.0.104/Sdks/Microsoft.NET.Sdk/targets/Microsoft.NET.Sdk.targets(99,5): message : Property reassignment: $(_DefaultUserProfileRuntimeStorePath)="/home/tsgomes/.dotnet/store" (previous value: "/home/tsgomes") at /usr/lib/dotnet/sdk/10.0.104/Sdks/Microsoft.NET.Sdk/targets/Microsoft.NET.Sdk.targets (99,5)
       /usr/lib/dotnet/sdk/10.0.104/Sdks/Microsoft.NET.Sdk/targets/Microsoft.NET.Sdk.targets(144,5): message : Property reassignment: $(AvailablePlatforms)="Any CPU,x86,x64,ARM32" (previous value: "Any CPU,x86,x64") at /usr/lib/dotnet/sdk/10.0.104/Sdks/Microsoft.NET.Sdk/targets/Microsoft.NET.Sdk.targets (144,5)
       /usr/lib/dotnet/sdk/10.0.104/Sdks/Microsoft.NET.Sdk/targets/Microsoft.NET.Sdk.targets(148,5): message : Property reassignment: $(AvailablePlatforms)="Any CPU,x86,x64,ARM32,ARM64" (previous value: "Any CPU,x86,x64,ARM32") at /usr/lib/dotnet/sdk/10.0.104/Sdks/Microsoft.NET.Sdk/targets/Microsoft.NET.Sdk.targets (148,5)
       /usr/lib/dotnet/sdk/10.0.104/Sdks/Microsoft.NET.Sdk/targets/Microsoft.NET.Sdk.targets(204,5): message : Property reassignment: $(CoreBuildDependsOn)="
       /usr/lib/dotnet/sdk/10.0.104/Sdks/Microsoft.NET.Sdk/targets/Microsoft.NET.Sdk.targets(204,5): message :       _CheckForBuildWithNoBuild;
       /usr/lib/dotnet/sdk/10.0.104/Sdks/Microsoft.NET.Sdk/targets/Microsoft.NET.Sdk.targets(204,5): message :       
       /usr/lib/dotnet/sdk/10.0.104/Sdks/Microsoft.NET.Sdk/targets/Microsoft.NET.Sdk.targets(204,5): message :       BuildOnlySettings;
       /usr/lib/dotnet/sdk/10.0.104/Sdks/Microsoft.NET.Sdk/targets/Microsoft.NET.Sdk.targets(204,5): message :       PrepareForBuild;
       /usr/lib/dotnet/sdk/10.0.104/Sdks/Microsoft.NET.Sdk/targets/Microsoft.NET.Sdk.targets(204,5): message :       PreBuildEvent;
       /usr/lib/dotnet/sdk/10.0.104/Sdks/Microsoft.NET.Sdk/targets/Microsoft.NET.Sdk.targets(204,5): message :       ResolveReferences;
       /usr/lib/dotnet/sdk/10.0.104/Sdks/Microsoft.NET.Sdk/targets/Microsoft.NET.Sdk.targets(204,5): message :       PrepareResources;
       /usr/lib/dotnet/sdk/10.0.104/Sdks/Microsoft.NET.Sdk/targets/Microsoft.NET.Sdk.targets(204,5): message :       ResolveKeySource;
       /usr/lib/dotnet/sdk/10.0.104/Sdks/Microsoft.NET.Sdk/targets/Microsoft.NET.Sdk.targets(204,5): message :       Compile;
       /usr/lib/dotnet/sdk/10.0.104/Sdks/Microsoft.NET.Sdk/targets/Microsoft.NET.Sdk.targets(204,5): message :       ExportWindowsMDFile;
       /usr/lib/dotnet/sdk/10.0.104/Sdks/Microsoft.NET.Sdk/targets/Microsoft.NET.Sdk.targets(204,5): message :       UnmanagedUnregistration;
       /usr/lib/dotnet/sdk/10.0.104/Sdks/Microsoft.NET.Sdk/targets/Microsoft.NET.Sdk.targets(204,5): message :       GenerateSerializationAssemblies;
       /usr/lib/dotnet/sdk/10.0.104/Sdks/Microsoft.NET.Sdk/targets/Microsoft.NET.Sdk.targets(204,5): message :       CreateSatelliteAssemblies;
       /usr/lib/dotnet/sdk/10.0.104/Sdks/Microsoft.NET.Sdk/targets/Microsoft.NET.Sdk.targets(204,5): message :       GenerateManifests;
       /usr/lib/dotnet/sdk/10.0.104/Sdks/Microsoft.NET.Sdk/targets/Microsoft.NET.Sdk.targets(204,5): message :       GetTargetPath;
       /usr/lib/dotnet/sdk/10.0.104/Sdks/Microsoft.NET.Sdk/targets/Microsoft.NET.Sdk.targets(204,5): message :       PrepareForRun;
       /usr/lib/dotnet/sdk/10.0.104/Sdks/Microsoft.NET.Sdk/targets/Microsoft.NET.Sdk.targets(204,5): message :       UnmanagedRegistration;
       /usr/lib/dotnet/sdk/10.0.104/Sdks/Microsoft.NET.Sdk/targets/Microsoft.NET.Sdk.targets(204,5): message :       IncrementalClean;
       /usr/lib/dotnet/sdk/10.0.104/Sdks/Microsoft.NET.Sdk/targets/Microsoft.NET.Sdk.targets(204,5): message :       PostBuildEvent
       /usr/lib/dotnet/sdk/10.0.104/Sdks/Microsoft.NET.Sdk/targets/Microsoft.NET.Sdk.targets(204,5): message :     ;
       /usr/lib/dotnet/sdk/10.0.104/Sdks/Microsoft.NET.Sdk/targets/Microsoft.NET.Sdk.targets(204,5): message :       GenerateBuildDependencyFile;
       /usr/lib/dotnet/sdk/10.0.104/Sdks/Microsoft.NET.Sdk/targets/Microsoft.NET.Sdk.targets(204,5): message :       GenerateBuildRuntimeConfigurationFiles
       /usr/lib/dotnet/sdk/10.0.104/Sdks/Microsoft.NET.Sdk/targets/Microsoft.NET.Sdk.targets(204,5): message :     " (previous value: "
       /usr/lib/dotnet/sdk/10.0.104/Sdks/Microsoft.NET.Sdk/targets/Microsoft.NET.Sdk.targets(204,5): message :       BuildOnlySettings;
       /usr/lib/dotnet/sdk/10.0.104/Sdks/Microsoft.NET.Sdk/targets/Microsoft.NET.Sdk.targets(204,5): message :       PrepareForBuild;
       /usr/lib/dotnet/sdk/10.0.104/Sdks/Microsoft.NET.Sdk/targets/Microsoft.NET.Sdk.targets(204,5): message :       PreBuildEvent;
       /usr/lib/dotnet/sdk/10.0.104/Sdks/Microsoft.NET.Sdk/targets/Microsoft.NET.Sdk.targets(204,5): message :       ResolveReferences;
       /usr/lib/dotnet/sdk/10.0.104/Sdks/Microsoft.NET.Sdk/targets/Microsoft.NET.Sdk.targets(204,5): message :       PrepareResources;
       /usr/lib/dotnet/sdk/10.0.104/Sdks/Microsoft.NET.Sdk/targets/Microsoft.NET.Sdk.targets(204,5): message :       ResolveKeySource;
       /usr/lib/dotnet/sdk/10.0.104/Sdks/Microsoft.NET.Sdk/targets/Microsoft.NET.Sdk.targets(204,5): message :       Compile;
       /usr/lib/dotnet/sdk/10.0.104/Sdks/Microsoft.NET.Sdk/targets/Microsoft.NET.Sdk.targets(204,5): message :       ExportWindowsMDFile;
       /usr/lib/dotnet/sdk/10.0.104/Sdks/Microsoft.NET.Sdk/targets/Microsoft.NET.Sdk.targets(204,5): message :       UnmanagedUnregistration;
       /usr/lib/dotnet/sdk/10.0.104/Sdks/Microsoft.NET.Sdk/targets/Microsoft.NET.Sdk.targets(204,5): message :       GenerateSerializationAssemblies;
       /usr/lib/dotnet/sdk/10.0.104/Sdks/Microsoft.NET.Sdk/targets/Microsoft.NET.Sdk.targets(204,5): message :       CreateSatelliteAssemblies;
       /usr/lib/dotnet/sdk/10.0.104/Sdks/Microsoft.NET.Sdk/targets/Microsoft.NET.Sdk.targets(204,5): message :       GenerateManifests;
       /usr/lib/dotnet/sdk/10.0.104/Sdks/Microsoft.NET.Sdk/targets/Microsoft.NET.Sdk.targets(204,5): message :       GetTargetPath;
       /usr/lib/dotnet/sdk/10.0.104/Sdks/Microsoft.NET.Sdk/targets/Microsoft.NET.Sdk.targets(204,5): message :       PrepareForRun;
       /usr/lib/dotnet/sdk/10.0.104/Sdks/Microsoft.NET.Sdk/targets/Microsoft.NET.Sdk.targets(204,5): message :       UnmanagedRegistration;
       /usr/lib/dotnet/sdk/10.0.104/Sdks/Microsoft.NET.Sdk/targets/Microsoft.NET.Sdk.targets(204,5): message :       IncrementalClean;
       /usr/lib/dotnet/sdk/10.0.104/Sdks/Microsoft.NET.Sdk/targets/Microsoft.NET.Sdk.targets(204,5): message :       PostBuildEvent
       /usr/lib/dotnet/sdk/10.0.104/Sdks/Microsoft.NET.Sdk/targets/Microsoft.NET.Sdk.targets(204,5): message :     ") at /usr/lib/dotnet/sdk/10.0.104/Sdks/Microsoft.NET.Sdk/targets/Microsoft.NET.Sdk.targets (204,5)
       /usr/lib/dotnet/sdk/10.0.104/Sdks/Microsoft.NET.Sdk/targets/Microsoft.NET.Sdk.targets(213,5): message : Property reassignment: $(CoreCleanDependsOn)="
       /usr/lib/dotnet/sdk/10.0.104/Sdks/Microsoft.NET.Sdk/targets/Microsoft.NET.Sdk.targets(213,5): message :       _SdkBeforeClean;
       /usr/lib/dotnet/sdk/10.0.104/Sdks/Microsoft.NET.Sdk/targets/Microsoft.NET.Sdk.targets(213,5): message :       
       /usr/lib/dotnet/sdk/10.0.104/Sdks/Microsoft.NET.Sdk/targets/Microsoft.NET.Sdk.targets(213,5): message :     " (previous value: "") at /usr/lib/dotnet/sdk/10.0.104/Sdks/Microsoft.NET.Sdk/targets/Microsoft.NET.Sdk.targets (213,5)
       /usr/lib/dotnet/sdk/10.0.104/Sdks/Microsoft.NET.Sdk/targets/Microsoft.NET.Sdk.targets(220,5): message : Property reassignment: $(RebuildDependsOn)="
       /usr/lib/dotnet/sdk/10.0.104/Sdks/Microsoft.NET.Sdk/targets/Microsoft.NET.Sdk.targets(220,5): message :       _SdkBeforeRebuild;
       /usr/lib/dotnet/sdk/10.0.104/Sdks/Microsoft.NET.Sdk/targets/Microsoft.NET.Sdk.targets(220,5): message :       
       /usr/lib/dotnet/sdk/10.0.104/Sdks/Microsoft.NET.Sdk/targets/Microsoft.NET.Sdk.targets(220,5): message :       BeforeRebuild;
       /usr/lib/dotnet/sdk/10.0.104/Sdks/Microsoft.NET.Sdk/targets/Microsoft.NET.Sdk.targets(220,5): message :       Clean;
       /usr/lib/dotnet/sdk/10.0.104/Sdks/Microsoft.NET.Sdk/targets/Microsoft.NET.Sdk.targets(220,5): message :       Build;
       /usr/lib/dotnet/sdk/10.0.104/Sdks/Microsoft.NET.Sdk/targets/Microsoft.NET.Sdk.targets(220,5): message :       AfterRebuild;
       /usr/lib/dotnet/sdk/10.0.104/Sdks/Microsoft.NET.Sdk/targets/Microsoft.NET.Sdk.targets(220,5): message :     
       /usr/lib/dotnet/sdk/10.0.104/Sdks/Microsoft.NET.Sdk/targets/Microsoft.NET.Sdk.targets(220,5): message :     " (previous value: "
       /usr/lib/dotnet/sdk/10.0.104/Sdks/Microsoft.NET.Sdk/targets/Microsoft.NET.Sdk.targets(220,5): message :       BeforeRebuild;
       /usr/lib/dotnet/sdk/10.0.104/Sdks/Microsoft.NET.Sdk/targets/Microsoft.NET.Sdk.targets(220,5): message :       Clean;
       /usr/lib/dotnet/sdk/10.0.104/Sdks/Microsoft.NET.Sdk/targets/Microsoft.NET.Sdk.targets(220,5): message :       Build;
       /usr/lib/dotnet/sdk/10.0.104/Sdks/Microsoft.NET.Sdk/targets/Microsoft.NET.Sdk.targets(220,5): message :       AfterRebuild;
       /usr/lib/dotnet/sdk/10.0.104/Sdks/Microsoft.NET.Sdk/targets/Microsoft.NET.Sdk.targets(220,5): message :     ") at /usr/lib/dotnet/sdk/10.0.104/Sdks/Microsoft.NET.Sdk/targets/Microsoft.NET.Sdk.targets (220,5)
       /usr/lib/dotnet/sdk/10.0.104/Sdks/Microsoft.NET.Sdk/targets/Microsoft.NET.Sdk.targets(799,5): message : Property reassignment: $(CompileDependsOn)="
       /usr/lib/dotnet/sdk/10.0.104/Sdks/Microsoft.NET.Sdk/targets/Microsoft.NET.Sdk.targets(799,5): message :       
       /usr/lib/dotnet/sdk/10.0.104/Sdks/Microsoft.NET.Sdk/targets/Microsoft.NET.Sdk.targets(799,5): message :       ResolveReferences;
       /usr/lib/dotnet/sdk/10.0.104/Sdks/Microsoft.NET.Sdk/targets/Microsoft.NET.Sdk.targets(799,5): message :       ResolveKeySource;
       /usr/lib/dotnet/sdk/10.0.104/Sdks/Microsoft.NET.Sdk/targets/Microsoft.NET.Sdk.targets(799,5): message :       SetWin32ManifestProperties;
       /usr/lib/dotnet/sdk/10.0.104/Sdks/Microsoft.NET.Sdk/targets/Microsoft.NET.Sdk.targets(799,5): message :       _SetPreferNativeArm64Win32ManifestProperties;
       /usr/lib/dotnet/sdk/10.0.104/Sdks/Microsoft.NET.Sdk/targets/Microsoft.NET.Sdk.targets(799,5): message :       FindReferenceAssembliesForReferences;
       /usr/lib/dotnet/sdk/10.0.104/Sdks/Microsoft.NET.Sdk/targets/Microsoft.NET.Sdk.targets(799,5): message :       _GenerateCompileInputs;
       /usr/lib/dotnet/sdk/10.0.104/Sdks/Microsoft.NET.Sdk/targets/Microsoft.NET.Sdk.targets(799,5): message :       BeforeCompile;
       /usr/lib/dotnet/sdk/10.0.104/Sdks/Microsoft.NET.Sdk/targets/Microsoft.NET.Sdk.targets(799,5): message :       _TimeStampBeforeCompile;
       /usr/lib/dotnet/sdk/10.0.104/Sdks/Microsoft.NET.Sdk/targets/Microsoft.NET.Sdk.targets(799,5): message :       _GenerateCompileDependencyCache;
       /usr/lib/dotnet/sdk/10.0.104/Sdks/Microsoft.NET.Sdk/targets/Microsoft.NET.Sdk.targets(799,5): message :       CoreCompile;
       /usr/lib/dotnet/sdk/10.0.104/Sdks/Microsoft.NET.Sdk/targets/Microsoft.NET.Sdk.targets(799,5): message :       _TimeStampAfterCompile;
       /usr/lib/dotnet/sdk/10.0.104/Sdks/Microsoft.NET.Sdk/targets/Microsoft.NET.Sdk.targets(799,5): message :       AfterCompile;
       /usr/lib/dotnet/sdk/10.0.104/Sdks/Microsoft.NET.Sdk/targets/Microsoft.NET.Sdk.targets(799,5): message :     ;
       /usr/lib/dotnet/sdk/10.0.104/Sdks/Microsoft.NET.Sdk/targets/Microsoft.NET.Sdk.targets(799,5): message :       _CreateAppHost;
       /usr/lib/dotnet/sdk/10.0.104/Sdks/Microsoft.NET.Sdk/targets/Microsoft.NET.Sdk.targets(799,5): message :       _CreateComHost;
       /usr/lib/dotnet/sdk/10.0.104/Sdks/Microsoft.NET.Sdk/targets/Microsoft.NET.Sdk.targets(799,5): message :       _GetIjwHostPaths;
       /usr/lib/dotnet/sdk/10.0.104/Sdks/Microsoft.NET.Sdk/targets/Microsoft.NET.Sdk.targets(799,5): message :     " (previous value: "
       /usr/lib/dotnet/sdk/10.0.104/Sdks/Microsoft.NET.Sdk/targets/Microsoft.NET.Sdk.targets(799,5): message :       ResolveReferences;
       /usr/lib/dotnet/sdk/10.0.104/Sdks/Microsoft.NET.Sdk/targets/Microsoft.NET.Sdk.targets(799,5): message :       ResolveKeySource;
       /usr/lib/dotnet/sdk/10.0.104/Sdks/Microsoft.NET.Sdk/targets/Microsoft.NET.Sdk.targets(799,5): message :       SetWin32ManifestProperties;
       /usr/lib/dotnet/sdk/10.0.104/Sdks/Microsoft.NET.Sdk/targets/Microsoft.NET.Sdk.targets(799,5): message :       _SetPreferNativeArm64Win32ManifestProperties;
       /usr/lib/dotnet/sdk/10.0.104/Sdks/Microsoft.NET.Sdk/targets/Microsoft.NET.Sdk.targets(799,5): message :       FindReferenceAssembliesForReferences;
       /usr/lib/dotnet/sdk/10.0.104/Sdks/Microsoft.NET.Sdk/targets/Microsoft.NET.Sdk.targets(799,5): message :       _GenerateCompileInputs;
       /usr/lib/dotnet/sdk/10.0.104/Sdks/Microsoft.NET.Sdk/targets/Microsoft.NET.Sdk.targets(799,5): message :       BeforeCompile;
       /usr/lib/dotnet/sdk/10.0.104/Sdks/Microsoft.NET.Sdk/targets/Microsoft.NET.Sdk.targets(799,5): message :       _TimeStampBeforeCompile;
       /usr/lib/dotnet/sdk/10.0.104/Sdks/Microsoft.NET.Sdk/targets/Microsoft.NET.Sdk.targets(799,5): message :       _GenerateCompileDependencyCache;
       /usr/lib/dotnet/sdk/10.0.104/Sdks/Microsoft.NET.Sdk/targets/Microsoft.NET.Sdk.targets(799,5): message :       CoreCompile;
       /usr/lib/dotnet/sdk/10.0.104/Sdks/Microsoft.NET.Sdk/targets/Microsoft.NET.Sdk.targets(799,5): message :       _TimeStampAfterCompile;
       /usr/lib/dotnet/sdk/10.0.104/Sdks/Microsoft.NET.Sdk/targets/Microsoft.NET.Sdk.targets(799,5): message :       AfterCompile;
       /usr/lib/dotnet/sdk/10.0.104/Sdks/Microsoft.NET.Sdk/targets/Microsoft.NET.Sdk.targets(799,5): message :     ") at /usr/lib/dotnet/sdk/10.0.104/Sdks/Microsoft.NET.Sdk/targets/Microsoft.NET.Sdk.targets (799,5)
       /usr/lib/dotnet/sdk/10.0.104/Sdks/Microsoft.NET.Sdk/targets/Microsoft.NET.Sdk.targets(1131,5): message : Property reassignment: $(CreateSatelliteAssembliesDependsOn)="
       /usr/lib/dotnet/sdk/10.0.104/Sdks/Microsoft.NET.Sdk/targets/Microsoft.NET.Sdk.targets(1131,5): message :       
       /usr/lib/dotnet/sdk/10.0.104/Sdks/Microsoft.NET.Sdk/targets/Microsoft.NET.Sdk.targets(1131,5): message :       ;
       /usr/lib/dotnet/sdk/10.0.104/Sdks/Microsoft.NET.Sdk/targets/Microsoft.NET.Sdk.targets(1131,5): message :       _GenerateSatelliteAssemblyInputs;
       /usr/lib/dotnet/sdk/10.0.104/Sdks/Microsoft.NET.Sdk/targets/Microsoft.NET.Sdk.targets(1131,5): message :       ComputeIntermediateSatelliteAssemblies;
       /usr/lib/dotnet/sdk/10.0.104/Sdks/Microsoft.NET.Sdk/targets/Microsoft.NET.Sdk.targets(1131,5): message :       GenerateSatelliteAssemblies
       /usr/lib/dotnet/sdk/10.0.104/Sdks/Microsoft.NET.Sdk/targets/Microsoft.NET.Sdk.targets(1131,5): message :     ;
       /usr/lib/dotnet/sdk/10.0.104/Sdks/Microsoft.NET.Sdk/targets/Microsoft.NET.Sdk.targets(1131,5): message :       CoreGenerateSatelliteAssemblies
       /usr/lib/dotnet/sdk/10.0.104/Sdks/Microsoft.NET.Sdk/targets/Microsoft.NET.Sdk.targets(1131,5): message :     " (previous value: "
       /usr/lib/dotnet/sdk/10.0.104/Sdks/Microsoft.NET.Sdk/targets/Microsoft.NET.Sdk.targets(1131,5): message :       ;
       /usr/lib/dotnet/sdk/10.0.104/Sdks/Microsoft.NET.Sdk/targets/Microsoft.NET.Sdk.targets(1131,5): message :       _GenerateSatelliteAssemblyInputs;
       /usr/lib/dotnet/sdk/10.0.104/Sdks/Microsoft.NET.Sdk/targets/Microsoft.NET.Sdk.targets(1131,5): message :       ComputeIntermediateSatelliteAssemblies;
       /usr/lib/dotnet/sdk/10.0.104/Sdks/Microsoft.NET.Sdk/targets/Microsoft.NET.Sdk.targets(1131,5): message :       GenerateSatelliteAssemblies
       /usr/lib/dotnet/sdk/10.0.104/Sdks/Microsoft.NET.Sdk/targets/Microsoft.NET.Sdk.targets(1131,5): message :     ") at /usr/lib/dotnet/sdk/10.0.104/Sdks/Microsoft.NET.Sdk/targets/Microsoft.NET.Sdk.targets (1131,5)
       /usr/lib/dotnet/sdk/10.0.104/Sdks/Microsoft.SourceLink.GitLab/build/Microsoft.SourceLink.GitLab.targets(12,5): message : Property reassignment: $(SourceLinkUrlInitializerTargets)=";_InitializeGitHubSourceLinkUrl;_InitializeGitLabSourceLinkUrl" (previous value: ";_InitializeGitHubSourceLinkUrl") at /usr/lib/dotnet/sdk/10.0.104/Sdks/Microsoft.SourceLink.GitLab/build/Microsoft.SourceLink.GitLab.targets (12,5)
       /usr/lib/dotnet/sdk/10.0.104/Sdks/Microsoft.SourceLink.GitLab/build/Microsoft.SourceLink.GitLab.targets(13,5): message : Property reassignment: $(SourceControlManagerUrlTranslationTargets)=";TranslateGitHubUrlsInSourceControlInformation;TranslateGitLabUrlsInSourceControlInformation" (previous value: ";TranslateGitHubUrlsInSourceControlInformation") at /usr/lib/dotnet/sdk/10.0.104/Sdks/Microsoft.SourceLink.GitLab/build/Microsoft.SourceLink.GitLab.targets (13,5)
       /usr/lib/dotnet/sdk/10.0.104/Sdks/Microsoft.SourceLink.AzureRepos.Git/build/Microsoft.SourceLink.AzureRepos.Git.targets(12,5): message : Property reassignment: $(SourceLinkUrlInitializerTargets)=";_InitializeGitHubSourceLinkUrl;_InitializeGitLabSourceLinkUrl;_InitializeAzureReposGitSourceLinkUrl" (previous value: ";_InitializeGitHubSourceLinkUrl;_InitializeGitLabSourceLinkUrl") at /usr/lib/dotnet/sdk/10.0.104/Sdks/Microsoft.SourceLink.AzureRepos.Git/build/Microsoft.SourceLink.AzureRepos.Git.targets (12,5)
       /usr/lib/dotnet/sdk/10.0.104/Sdks/Microsoft.SourceLink.AzureRepos.Git/build/Microsoft.SourceLink.AzureRepos.Git.targets(13,5): message : Property reassignment: $(SourceControlManagerUrlTranslationTargets)=";TranslateGitHubUrlsInSourceControlInformation;TranslateGitLabUrlsInSourceControlInformation;TranslateAzureReposGitUrlsInSourceControlInformation" (previous value: ";TranslateGitHubUrlsInSourceControlInformation;TranslateGitLabUrlsInSourceControlInformation") at /usr/lib/dotnet/sdk/10.0.104/Sdks/Microsoft.SourceLink.AzureRepos.Git/build/Microsoft.SourceLink.AzureRepos.Git.targets (13,5)
       /usr/lib/dotnet/sdk/10.0.104/Sdks/Microsoft.SourceLink.Bitbucket.Git/build/Microsoft.SourceLink.Bitbucket.Git.targets(12,5): message : Property reassignment: $(SourceLinkUrlInitializerTargets)=";_InitializeGitHubSourceLinkUrl;_InitializeGitLabSourceLinkUrl;_InitializeAzureReposGitSourceLinkUrl;_InitializeBitbucketGitSourceLinkUrl" (previous value: ";_InitializeGitHubSourceLinkUrl;_InitializeGitLabSourceLinkUrl;_InitializeAzureReposGitSourceLinkUrl") at /usr/lib/dotnet/sdk/10.0.104/Sdks/Microsoft.SourceLink.Bitbucket.Git/build/Microsoft.SourceLink.Bitbucket.Git.targets (12,5)
       /usr/lib/dotnet/sdk/10.0.104/Sdks/Microsoft.SourceLink.Bitbucket.Git/build/Microsoft.SourceLink.Bitbucket.Git.targets(13,5): message : Property reassignment: $(SourceControlManagerUrlTranslationTargets)=";TranslateGitHubUrlsInSourceControlInformation;TranslateGitLabUrlsInSourceControlInformation;TranslateAzureReposGitUrlsInSourceControlInformation;TranslateBitbucketGitUrlsInSourceControlInformation" (previous value: ";TranslateGitHubUrlsInSourceControlInformation;TranslateGitLabUrlsInSourceControlInformation;TranslateAzureReposGitUrlsInSourceControlInformation") at /usr/lib/dotnet/sdk/10.0.104/Sdks/Microsoft.SourceLink.Bitbucket.Git/build/Microsoft.SourceLink.Bitbucket.Git.targets (13,5)
       /usr/lib/dotnet/sdk/10.0.104/Sdks/Microsoft.NET.Sdk/targets/Microsoft.NET.DesignerSupport.targets(21,5): message : Property reassignment: $(DesignerRuntimeImplementationProjectOutputGroupDependsOn)="
       /usr/lib/dotnet/sdk/10.0.104/Sdks/Microsoft.NET.Sdk/targets/Microsoft.NET.DesignerSupport.targets(21,5): message :       
       /usr/lib/dotnet/sdk/10.0.104/Sdks/Microsoft.NET.Sdk/targets/Microsoft.NET.DesignerSupport.targets(21,5): message :       ;
       /usr/lib/dotnet/sdk/10.0.104/Sdks/Microsoft.NET.Sdk/targets/Microsoft.NET.DesignerSupport.targets(21,5): message :       
       /usr/lib/dotnet/sdk/10.0.104/Sdks/Microsoft.NET.Sdk/targets/Microsoft.NET.DesignerSupport.targets(21,5): message :       ;
       /usr/lib/dotnet/sdk/10.0.104/Sdks/Microsoft.NET.Sdk/targets/Microsoft.NET.DesignerSupport.targets(21,5): message :       BuildOnlySettings;
       /usr/lib/dotnet/sdk/10.0.104/Sdks/Microsoft.NET.Sdk/targets/Microsoft.NET.DesignerSupport.targets(21,5): message :       PrepareForBuild;
       /usr/lib/dotnet/sdk/10.0.104/Sdks/Microsoft.NET.Sdk/targets/Microsoft.NET.DesignerSupport.targets(21,5): message :       AssignTargetPaths;
       /usr/lib/dotnet/sdk/10.0.104/Sdks/Microsoft.NET.Sdk/targets/Microsoft.NET.DesignerSupport.targets(21,5): message :       ResolveReferences
       /usr/lib/dotnet/sdk/10.0.104/Sdks/Microsoft.NET.Sdk/targets/Microsoft.NET.DesignerSupport.targets(21,5): message :     
       /usr/lib/dotnet/sdk/10.0.104/Sdks/Microsoft.NET.Sdk/targets/Microsoft.NET.DesignerSupport.targets(21,5): message :     ;
       /usr/lib/dotnet/sdk/10.0.104/Sdks/Microsoft.NET.Sdk/targets/Microsoft.NET.DesignerSupport.targets(21,5): message :       _GenerateDesignerDepsFile;
       /usr/lib/dotnet/sdk/10.0.104/Sdks/Microsoft.NET.Sdk/targets/Microsoft.NET.DesignerSupport.targets(21,5): message :       _GenerateDesignerRuntimeConfigFile;
       /usr/lib/dotnet/sdk/10.0.104/Sdks/Microsoft.NET.Sdk/targets/Microsoft.NET.DesignerSupport.targets(21,5): message :       GetCopyToOutputDirectoryItems;
       /usr/lib/dotnet/sdk/10.0.104/Sdks/Microsoft.NET.Sdk/targets/Microsoft.NET.DesignerSupport.targets(21,5): message :       _GatherDesignerShadowCopyFiles;
       /usr/lib/dotnet/sdk/10.0.104/Sdks/Microsoft.NET.Sdk/targets/Microsoft.NET.DesignerSupport.targets(21,5): message :     " (previous value: "
       /usr/lib/dotnet/sdk/10.0.104/Sdks/Microsoft.NET.Sdk/targets/Microsoft.NET.DesignerSupport.targets(21,5): message :       ;
       /usr/lib/dotnet/sdk/10.0.104/Sdks/Microsoft.NET.Sdk/targets/Microsoft.NET.DesignerSupport.targets(21,5): message :       
       /usr/lib/dotnet/sdk/10.0.104/Sdks/Microsoft.NET.Sdk/targets/Microsoft.NET.DesignerSupport.targets(21,5): message :       ;
       /usr/lib/dotnet/sdk/10.0.104/Sdks/Microsoft.NET.Sdk/targets/Microsoft.NET.DesignerSupport.targets(21,5): message :       BuildOnlySettings;
       /usr/lib/dotnet/sdk/10.0.104/Sdks/Microsoft.NET.Sdk/targets/Microsoft.NET.DesignerSupport.targets(21,5): message :       PrepareForBuild;
       /usr/lib/dotnet/sdk/10.0.104/Sdks/Microsoft.NET.Sdk/targets/Microsoft.NET.DesignerSupport.targets(21,5): message :       AssignTargetPaths;
       /usr/lib/dotnet/sdk/10.0.104/Sdks/Microsoft.NET.Sdk/targets/Microsoft.NET.DesignerSupport.targets(21,5): message :       ResolveReferences
       /usr/lib/dotnet/sdk/10.0.104/Sdks/Microsoft.NET.Sdk/targets/Microsoft.NET.DesignerSupport.targets(21,5): message :     
       /usr/lib/dotnet/sdk/10.0.104/Sdks/Microsoft.NET.Sdk/targets/Microsoft.NET.DesignerSupport.targets(21,5): message :     ") at /usr/lib/dotnet/sdk/10.0.104/Sdks/Microsoft.NET.Sdk/targets/Microsoft.NET.DesignerSupport.targets (21,5)
       /usr/lib/dotnet/sdk/10.0.104/Sdks/Microsoft.NET.Sdk/targets/Microsoft.NET.Sdk.CSharp.targets(31,5): message : Property reassignment: $(DefineConstants)="TRACE;DEBUG" (previous value: "TRACE") at /usr/lib/dotnet/sdk/10.0.104/Sdks/Microsoft.NET.Sdk/targets/Microsoft.NET.Sdk.CSharp.targets (31,5)
       /usr/lib/dotnet/sdk/10.0.104/Sdks/Microsoft.NET.Sdk/targets/Microsoft.NET.Sdk.CSharp.targets(45,5): message : Property reassignment: $(WarningsAsErrors)=";NU1605;SYSLIB0011" (previous value: ";NU1605") at /usr/lib/dotnet/sdk/10.0.104/Sdks/Microsoft.NET.Sdk/targets/Microsoft.NET.Sdk.CSharp.targets (45,5)
       /usr/lib/dotnet/sdk/10.0.104/NuGet.Build.Tasks.Pack.targets(34,5): message : Property reassignment: $(PackageDescription)="Package Description" (previous value: "") at /usr/lib/dotnet/sdk/10.0.104/NuGet.Build.Tasks.Pack.targets (34,5)
       /usr/lib/dotnet/sdk/10.0.104/NuGet.Build.Tasks.Pack.targets(59,5): message : Property reassignment: $(GenerateNuspecDependsOn)="Build;_LoadPackInputItems; _GetTargetFrameworksOutput; _WalkEachTargetPerFramework; _GetPackageFiles; " (previous value: "_LoadPackInputItems; _GetTargetFrameworksOutput; _WalkEachTargetPerFramework; _GetPackageFiles; ") at /usr/lib/dotnet/sdk/10.0.104/NuGet.Build.Tasks.Pack.targets (59,5)
       /usr/lib/dotnet/sdk/10.0.104/Sdks/Microsoft.NET.Sdk/Sdk/Sdk.targets(59,5): message : Property reassignment: $(_IsNotSetContainersTargetsDir)="true" (previous value: "false") at /usr/lib/dotnet/sdk/10.0.104/Sdks/Microsoft.NET.Sdk/Sdk/Sdk.targets (59,5)
       /usr/lib/dotnet/sdk/10.0.104/Containers/build/Microsoft.NET.Build.Containers.targets(5,5): message : Property reassignment: $(_IsSDKContainerAllowedVersion)="true" (previous value: "false") at /usr/lib/dotnet/sdk/10.0.104/Containers/build/Microsoft.NET.Build.Containers.targets (5,5)
       /usr/lib/dotnet/sdk/10.0.104/Containers/build/Microsoft.NET.Build.Containers.targets(15,5): message : Property reassignment: $(_ContainerIsTargetingNet8TFM)="true" (previous value: "false") at /usr/lib/dotnet/sdk/10.0.104/Containers/build/Microsoft.NET.Build.Containers.targets (15,5)
       Overriding target "ResolveFrameworkReferences" in project "/usr/lib/dotnet/sdk/10.0.104/Microsoft.Common.CurrentVersion.targets" with target "ResolveFrameworkReferences" from project "/usr/lib/dotnet/sdk/10.0.104/Sdks/Microsoft.NET.Sdk/targets/Microsoft.NET.Sdk.FrameworkReferenceResolution.targets".
       Overriding target "GenerateSupportedTargetFrameworkAlias" in project "/usr/lib/dotnet/sdk/10.0.104/Microsoft.Common.CurrentVersion.targets" with target "GenerateSupportedTargetFrameworkAlias" from project "/usr/lib/dotnet/sdk/10.0.104/Sdks/Microsoft.NET.Sdk/targets/Microsoft.NET.Sdk.targets".
       Overriding target "GetReferenceAssemblyPaths" in project "/usr/lib/dotnet/sdk/10.0.104/Microsoft.Common.CurrentVersion.targets" with target "GetReferenceAssemblyPaths" from project "/usr/lib/dotnet/sdk/10.0.104/Sdks/Microsoft.NET.Sdk/targets/Microsoft.NET.DisableStandardFrameworkResolution.targets".
       Overriding target "GetFrameworkPaths" in project "/usr/lib/dotnet/sdk/10.0.104/Microsoft.Common.CurrentVersion.targets" with target "GetFrameworkPaths" from project "/usr/lib/dotnet/sdk/10.0.104/Sdks/Microsoft.NET.Sdk/targets/Microsoft.NET.DisableStandardFrameworkResolution.targets".
       Overriding target "DesignerRuntimeImplementationProjectOutputGroup" in project "/usr/lib/dotnet/sdk/10.0.104/Microsoft.Common.CurrentVersion.targets" with target "DesignerRuntimeImplementationProjectOutputGroup" from project "/usr/lib/dotnet/sdk/10.0.104/Sdks/Microsoft.NET.Sdk/targets/Microsoft.NET.DesignerSupport.targets".
       Overriding target "Publish" in project "/usr/lib/dotnet/sdk/10.0.104/Microsoft.Common.CurrentVersion.targets" with target "Publish" from project "/usr/lib/dotnet/sdk/10.0.104/Sdks/Microsoft.NET.Sdk/targets/Microsoft.NET.Publish.targets".
       Overriding target "ResolveReadyToRunCompilers" in project "/usr/lib/dotnet/sdk/10.0.104/Sdks/Microsoft.NET.Sdk/targets/Microsoft.NET.CrossGen.targets" with target "ResolveReadyToRunCompilers" from project "/usr/lib/dotnet/sdk/10.0.104/Sdks/Microsoft.NET.Sdk/targets/Microsoft.NET.Publish.targets".
       Overriding target "GetCopyToPublishDirectoryItems" in project "/usr/lib/dotnet/sdk/10.0.104/Microsoft.Common.CurrentVersion.targets" with target "GetCopyToPublishDirectoryItems" from project "/usr/lib/dotnet/sdk/10.0.104/Sdks/Microsoft.NET.Sdk/targets/Microsoft.NET.Publish.targets".
       Overriding target "Run" in project "/usr/lib/dotnet/sdk/10.0.104/Microsoft.Common.CurrentVersion.targets" with target "Run" from project "/usr/lib/dotnet/sdk/10.0.104/Sdks/Microsoft.NET.Sdk/targets/Microsoft.NET.Sdk.targets".
     1>Project "/home/tsgomes/mcad/services/cadastro-api/2-Application/Cadastro.Application/Cadastro.Application.csproj" on node 1 (Restore target(s)).
     1>Target "_LoadRestoreGraphEntryPoints" in file "/usr/lib/dotnet/sdk/10.0.104/NuGet.targets" from project "/home/tsgomes/mcad/services/cadastro-api/2-Application/Cadastro.Application/Cadastro.Application.csproj" (target "_FilterRestoreGraphProjectInputItems" depends on it):
     1>Done building target "_LoadRestoreGraphEntryPoints" in project "Cadastro.Application.csproj".
     1>Target "_FilterRestoreGraphProjectInputItems" in file "/usr/lib/dotnet/sdk/10.0.104/NuGet.targets" from project "/home/tsgomes/mcad/services/cadastro-api/2-Application/Cadastro.Application/Cadastro.Application.csproj" (target "_GenerateRestoreGraph" depends on it):
       Using "RemoveDuplicates" task from assembly "Microsoft.Build.Tasks.Core, Version=15.1.0.0, Culture=neutral, PublicKeyToken=b03f5f7f11d50a3a".
       Task "RemoveDuplicates"
       Done executing task "RemoveDuplicates".
       Using "MSBuild" task from assembly "Microsoft.Build.Tasks.Core, Version=15.1.0.0, Culture=neutral, PublicKeyToken=b03f5f7f11d50a3a".
       Task "MSBuild"
         Global Properties:
           ExcludeRestorePackageImports=true
     0>/usr/lib/dotnet/sdk/10.0.104/Sdks/Microsoft.NET.Sdk/Sdk/Sdk.props(49,11): message : Property 'MSBuildExtensionsPath' with value '/usr/lib/dotnet/sdk/10.0.104/' expanded from the environment.
       /usr/lib/dotnet/sdk/10.0.104/Current/Microsoft.Common.props(60,5): message : Property reassignment: $(MSBuildProjectExtensionsPath)="/home/tsgomes/mcad/services/cadastro-api/2-Application/Cadastro.Application/obj/" (previous value: "obj\") at /usr/lib/dotnet/sdk/10.0.104/Current/Microsoft.Common.props (60,5)
       /usr/lib/dotnet/sdk/10.0.104/Current/Microsoft.Common.props(84,119): message : Property 'MSBuildUserExtensionsPath' with value '/home/tsgomes/.local/share/Microsoft\MSBuild' expanded from the environment.
       /usr/lib/dotnet/sdk/10.0.104/Sdks/Microsoft.NET.Sdk/targets/Microsoft.NET.Sdk.props(90,5): message : Property reassignment: $(AssemblySearchPaths)="{CandidateAssemblyFiles};{HintPathFromItem}" (previous value: "{CandidateAssemblyFiles}") at /usr/lib/dotnet/sdk/10.0.104/Sdks/Microsoft.NET.Sdk/targets/Microsoft.NET.Sdk.props (90,5)
       /usr/lib/dotnet/sdk/10.0.104/Sdks/Microsoft.NET.Sdk/targets/Microsoft.NET.Sdk.props(91,5): message : Property reassignment: $(AssemblySearchPaths)="{CandidateAssemblyFiles};{HintPathFromItem};{TargetFrameworkDirectory}" (previous value: "{CandidateAssemblyFiles};{HintPathFromItem}") at /usr/lib/dotnet/sdk/10.0.104/Sdks/Microsoft.NET.Sdk/targets/Microsoft.NET.Sdk.props (91,5)
       /usr/lib/dotnet/sdk/10.0.104/Sdks/Microsoft.NET.Sdk/targets/Microsoft.NET.Sdk.props(92,5): message : Property reassignment: $(AssemblySearchPaths)="{CandidateAssemblyFiles};{HintPathFromItem};{TargetFrameworkDirectory};{RawFileName}" (previous value: "{CandidateAssemblyFiles};{HintPathFromItem};{TargetFrameworkDirectory}") at /usr/lib/dotnet/sdk/10.0.104/Sdks/Microsoft.NET.Sdk/targets/Microsoft.NET.Sdk.props (92,5)
       /usr/lib/dotnet/sdk/10.0.104/Sdks/Microsoft.NET.Sdk/targets/Microsoft.NET.Sdk.ImportPublishProfile.targets(28,5): message : Property reassignment: $(PublishProfileImported)="false" (previous value: "true") at /usr/lib/dotnet/sdk/10.0.104/Sdks/Microsoft.NET.Sdk/targets/Microsoft.NET.Sdk.ImportPublishProfile.targets (28,5)
       /usr/lib/dotnet/sdk/10.0.104/Sdks/Microsoft.NET.Sdk/targets/Microsoft.NET.TargetFrameworkInference.targets(81,5): message : Property reassignment: $(TargetPlatformVersion)="" (previous value: "0.0") at /usr/lib/dotnet/sdk/10.0.104/Sdks/Microsoft.NET.Sdk/targets/Microsoft.NET.TargetFrameworkInference.targets (81,5)
       /usr/lib/dotnet/sdk/10.0.104/Sdks/Microsoft.NET.Sdk/targets/Microsoft.NET.DefaultOutputPaths.targets(127,5): message : Property reassignment: $(DefaultItemExcludes)=";bin\Debug//**;obj\Debug//**" (previous value: ";bin\Debug//**") at /usr/lib/dotnet/sdk/10.0.104/Sdks/Microsoft.NET.Sdk/targets/Microsoft.NET.DefaultOutputPaths.targets (127,5)
       /usr/lib/dotnet/sdk/10.0.104/Sdks/Microsoft.NET.Sdk/targets/Microsoft.NET.DefaultOutputPaths.targets(142,5): message : Property reassignment: $(OutputPath)="bin\Debug/net8.0/" (previous value: "bin\Debug/") at /usr/lib/dotnet/sdk/10.0.104/Sdks/Microsoft.NET.Sdk/targets/Microsoft.NET.DefaultOutputPaths.targets (142,5)
       /usr/lib/dotnet/sdk/10.0.104/Sdks/Microsoft.NET.Sdk/targets/Microsoft.NET.DefaultOutputPaths.targets(147,5): message : Property reassignment: $(IntermediateOutputPath)="obj\Debug/net8.0/" (previous value: "obj\Debug/") at /usr/lib/dotnet/sdk/10.0.104/Sdks/Microsoft.NET.Sdk/targets/Microsoft.NET.DefaultOutputPaths.targets (147,5)
       /usr/lib/dotnet/sdk/10.0.104/Sdks/Microsoft.NET.Sdk/targets/Microsoft.NET.Sdk.BeforeCommon.targets(371,5): message : Property reassignment: $(RoslynTargetsPath)="/usr/lib/dotnet/sdk/10.0.104/Sdks/Microsoft.NET.Sdk/targets/../../../Roslyn" (previous value: "/usr/lib/dotnet/sdk/10.0.104/Roslyn") at /usr/lib/dotnet/sdk/10.0.104/Sdks/Microsoft.NET.Sdk/targets/Microsoft.NET.Sdk.BeforeCommon.targets (371,5)
       /usr/lib/dotnet/sdk/10.0.104/Roslyn/Microsoft.Managed.Core.targets(6,5): message : Property reassignment: $(_BuildTasksDirectory)="/usr/lib/dotnet/sdk/10.0.104/Sdks/Microsoft.NET.Sdk/targets/../../../Roslyn/" (previous value: "/usr/lib/dotnet/sdk/10.0.104/Roslyn/") at /usr/lib/dotnet/sdk/10.0.104/Roslyn/Microsoft.Managed.Core.targets (6,5)
       /usr/lib/dotnet/sdk/10.0.104/Roslyn/Microsoft.CSharp.Core.targets(200,5): message : Property reassignment: $(CommandLineArgsForDesignTimeEvaluation)="-langversion:12.0 -define:TRACE" (previous value: "-langversion:12.0") at /usr/lib/dotnet/sdk/10.0.104/Roslyn/Microsoft.CSharp.Core.targets (200,5)
       /home/tsgomes/.local/share/Microsoft/MSBuild/Current/Microsoft.Common.targets/ImportBefore/SonarQube.Integration.ImportBefore.targets(12,5): message : Property reassignment: $(SonarQubeBuildDirectory)="/home/tsgomes/mcad" (previous value: "") at /home/tsgomes/.local/share/Microsoft/MSBuild/Current/Microsoft.Common.targets/ImportBefore/SonarQube.Integration.ImportBefore.targets (12,5)
       /usr/lib/dotnet/sdk/10.0.104/Microsoft.Common.CurrentVersion.targets(175,5): message : Property reassignment: $(_DebugSymbolsProduced)="true" (previous value: "false") at /usr/lib/dotnet/sdk/10.0.104/Microsoft.Common.CurrentVersion.targets (175,5)
       /usr/lib/dotnet/sdk/10.0.104/Microsoft.Common.CurrentVersion.targets(185,5): message : Property reassignment: $(_DocumentationFileProduced)="false" (previous value: "true") at /usr/lib/dotnet/sdk/10.0.104/Microsoft.Common.CurrentVersion.targets (185,5)
       /usr/lib/dotnet/sdk/10.0.104/Microsoft.Common.CurrentVersion.targets(392,5): message : Property reassignment: $(MSBuildCopyMarkerName)="Cadastro.FB0844FB" (previous value: "Cadastro.Application.csproj") at /usr/lib/dotnet/sdk/10.0.104/Microsoft.Common.CurrentVersion.targets (392,5)
       /usr/lib/dotnet/sdk/10.0.104/Microsoft.Common.CurrentVersion.targets(393,5): message : Property reassignment: $(MSBuildCopyMarkerName)="Cadastro.FB0844FB.Up2Date" (previous value: "Cadastro.FB0844FB") at /usr/lib/dotnet/sdk/10.0.104/Microsoft.Common.CurrentVersion.targets (393,5)
       /usr/lib/dotnet/sdk/10.0.104/Microsoft.Common.CurrentVersion.targets(541,5): message : Property reassignment: $(ProcessorArchitecture)="msil" (previous value: "") at /usr/lib/dotnet/sdk/10.0.104/Microsoft.Common.CurrentVersion.targets (541,5)
       /usr/lib/dotnet/sdk/10.0.104/Microsoft.Common.CurrentVersion.targets(580,5): message : Property reassignment: $(DelaySign)="" (previous value: "false") at /usr/lib/dotnet/sdk/10.0.104/Microsoft.Common.CurrentVersion.targets (580,5)
       /usr/lib/dotnet/sdk/10.0.104/Microsoft.Common.CurrentVersion.targets(2606,5): message : Property 'LocalAppData' with value '/home/tsgomes/.local/share' expanded from the environment.
       /usr/lib/dotnet/sdk/10.0.104/Microsoft.Common.CurrentVersion.targets(3934,5): message : Property reassignment: $(_SGenGenerateSerializationAssembliesConfig)="Auto" (previous value: "") at /usr/lib/dotnet/sdk/10.0.104/Microsoft.Common.CurrentVersion.targets (3934,5)
       /usr/lib/dotnet/sdk/10.0.104/Microsoft.Common.CurrentVersion.targets(3935,5): message : Property reassignment: $(_SGenGenerateSerializationAssembliesConfig)="Off" (previous value: "Auto") at /usr/lib/dotnet/sdk/10.0.104/Microsoft.Common.CurrentVersion.targets (3935,5)
       /usr/lib/dotnet/sdk/10.0.104/Microsoft.Common.CurrentVersion.targets(5146,5): message : Property reassignment: $(_TargetsThatPrepareProjectReferences)="
       /usr/lib/dotnet/sdk/10.0.104/Microsoft.Common.CurrentVersion.targets(5146,5): message :       AssignProjectConfiguration;
       /usr/lib/dotnet/sdk/10.0.104/Microsoft.Common.CurrentVersion.targets(5146,5): message :       _SplitProjectReferencesByFileExistence
       /usr/lib/dotnet/sdk/10.0.104/Microsoft.Common.CurrentVersion.targets(5146,5): message :     " (previous value: "_SplitProjectReferencesByFileExistence") at /usr/lib/dotnet/sdk/10.0.104/Microsoft.Common.CurrentVersion.targets (5146,5)
       /usr/lib/dotnet/sdk/10.0.104/Microsoft.Common.CurrentVersion.targets(6959,5): message : Property 'MSBuildExtensionsPath32' with value '/usr/lib/dotnet/sdk/10.0.104' expanded from the environment.
       The "NuGetInteractive" property is a global property, and cannot be modified.
       /usr/lib/dotnet/sdk/10.0.104/Sdks/Microsoft.NET.Sdk/targets/Microsoft.PackageDependencyResolution.targets(24,5): message : Property reassignment: $(ProjectAssetsFile)="/home/tsgomes/mcad/services/cadastro-api/2-Application/Cadastro.Application/obj/project.assets.json" (previous value: "/home/tsgomes/mcad/services/cadastro-api/2-Application/Cadastro.Application/obj//project.assets.json") at /usr/lib/dotnet/sdk/10.0.104/Sdks/Microsoft.NET.Sdk/targets/Microsoft.PackageDependencyResolution.targets (24,5)
       /usr/lib/dotnet/sdk/10.0.104/Sdks/Microsoft.NET.Sdk/targets/Microsoft.PackageDependencyResolution.targets(29,5): message : Property reassignment: $(ProjectAssetsCacheFile)="/home/tsgomes/mcad/services/cadastro-api/2-Application/Cadastro.Application/obj/Debug/net8.0/Cadastro.Application.assets.cache" (previous value: "obj\Debug/net8.0/Cadastro.Application.assets.cache") at /usr/lib/dotnet/sdk/10.0.104/Sdks/Microsoft.NET.Sdk/targets/Microsoft.PackageDependencyResolution.targets (29,5)
       /usr/lib/dotnet/sdk/10.0.104/Sdks/Microsoft.NET.Sdk/targets/Microsoft.PackageDependencyResolution.targets(80,5): message : Property reassignment: $(ResolveAssemblyReferencesDependsOn)="
       /usr/lib/dotnet/sdk/10.0.104/Sdks/Microsoft.NET.Sdk/targets/Microsoft.PackageDependencyResolution.targets(80,5): message :       
       /usr/lib/dotnet/sdk/10.0.104/Sdks/Microsoft.NET.Sdk/targets/Microsoft.PackageDependencyResolution.targets(80,5): message :       ResolveProjectReferences;
       /usr/lib/dotnet/sdk/10.0.104/Sdks/Microsoft.NET.Sdk/targets/Microsoft.PackageDependencyResolution.targets(80,5): message :       FindInvalidProjectReferences;
       /usr/lib/dotnet/sdk/10.0.104/Sdks/Microsoft.NET.Sdk/targets/Microsoft.PackageDependencyResolution.targets(80,5): message :       GetFrameworkPaths;
       /usr/lib/dotnet/sdk/10.0.104/Sdks/Microsoft.NET.Sdk/targets/Microsoft.PackageDependencyResolution.targets(80,5): message :       GetReferenceAssemblyPaths;
       /usr/lib/dotnet/sdk/10.0.104/Sdks/Microsoft.NET.Sdk/targets/Microsoft.PackageDependencyResolution.targets(80,5): message :       PrepareForBuild;
       /usr/lib/dotnet/sdk/10.0.104/Sdks/Microsoft.NET.Sdk/targets/Microsoft.PackageDependencyResolution.targets(80,5): message :       ResolveSDKReferences;
       /usr/lib/dotnet/sdk/10.0.104/Sdks/Microsoft.NET.Sdk/targets/Microsoft.PackageDependencyResolution.targets(80,5): message :       ExpandSDKReferences;
       /usr/lib/dotnet/sdk/10.0.104/Sdks/Microsoft.NET.Sdk/targets/Microsoft.PackageDependencyResolution.targets(80,5): message :     ;
       /usr/lib/dotnet/sdk/10.0.104/Sdks/Microsoft.NET.Sdk/targets/Microsoft.PackageDependencyResolution.targets(80,5): message :       ResolvePackageDependenciesForBuild;
       /usr/lib/dotnet/sdk/10.0.104/Sdks/Microsoft.NET.Sdk/targets/Microsoft.PackageDependencyResolution.targets(80,5): message :       _HandlePackageFileConflicts;
       /usr/lib/dotnet/sdk/10.0.104/Sdks/Microsoft.NET.Sdk/targets/Microsoft.PackageDependencyResolution.targets(80,5): message :     " (previous value: "
       /usr/lib/dotnet/sdk/10.0.104/Sdks/Microsoft.NET.Sdk/targets/Microsoft.PackageDependencyResolution.targets(80,5): message :       ResolveProjectReferences;
       /usr/lib/dotnet/sdk/10.0.104/Sdks/Microsoft.NET.Sdk/targets/Microsoft.PackageDependencyResolution.targets(80,5): message :       FindInvalidProjectReferences;
       /usr/lib/dotnet/sdk/10.0.104/Sdks/Microsoft.NET.Sdk/targets/Microsoft.PackageDependencyResolution.targets(80,5): message :       GetFrameworkPaths;
       /usr/lib/dotnet/sdk/10.0.104/Sdks/Microsoft.NET.Sdk/targets/Microsoft.PackageDependencyResolution.targets(80,5): message :       GetReferenceAssemblyPaths;
       /usr/lib/dotnet/sdk/10.0.104/Sdks/Microsoft.NET.Sdk/targets/Microsoft.PackageDependencyResolution.targets(80,5): message :       PrepareForBuild;
       /usr/lib/dotnet/sdk/10.0.104/Sdks/Microsoft.NET.Sdk/targets/Microsoft.PackageDependencyResolution.targets(80,5): message :       ResolveSDKReferences;
       /usr/lib/dotnet/sdk/10.0.104/Sdks/Microsoft.NET.Sdk/targets/Microsoft.PackageDependencyResolution.targets(80,5): message :       ExpandSDKReferences;
       /usr/lib/dotnet/sdk/10.0.104/Sdks/Microsoft.NET.Sdk/targets/Microsoft.PackageDependencyResolution.targets(80,5): message :     ") at /usr/lib/dotnet/sdk/10.0.104/Sdks/Microsoft.NET.Sdk/targets/Microsoft.PackageDependencyResolution.targets (80,5)
       /usr/lib/dotnet/sdk/10.0.104/Sdks/Microsoft.NET.Sdk/targets/Microsoft.PackageDependencyResolution.targets(86,5): message : Property reassignment: $(PrepareResourcesDependsOn)="
       /usr/lib/dotnet/sdk/10.0.104/Sdks/Microsoft.NET.Sdk/targets/Microsoft.PackageDependencyResolution.targets(86,5): message :       ResolvePackageDependenciesForBuild;
       /usr/lib/dotnet/sdk/10.0.104/Sdks/Microsoft.NET.Sdk/targets/Microsoft.PackageDependencyResolution.targets(86,5): message :       _HandlePackageFileConflicts;
       /usr/lib/dotnet/sdk/10.0.104/Sdks/Microsoft.NET.Sdk/targets/Microsoft.PackageDependencyResolution.targets(86,5): message :       
       /usr/lib/dotnet/sdk/10.0.104/Sdks/Microsoft.NET.Sdk/targets/Microsoft.PackageDependencyResolution.targets(86,5): message :       ;
       /usr/lib/dotnet/sdk/10.0.104/Sdks/Microsoft.NET.Sdk/targets/Microsoft.PackageDependencyResolution.targets(86,5): message :       PrepareResourceNames;
       /usr/lib/dotnet/sdk/10.0.104/Sdks/Microsoft.NET.Sdk/targets/Microsoft.PackageDependencyResolution.targets(86,5): message :       ResGen;
       /usr/lib/dotnet/sdk/10.0.104/Sdks/Microsoft.NET.Sdk/targets/Microsoft.PackageDependencyResolution.targets(86,5): message :       CompileLicxFiles
       /usr/lib/dotnet/sdk/10.0.104/Sdks/Microsoft.NET.Sdk/targets/Microsoft.PackageDependencyResolution.targets(86,5): message :     
       /usr/lib/dotnet/sdk/10.0.104/Sdks/Microsoft.NET.Sdk/targets/Microsoft.PackageDependencyResolution.targets(86,5): message :     " (previous value: "
       /usr/lib/dotnet/sdk/10.0.104/Sdks/Microsoft.NET.Sdk/targets/Microsoft.PackageDependencyResolution.targets(86,5): message :       ;
       /usr/lib/dotnet/sdk/10.0.104/Sdks/Microsoft.NET.Sdk/targets/Microsoft.PackageDependencyResolution.targets(86,5): message :       PrepareResourceNames;
       /usr/lib/dotnet/sdk/10.0.104/Sdks/Microsoft.NET.Sdk/targets/Microsoft.PackageDependencyResolution.targets(86,5): message :       ResGen;
       /usr/lib/dotnet/sdk/10.0.104/Sdks/Microsoft.NET.Sdk/targets/Microsoft.PackageDependencyResolution.targets(86,5): message :       CompileLicxFiles
       /usr/lib/dotnet/sdk/10.0.104/Sdks/Microsoft.NET.Sdk/targets/Microsoft.PackageDependencyResolution.targets(86,5): message :     ") at /usr/lib/dotnet/sdk/10.0.104/Sdks/Microsoft.NET.Sdk/targets/Microsoft.PackageDependencyResolution.targets (86,5)
       The "EnableDefaultCompileItems" property is a global property, and cannot be modified.
       The "EnableDefaultEmbeddedResourceItems" property is a global property, and cannot be modified.
       The "EnableDefaultNoneItems" property is a global property, and cannot be modified.
       /usr/lib/dotnet/sdk/10.0.104/Sdks/Microsoft.NET.Sdk/targets/Microsoft.NET.Sdk.DefaultItems.targets(35,5): message : Property reassignment: $(DefaultItemExcludes)=";bin\Debug//**;obj\Debug//**;bin\/**" (previous value: ";bin\Debug//**;obj\Debug//**") at /usr/lib/dotnet/sdk/10.0.104/Sdks/Microsoft.NET.Sdk/targets/Microsoft.NET.Sdk.DefaultItems.targets (35,5)
       /usr/lib/dotnet/sdk/10.0.104/Sdks/Microsoft.NET.Sdk/targets/Microsoft.NET.Sdk.DefaultItems.targets(37,5): message : Property reassignment: $(DefaultItemExcludes)=";bin\Debug//**;obj\Debug//**;bin\/**;obj\/**" (previous value: ";bin\Debug//**;obj\Debug//**;bin\/**") at /usr/lib/dotnet/sdk/10.0.104/Sdks/Microsoft.NET.Sdk/targets/Microsoft.NET.Sdk.DefaultItems.targets (37,5)
       /usr/lib/dotnet/sdk/10.0.104/Sdks/Microsoft.NET.Sdk/targets/Microsoft.NET.Sdk.DefaultItems.targets(40,5): message : Property reassignment: $(DefaultItemExcludes)=";bin\Debug//**;obj\Debug//**;bin\/**;obj\/**;**/*.user" (previous value: ";bin\Debug//**;obj\Debug//**;bin\/**;obj\/**") at /usr/lib/dotnet/sdk/10.0.104/Sdks/Microsoft.NET.Sdk/targets/Microsoft.NET.Sdk.DefaultItems.targets (40,5)
       /usr/lib/dotnet/sdk/10.0.104/Sdks/Microsoft.NET.Sdk/targets/Microsoft.NET.Sdk.DefaultItems.targets(41,5): message : Property reassignment: $(DefaultItemExcludes)=";bin\Debug//**;obj\Debug//**;bin\/**;obj\/**;**/*.user;**/*.*proj" (previous value: ";bin\Debug//**;obj\Debug//**;bin\/**;obj\/**;**/*.user") at /usr/lib/dotnet/sdk/10.0.104/Sdks/Microsoft.NET.Sdk/targets/Microsoft.NET.Sdk.DefaultItems.targets (41,5)
       /usr/lib/dotnet/sdk/10.0.104/Sdks/Microsoft.NET.Sdk/targets/Microsoft.NET.Sdk.DefaultItems.targets(42,5): message : Property reassignment: $(DefaultItemExcludes)=";bin\Debug//**;obj\Debug//**;bin\/**;obj\/**;**/*.user;**/*.*proj;**/*.sln" (previous value: ";bin\Debug//**;obj\Debug//**;bin\/**;obj\/**;**/*.user;**/*.*proj") at /usr/lib/dotnet/sdk/10.0.104/Sdks/Microsoft.NET.Sdk/targets/Microsoft.NET.Sdk.DefaultItems.targets (42,5)
       /usr/lib/dotnet/sdk/10.0.104/Sdks/Microsoft.NET.Sdk/targets/Microsoft.NET.Sdk.DefaultItems.targets(43,5): message : Property reassignment: $(DefaultItemExcludes)=";bin\Debug//**;obj\Debug//**;bin\/**;obj\/**;**/*.user;**/*.*proj;**/*.sln;**/*.slnx" (previous value: ";bin\Debug//**;obj\Debug//**;bin\/**;obj\/**;**/*.user;**/*.*proj;**/*.sln") at /usr/lib/dotnet/sdk/10.0.104/Sdks/Microsoft.NET.Sdk/targets/Microsoft.NET.Sdk.DefaultItems.targets (43,5)
       /usr/lib/dotnet/sdk/10.0.104/Sdks/Microsoft.NET.Sdk/targets/Microsoft.NET.Sdk.DefaultItems.targets(44,5): message : Property reassignment: $(DefaultItemExcludes)=";bin\Debug//**;obj\Debug//**;bin\/**;obj\/**;**/*.user;**/*.*proj;**/*.sln;**/*.slnx;**/*.vssscc" (previous value: ";bin\Debug//**;obj\Debug//**;bin\/**;obj\/**;**/*.user;**/*.*proj;**/*.sln;**/*.slnx") at /usr/lib/dotnet/sdk/10.0.104/Sdks/Microsoft.NET.Sdk/targets/Microsoft.NET.Sdk.DefaultItems.targets (44,5)
       /usr/lib/dotnet/sdk/10.0.104/Sdks/Microsoft.NET.Sdk/targets/Microsoft.NET.Sdk.DefaultItems.targets(45,5): message : Property reassignment: $(DefaultItemExcludes)=";bin\Debug//**;obj\Debug//**;bin\/**;obj\/**;**/*.user;**/*.*proj;**/*.sln;**/*.slnx;**/*.vssscc;**/.DS_Store" (previous value: ";bin\Debug//**;obj\Debug//**;bin\/**;obj\/**;**/*.user;**/*.*proj;**/*.sln;**/*.slnx;**/*.vssscc") at /usr/lib/dotnet/sdk/10.0.104/Sdks/Microsoft.NET.Sdk/targets/Microsoft.NET.Sdk.DefaultItems.targets (45,5)
       /usr/lib/dotnet/sdk/10.0.104/Sdks/Microsoft.NET.Sdk/targets/Microsoft.NET.Sdk.FrameworkReferenceResolution.targets(14,5): message : Property reassignment: $(ResolveAssemblyReferencesDependsOn)="
       /usr/lib/dotnet/sdk/10.0.104/Sdks/Microsoft.NET.Sdk/targets/Microsoft.NET.Sdk.FrameworkReferenceResolution.targets(14,5): message :       
       /usr/lib/dotnet/sdk/10.0.104/Sdks/Microsoft.NET.Sdk/targets/Microsoft.NET.Sdk.FrameworkReferenceResolution.targets(14,5): message :       
       /usr/lib/dotnet/sdk/10.0.104/Sdks/Microsoft.NET.Sdk/targets/Microsoft.NET.Sdk.FrameworkReferenceResolution.targets(14,5): message :       ResolveProjectReferences;
       /usr/lib/dotnet/sdk/10.0.104/Sdks/Microsoft.NET.Sdk/targets/Microsoft.NET.Sdk.FrameworkReferenceResolution.targets(14,5): message :       FindInvalidProjectReferences;
       /usr/lib/dotnet/sdk/10.0.104/Sdks/Microsoft.NET.Sdk/targets/Microsoft.NET.Sdk.FrameworkReferenceResolution.targets(14,5): message :       GetFrameworkPaths;
       /usr/lib/dotnet/sdk/10.0.104/Sdks/Microsoft.NET.Sdk/targets/Microsoft.NET.Sdk.FrameworkReferenceResolution.targets(14,5): message :       GetReferenceAssemblyPaths;
       /usr/lib/dotnet/sdk/10.0.104/Sdks/Microsoft.NET.Sdk/targets/Microsoft.NET.Sdk.FrameworkReferenceResolution.targets(14,5): message :       PrepareForBuild;
       /usr/lib/dotnet/sdk/10.0.104/Sdks/Microsoft.NET.Sdk/targets/Microsoft.NET.Sdk.FrameworkReferenceResolution.targets(14,5): message :       ResolveSDKReferences;
       /usr/lib/dotnet/sdk/10.0.104/Sdks/Microsoft.NET.Sdk/targets/Microsoft.NET.Sdk.FrameworkReferenceResolution.targets(14,5): message :       ExpandSDKReferences;
       /usr/lib/dotnet/sdk/10.0.104/Sdks/Microsoft.NET.Sdk/targets/Microsoft.NET.Sdk.FrameworkReferenceResolution.targets(14,5): message :     ;
       /usr/lib/dotnet/sdk/10.0.104/Sdks/Microsoft.NET.Sdk/targets/Microsoft.NET.Sdk.FrameworkReferenceResolution.targets(14,5): message :       ResolvePackageDependenciesForBuild;
       /usr/lib/dotnet/sdk/10.0.104/Sdks/Microsoft.NET.Sdk/targets/Microsoft.NET.Sdk.FrameworkReferenceResolution.targets(14,5): message :       _HandlePackageFileConflicts;
       /usr/lib/dotnet/sdk/10.0.104/Sdks/Microsoft.NET.Sdk/targets/Microsoft.NET.Sdk.FrameworkReferenceResolution.targets(14,5): message :     ;
       /usr/lib/dotnet/sdk/10.0.104/Sdks/Microsoft.NET.Sdk/targets/Microsoft.NET.Sdk.FrameworkReferenceResolution.targets(14,5): message :       ResolveTargetingPackAssets;
       /usr/lib/dotnet/sdk/10.0.104/Sdks/Microsoft.NET.Sdk/targets/Microsoft.NET.Sdk.FrameworkReferenceResolution.targets(14,5): message :     " (previous value: "
       /usr/lib/dotnet/sdk/10.0.104/Sdks/Microsoft.NET.Sdk/targets/Microsoft.NET.Sdk.FrameworkReferenceResolution.targets(14,5): message :       
       /usr/lib/dotnet/sdk/10.0.104/Sdks/Microsoft.NET.Sdk/targets/Microsoft.NET.Sdk.FrameworkReferenceResolution.targets(14,5): message :       ResolveProjectReferences;
       /usr/lib/dotnet/sdk/10.0.104/Sdks/Microsoft.NET.Sdk/targets/Microsoft.NET.Sdk.FrameworkReferenceResolution.targets(14,5): message :       FindInvalidProjectReferences;
       /usr/lib/dotnet/sdk/10.0.104/Sdks/Microsoft.NET.Sdk/targets/Microsoft.NET.Sdk.FrameworkReferenceResolution.targets(14,5): message :       GetFrameworkPaths;
       /usr/lib/dotnet/sdk/10.0.104/Sdks/Microsoft.NET.Sdk/targets/Microsoft.NET.Sdk.FrameworkReferenceResolution.targets(14,5): message :       GetReferenceAssemblyPaths;
       /usr/lib/dotnet/sdk/10.0.104/Sdks/Microsoft.NET.Sdk/targets/Microsoft.NET.Sdk.FrameworkReferenceResolution.targets(14,5): message :       PrepareForBuild;
       /usr/lib/dotnet/sdk/10.0.104/Sdks/Microsoft.NET.Sdk/targets/Microsoft.NET.Sdk.FrameworkReferenceResolution.targets(14,5): message :       ResolveSDKReferences;
       /usr/lib/dotnet/sdk/10.0.104/Sdks/Microsoft.NET.Sdk/targets/Microsoft.NET.Sdk.FrameworkReferenceResolution.targets(14,5): message :       ExpandSDKReferences;
       /usr/lib/dotnet/sdk/10.0.104/Sdks/Microsoft.NET.Sdk/targets/Microsoft.NET.Sdk.FrameworkReferenceResolution.targets(14,5): message :     ;
       /usr/lib/dotnet/sdk/10.0.104/Sdks/Microsoft.NET.Sdk/targets/Microsoft.NET.Sdk.FrameworkReferenceResolution.targets(14,5): message :       ResolvePackageDependenciesForBuild;
       /usr/lib/dotnet/sdk/10.0.104/Sdks/Microsoft.NET.Sdk/targets/Microsoft.NET.Sdk.FrameworkReferenceResolution.targets(14,5): message :       _HandlePackageFileConflicts;
       /usr/lib/dotnet/sdk/10.0.104/Sdks/Microsoft.NET.Sdk/targets/Microsoft.NET.Sdk.FrameworkReferenceResolution.targets(14,5): message :     ") at /usr/lib/dotnet/sdk/10.0.104/Sdks/Microsoft.NET.Sdk/targets/Microsoft.NET.Sdk.FrameworkReferenceResolution.targets (14,5)
       /usr/lib/dotnet/sdk/10.0.104/Sdks/Microsoft.NET.Sdk/targets/Microsoft.NET.Sdk.targets(44,5): message : Property reassignment: $(_GenerateRuntimeConfigurationPropertyInputsCache)="/home/tsgomes/mcad/services/cadastro-api/2-Application/Cadastro.Application/obj/Debug/net8.0/Cadastro.Application.genruntimeconfig.cache" (previous value: "obj\Debug/net8.0/Cadastro.Application.genruntimeconfig.cache") at /usr/lib/dotnet/sdk/10.0.104/Sdks/Microsoft.NET.Sdk/targets/Microsoft.NET.Sdk.targets (44,5)
       /usr/lib/dotnet/sdk/10.0.104/Sdks/Microsoft.NET.Sdk/targets/Microsoft.NET.Sdk.targets(46,5): message : Property reassignment: $(_GeneratePublishDependencyFilePropertyInputsCache)="/home/tsgomes/mcad/services/cadastro-api/2-Application/Cadastro.Application/obj/Debug/net8.0/Cadastro.Application.genpublishdeps.cache" (previous value: "obj\Debug/net8.0/Cadastro.Application.genpublishdeps.cache") at /usr/lib/dotnet/sdk/10.0.104/Sdks/Microsoft.NET.Sdk/targets/Microsoft.NET.Sdk.targets (46,5)
       /usr/lib/dotnet/sdk/10.0.104/Sdks/Microsoft.NET.Sdk/targets/Microsoft.NET.Sdk.targets(48,5): message : Property reassignment: $(_GenerateSingleFileBundlePropertyInputsCache)="/home/tsgomes/mcad/services/cadastro-api/2-Application/Cadastro.Application/obj/Debug/net8.0/Cadastro.Application.genbundle.cache" (previous value: "obj\Debug/net8.0/Cadastro.Application.genbundle.cache") at /usr/lib/dotnet/sdk/10.0.104/Sdks/Microsoft.NET.Sdk/targets/Microsoft.NET.Sdk.targets (48,5)
       /usr/lib/dotnet/sdk/10.0.104/Sdks/Microsoft.NET.Sdk/targets/Microsoft.NET.Sdk.targets(81,5): message : Property reassignment: $(GenerateRuntimeConfigDevFile)="false" (previous value: "true") at /usr/lib/dotnet/sdk/10.0.104/Sdks/Microsoft.NET.Sdk/targets/Microsoft.NET.Sdk.targets (81,5)
       /usr/lib/dotnet/sdk/10.0.104/Sdks/Microsoft.NET.Sdk/targets/Microsoft.NET.Sdk.targets(97,5): message : Property 'HOME' with value '/home/tsgomes' expanded from the environment.
       /usr/lib/dotnet/sdk/10.0.104/Sdks/Microsoft.NET.Sdk/targets/Microsoft.NET.Sdk.targets(99,5): message : Property reassignment: $(_DefaultUserProfileRuntimeStorePath)="/home/tsgomes/.dotnet/store" (previous value: "/home/tsgomes") at /usr/lib/dotnet/sdk/10.0.104/Sdks/Microsoft.NET.Sdk/targets/Microsoft.NET.Sdk.targets (99,5)
       /usr/lib/dotnet/sdk/10.0.104/Sdks/Microsoft.NET.Sdk/targets/Microsoft.NET.Sdk.targets(144,5): message : Property reassignment: $(AvailablePlatforms)="Any CPU,x86,x64,ARM32" (previous value: "Any CPU,x86,x64") at /usr/lib/dotnet/sdk/10.0.104/Sdks/Microsoft.NET.Sdk/targets/Microsoft.NET.Sdk.targets (144,5)
       /usr/lib/dotnet/sdk/10.0.104/Sdks/Microsoft.NET.Sdk/targets/Microsoft.NET.Sdk.targets(148,5): message : Property reassignment: $(AvailablePlatforms)="Any CPU,x86,x64,ARM32,ARM64" (previous value: "Any CPU,x86,x64,ARM32") at /usr/lib/dotnet/sdk/10.0.104/Sdks/Microsoft.NET.Sdk/targets/Microsoft.NET.Sdk.targets (148,5)
       /usr/lib/dotnet/sdk/10.0.104/Sdks/Microsoft.NET.Sdk/targets/Microsoft.NET.Sdk.targets(204,5): message : Property reassignment: $(CoreBuildDependsOn)="
       /usr/lib/dotnet/sdk/10.0.104/Sdks/Microsoft.NET.Sdk/targets/Microsoft.NET.Sdk.targets(204,5): message :       _CheckForBuildWithNoBuild;
       /usr/lib/dotnet/sdk/10.0.104/Sdks/Microsoft.NET.Sdk/targets/Microsoft.NET.Sdk.targets(204,5): message :       
       /usr/lib/dotnet/sdk/10.0.104/Sdks/Microsoft.NET.Sdk/targets/Microsoft.NET.Sdk.targets(204,5): message :       BuildOnlySettings;
       /usr/lib/dotnet/sdk/10.0.104/Sdks/Microsoft.NET.Sdk/targets/Microsoft.NET.Sdk.targets(204,5): message :       PrepareForBuild;
       /usr/lib/dotnet/sdk/10.0.104/Sdks/Microsoft.NET.Sdk/targets/Microsoft.NET.Sdk.targets(204,5): message :       PreBuildEvent;
       /usr/lib/dotnet/sdk/10.0.104/Sdks/Microsoft.NET.Sdk/targets/Microsoft.NET.Sdk.targets(204,5): message :       ResolveReferences;
       /usr/lib/dotnet/sdk/10.0.104/Sdks/Microsoft.NET.Sdk/targets/Microsoft.NET.Sdk.targets(204,5): message :       PrepareResources;
       /usr/lib/dotnet/sdk/10.0.104/Sdks/Microsoft.NET.Sdk/targets/Microsoft.NET.Sdk.targets(204,5): message :       ResolveKeySource;
       /usr/lib/dotnet/sdk/10.0.104/Sdks/Microsoft.NET.Sdk/targets/Microsoft.NET.Sdk.targets(204,5): message :       Compile;
       /usr/lib/dotnet/sdk/10.0.104/Sdks/Microsoft.NET.Sdk/targets/Microsoft.NET.Sdk.targets(204,5): message :       ExportWindowsMDFile;
       /usr/lib/dotnet/sdk/10.0.104/Sdks/Microsoft.NET.Sdk/targets/Microsoft.NET.Sdk.targets(204,5): message :       UnmanagedUnregistration;
       /usr/lib/dotnet/sdk/10.0.104/Sdks/Microsoft.NET.Sdk/targets/Microsoft.NET.Sdk.targets(204,5): message :       GenerateSerializationAssemblies;
       /usr/lib/dotnet/sdk/10.0.104/Sdks/Microsoft.NET.Sdk/targets/Microsoft.NET.Sdk.targets(204,5): message :       CreateSatelliteAssemblies;
       /usr/lib/dotnet/sdk/10.0.104/Sdks/Microsoft.NET.Sdk/targets/Microsoft.NET.Sdk.targets(204,5): message :       GenerateManifests;
       /usr/lib/dotnet/sdk/10.0.104/Sdks/Microsoft.NET.Sdk/targets/Microsoft.NET.Sdk.targets(204,5): message :       GetTargetPath;
       /usr/lib/dotnet/sdk/10.0.104/Sdks/Microsoft.NET.Sdk/targets/Microsoft.NET.Sdk.targets(204,5): message :       PrepareForRun;
       /usr/lib/dotnet/sdk/10.0.104/Sdks/Microsoft.NET.Sdk/targets/Microsoft.NET.Sdk.targets(204,5): message :       UnmanagedRegistration;
       /usr/lib/dotnet/sdk/10.0.104/Sdks/Microsoft.NET.Sdk/targets/Microsoft.NET.Sdk.targets(204,5): message :       IncrementalClean;
       /usr/lib/dotnet/sdk/10.0.104/Sdks/Microsoft.NET.Sdk/targets/Microsoft.NET.Sdk.targets(204,5): message :       PostBuildEvent
       /usr/lib/dotnet/sdk/10.0.104/Sdks/Microsoft.NET.Sdk/targets/Microsoft.NET.Sdk.targets(204,5): message :     ;
       /usr/lib/dotnet/sdk/10.0.104/Sdks/Microsoft.NET.Sdk/targets/Microsoft.NET.Sdk.targets(204,5): message :       GenerateBuildDependencyFile;
       /usr/lib/dotnet/sdk/10.0.104/Sdks/Microsoft.NET.Sdk/targets/Microsoft.NET.Sdk.targets(204,5): message :       GenerateBuildRuntimeConfigurationFiles
       /usr/lib/dotnet/sdk/10.0.104/Sdks/Microsoft.NET.Sdk/targets/Microsoft.NET.Sdk.targets(204,5): message :     " (previous value: "
       /usr/lib/dotnet/sdk/10.0.104/Sdks/Microsoft.NET.Sdk/targets/Microsoft.NET.Sdk.targets(204,5): message :       BuildOnlySettings;
       /usr/lib/dotnet/sdk/10.0.104/Sdks/Microsoft.NET.Sdk/targets/Microsoft.NET.Sdk.targets(204,5): message :       PrepareForBuild;
       /usr/lib/dotnet/sdk/10.0.104/Sdks/Microsoft.NET.Sdk/targets/Microsoft.NET.Sdk.targets(204,5): message :       PreBuildEvent;
       /usr/lib/dotnet/sdk/10.0.104/Sdks/Microsoft.NET.Sdk/targets/Microsoft.NET.Sdk.targets(204,5): message :       ResolveReferences;
       /usr/lib/dotnet/sdk/10.0.104/Sdks/Microsoft.NET.Sdk/targets/Microsoft.NET.Sdk.targets(204,5): message :       PrepareResources;
       /usr/lib/dotnet/sdk/10.0.104/Sdks/Microsoft.NET.Sdk/targets/Microsoft.NET.Sdk.targets(204,5): message :       ResolveKeySource;
       /usr/lib/dotnet/sdk/10.0.104/Sdks/Microsoft.NET.Sdk/targets/Microsoft.NET.Sdk.targets(204,5): message :       Compile;
       /usr/lib/dotnet/sdk/10.0.104/Sdks/Microsoft.NET.Sdk/targets/Microsoft.NET.Sdk.targets(204,5): message :       ExportWindowsMDFile;
       /usr/lib/dotnet/sdk/10.0.104/Sdks/Microsoft.NET.Sdk/targets/Microsoft.NET.Sdk.targets(204,5): message :       UnmanagedUnregistration;
       /usr/lib/dotnet/sdk/10.0.104/Sdks/Microsoft.NET.Sdk/targets/Microsoft.NET.Sdk.targets(204,5): message :       GenerateSerializationAssemblies;
       /usr/lib/dotnet/sdk/10.0.104/Sdks/Microsoft.NET.Sdk/targets/Microsoft.NET.Sdk.targets(204,5): message :       CreateSatelliteAssemblies;
       /usr/lib/dotnet/sdk/10.0.104/Sdks/Microsoft.NET.Sdk/targets/Microsoft.NET.Sdk.targets(204,5): message :       GenerateManifests;
       /usr/lib/dotnet/sdk/10.0.104/Sdks/Microsoft.NET.Sdk/targets/Microsoft.NET.Sdk.targets(204,5): message :       GetTargetPath;
       /usr/lib/dotnet/sdk/10.0.104/Sdks/Microsoft.NET.Sdk/targets/Microsoft.NET.Sdk.targets(204,5): message :       PrepareForRun;
       /usr/lib/dotnet/sdk/10.0.104/Sdks/Microsoft.NET.Sdk/targets/Microsoft.NET.Sdk.targets(204,5): message :       UnmanagedRegistration;
       /usr/lib/dotnet/sdk/10.0.104/Sdks/Microsoft.NET.Sdk/targets/Microsoft.NET.Sdk.targets(204,5): message :       IncrementalClean;
       /usr/lib/dotnet/sdk/10.0.104/Sdks/Microsoft.NET.Sdk/targets/Microsoft.NET.Sdk.targets(204,5): message :       PostBuildEvent
       /usr/lib/dotnet/sdk/10.0.104/Sdks/Microsoft.NET.Sdk/targets/Microsoft.NET.Sdk.targets(204,5): message :     ") at /usr/lib/dotnet/sdk/10.0.104/Sdks/Microsoft.NET.Sdk/targets/Microsoft.NET.Sdk.targets (204,5)
       /usr/lib/dotnet/sdk/10.0.104/Sdks/Microsoft.NET.Sdk/targets/Microsoft.NET.Sdk.targets(213,5): message : Property reassignment: $(CoreCleanDependsOn)="
       /usr/lib/dotnet/sdk/10.0.104/Sdks/Microsoft.NET.Sdk/targets/Microsoft.NET.Sdk.targets(213,5): message :       _SdkBeforeClean;
       /usr/lib/dotnet/sdk/10.0.104/Sdks/Microsoft.NET.Sdk/targets/Microsoft.NET.Sdk.targets(213,5): message :       
       /usr/lib/dotnet/sdk/10.0.104/Sdks/Microsoft.NET.Sdk/targets/Microsoft.NET.Sdk.targets(213,5): message :     " (previous value: "") at /usr/lib/dotnet/sdk/10.0.104/Sdks/Microsoft.NET.Sdk/targets/Microsoft.NET.Sdk.targets (213,5)
       /usr/lib/dotnet/sdk/10.0.104/Sdks/Microsoft.NET.Sdk/targets/Microsoft.NET.Sdk.targets(220,5): message : Property reassignment: $(RebuildDependsOn)="
       /usr/lib/dotnet/sdk/10.0.104/Sdks/Microsoft.NET.Sdk/targets/Microsoft.NET.Sdk.targets(220,5): message :       _SdkBeforeRebuild;
       /usr/lib/dotnet/sdk/10.0.104/Sdks/Microsoft.NET.Sdk/targets/Microsoft.NET.Sdk.targets(220,5): message :       
       /usr/lib/dotnet/sdk/10.0.104/Sdks/Microsoft.NET.Sdk/targets/Microsoft.NET.Sdk.targets(220,5): message :       BeforeRebuild;
       /usr/lib/dotnet/sdk/10.0.104/Sdks/Microsoft.NET.Sdk/targets/Microsoft.NET.Sdk.targets(220,5): message :       Clean;
       /usr/lib/dotnet/sdk/10.0.104/Sdks/Microsoft.NET.Sdk/targets/Microsoft.NET.Sdk.targets(220,5): message :       Build;
       /usr/lib/dotnet/sdk/10.0.104/Sdks/Microsoft.NET.Sdk/targets/Microsoft.NET.Sdk.targets(220,5): message :       AfterRebuild;
       /usr/lib/dotnet/sdk/10.0.104/Sdks/Microsoft.NET.Sdk/targets/Microsoft.NET.Sdk.targets(220,5): message :     
       /usr/lib/dotnet/sdk/10.0.104/Sdks/Microsoft.NET.Sdk/targets/Microsoft.NET.Sdk.targets(220,5): message :     " (previous value: "
       /usr/lib/dotnet/sdk/10.0.104/Sdks/Microsoft.NET.Sdk/targets/Microsoft.NET.Sdk.targets(220,5): message :       BeforeRebuild;
       /usr/lib/dotnet/sdk/10.0.104/Sdks/Microsoft.NET.Sdk/targets/Microsoft.NET.Sdk.targets(220,5): message :       Clean;
       /usr/lib/dotnet/sdk/10.0.104/Sdks/Microsoft.NET.Sdk/targets/Microsoft.NET.Sdk.targets(220,5): message :       Build;
       /usr/lib/dotnet/sdk/10.0.104/Sdks/Microsoft.NET.Sdk/targets/Microsoft.NET.Sdk.targets(220,5): message :       AfterRebuild;
       /usr/lib/dotnet/sdk/10.0.104/Sdks/Microsoft.NET.Sdk/targets/Microsoft.NET.Sdk.targets(220,5): message :     ") at /usr/lib/dotnet/sdk/10.0.104/Sdks/Microsoft.NET.Sdk/targets/Microsoft.NET.Sdk.targets (220,5)
       /usr/lib/dotnet/sdk/10.0.104/Sdks/Microsoft.NET.Sdk/targets/Microsoft.NET.Sdk.targets(799,5): message : Property reassignment: $(CompileDependsOn)="
       /usr/lib/dotnet/sdk/10.0.104/Sdks/Microsoft.NET.Sdk/targets/Microsoft.NET.Sdk.targets(799,5): message :       
       /usr/lib/dotnet/sdk/10.0.104/Sdks/Microsoft.NET.Sdk/targets/Microsoft.NET.Sdk.targets(799,5): message :       ResolveReferences;
       /usr/lib/dotnet/sdk/10.0.104/Sdks/Microsoft.NET.Sdk/targets/Microsoft.NET.Sdk.targets(799,5): message :       ResolveKeySource;
       /usr/lib/dotnet/sdk/10.0.104/Sdks/Microsoft.NET.Sdk/targets/Microsoft.NET.Sdk.targets(799,5): message :       SetWin32ManifestProperties;
       /usr/lib/dotnet/sdk/10.0.104/Sdks/Microsoft.NET.Sdk/targets/Microsoft.NET.Sdk.targets(799,5): message :       _SetPreferNativeArm64Win32ManifestProperties;
       /usr/lib/dotnet/sdk/10.0.104/Sdks/Microsoft.NET.Sdk/targets/Microsoft.NET.Sdk.targets(799,5): message :       FindReferenceAssembliesForReferences;
       /usr/lib/dotnet/sdk/10.0.104/Sdks/Microsoft.NET.Sdk/targets/Microsoft.NET.Sdk.targets(799,5): message :       _GenerateCompileInputs;
       /usr/lib/dotnet/sdk/10.0.104/Sdks/Microsoft.NET.Sdk/targets/Microsoft.NET.Sdk.targets(799,5): message :       BeforeCompile;
       /usr/lib/dotnet/sdk/10.0.104/Sdks/Microsoft.NET.Sdk/targets/Microsoft.NET.Sdk.targets(799,5): message :       _TimeStampBeforeCompile;
       /usr/lib/dotnet/sdk/10.0.104/Sdks/Microsoft.NET.Sdk/targets/Microsoft.NET.Sdk.targets(799,5): message :       _GenerateCompileDependencyCache;
       /usr/lib/dotnet/sdk/10.0.104/Sdks/Microsoft.NET.Sdk/targets/Microsoft.NET.Sdk.targets(799,5): message :       CoreCompile;
       /usr/lib/dotnet/sdk/10.0.104/Sdks/Microsoft.NET.Sdk/targets/Microsoft.NET.Sdk.targets(799,5): message :       _TimeStampAfterCompile;
       /usr/lib/dotnet/sdk/10.0.104/Sdks/Microsoft.NET.Sdk/targets/Microsoft.NET.Sdk.targets(799,5): message :       AfterCompile;
       /usr/lib/dotnet/sdk/10.0.104/Sdks/Microsoft.NET.Sdk/targets/Microsoft.NET.Sdk.targets(799,5): message :     ;
       /usr/lib/dotnet/sdk/10.0.104/Sdks/Microsoft.NET.Sdk/targets/Microsoft.NET.Sdk.targets(799,5): message :       _CreateAppHost;
       /usr/lib/dotnet/sdk/10.0.104/Sdks/Microsoft.NET.Sdk/targets/Microsoft.NET.Sdk.targets(799,5): message :       _CreateComHost;
       /usr/lib/dotnet/sdk/10.0.104/Sdks/Microsoft.NET.Sdk/targets/Microsoft.NET.Sdk.targets(799,5): message :       _GetIjwHostPaths;
       /usr/lib/dotnet/sdk/10.0.104/Sdks/Microsoft.NET.Sdk/targets/Microsoft.NET.Sdk.targets(799,5): message :     " (previous value: "
       /usr/lib/dotnet/sdk/10.0.104/Sdks/Microsoft.NET.Sdk/targets/Microsoft.NET.Sdk.targets(799,5): message :       ResolveReferences;
       /usr/lib/dotnet/sdk/10.0.104/Sdks/Microsoft.NET.Sdk/targets/Microsoft.NET.Sdk.targets(799,5): message :       ResolveKeySource;
       /usr/lib/dotnet/sdk/10.0.104/Sdks/Microsoft.NET.Sdk/targets/Microsoft.NET.Sdk.targets(799,5): message :       SetWin32ManifestProperties;
       /usr/lib/dotnet/sdk/10.0.104/Sdks/Microsoft.NET.Sdk/targets/Microsoft.NET.Sdk.targets(799,5): message :       _SetPreferNativeArm64Win32ManifestProperties;
       /usr/lib/dotnet/sdk/10.0.104/Sdks/Microsoft.NET.Sdk/targets/Microsoft.NET.Sdk.targets(799,5): message :       FindReferenceAssembliesForReferences;
       /usr/lib/dotnet/sdk/10.0.104/Sdks/Microsoft.NET.Sdk/targets/Microsoft.NET.Sdk.targets(799,5): message :       _GenerateCompileInputs;
       /usr/lib/dotnet/sdk/10.0.104/Sdks/Microsoft.NET.Sdk/targets/Microsoft.NET.Sdk.targets(799,5): message :       BeforeCompile;
       /usr/lib/dotnet/sdk/10.0.104/Sdks/Microsoft.NET.Sdk/targets/Microsoft.NET.Sdk.targets(799,5): message :       _TimeStampBeforeCompile;
       /usr/lib/dotnet/sdk/10.0.104/Sdks/Microsoft.NET.Sdk/targets/Microsoft.NET.Sdk.targets(799,5): message :       _GenerateCompileDependencyCache;
       /usr/lib/dotnet/sdk/10.0.104/Sdks/Microsoft.NET.Sdk/targets/Microsoft.NET.Sdk.targets(799,5): message :       CoreCompile;
       /usr/lib/dotnet/sdk/10.0.104/Sdks/Microsoft.NET.Sdk/targets/Microsoft.NET.Sdk.targets(799,5): message :       _TimeStampAfterCompile;
       /usr/lib/dotnet/sdk/10.0.104/Sdks/Microsoft.NET.Sdk/targets/Microsoft.NET.Sdk.targets(799,5): message :       AfterCompile;
       /usr/lib/dotnet/sdk/10.0.104/Sdks/Microsoft.NET.Sdk/targets/Microsoft.NET.Sdk.targets(799,5): message :     ") at /usr/lib/dotnet/sdk/10.0.104/Sdks/Microsoft.NET.Sdk/targets/Microsoft.NET.Sdk.targets (799,5)
       /usr/lib/dotnet/sdk/10.0.104/Sdks/Microsoft.NET.Sdk/targets/Microsoft.NET.Sdk.targets(1131,5): message : Property reassignment: $(CreateSatelliteAssembliesDependsOn)="
       /usr/lib/dotnet/sdk/10.0.104/Sdks/Microsoft.NET.Sdk/targets/Microsoft.NET.Sdk.targets(1131,5): message :       
       /usr/lib/dotnet/sdk/10.0.104/Sdks/Microsoft.NET.Sdk/targets/Microsoft.NET.Sdk.targets(1131,5): message :       ;
       /usr/lib/dotnet/sdk/10.0.104/Sdks/Microsoft.NET.Sdk/targets/Microsoft.NET.Sdk.targets(1131,5): message :       _GenerateSatelliteAssemblyInputs;
       /usr/lib/dotnet/sdk/10.0.104/Sdks/Microsoft.NET.Sdk/targets/Microsoft.NET.Sdk.targets(1131,5): message :       ComputeIntermediateSatelliteAssemblies;
       /usr/lib/dotnet/sdk/10.0.104/Sdks/Microsoft.NET.Sdk/targets/Microsoft.NET.Sdk.targets(1131,5): message :       GenerateSatelliteAssemblies
       /usr/lib/dotnet/sdk/10.0.104/Sdks/Microsoft.NET.Sdk/targets/Microsoft.NET.Sdk.targets(1131,5): message :     ;
       /usr/lib/dotnet/sdk/10.0.104/Sdks/Microsoft.NET.Sdk/targets/Microsoft.NET.Sdk.targets(1131,5): message :       CoreGenerateSatelliteAssemblies
       /usr/lib/dotnet/sdk/10.0.104/Sdks/Microsoft.NET.Sdk/targets/Microsoft.NET.Sdk.targets(1131,5): message :     " (previous value: "
       /usr/lib/dotnet/sdk/10.0.104/Sdks/Microsoft.NET.Sdk/targets/Microsoft.NET.Sdk.targets(1131,5): message :       ;
       /usr/lib/dotnet/sdk/10.0.104/Sdks/Microsoft.NET.Sdk/targets/Microsoft.NET.Sdk.targets(1131,5): message :       _GenerateSatelliteAssemblyInputs;
       /usr/lib/dotnet/sdk/10.0.104/Sdks/Microsoft.NET.Sdk/targets/Microsoft.NET.Sdk.targets(1131,5): message :       ComputeIntermediateSatelliteAssemblies;
       /usr/lib/dotnet/sdk/10.0.104/Sdks/Microsoft.NET.Sdk/targets/Microsoft.NET.Sdk.targets(1131,5): message :       GenerateSatelliteAssemblies
       /usr/lib/dotnet/sdk/10.0.104/Sdks/Microsoft.NET.Sdk/targets/Microsoft.NET.Sdk.targets(1131,5): message :     ") at /usr/lib/dotnet/sdk/10.0.104/Sdks/Microsoft.NET.Sdk/targets/Microsoft.NET.Sdk.targets (1131,5)
       /usr/lib/dotnet/sdk/10.0.104/Sdks/Microsoft.SourceLink.GitLab/build/Microsoft.SourceLink.GitLab.targets(12,5): message : Property reassignment: $(SourceLinkUrlInitializerTargets)=";_InitializeGitHubSourceLinkUrl;_InitializeGitLabSourceLinkUrl" (previous value: ";_InitializeGitHubSourceLinkUrl") at /usr/lib/dotnet/sdk/10.0.104/Sdks/Microsoft.SourceLink.GitLab/build/Microsoft.SourceLink.GitLab.targets (12,5)
       /usr/lib/dotnet/sdk/10.0.104/Sdks/Microsoft.SourceLink.GitLab/build/Microsoft.SourceLink.GitLab.targets(13,5): message : Property reassignment: $(SourceControlManagerUrlTranslationTargets)=";TranslateGitHubUrlsInSourceControlInformation;TranslateGitLabUrlsInSourceControlInformation" (previous value: ";TranslateGitHubUrlsInSourceControlInformation") at /usr/lib/dotnet/sdk/10.0.104/Sdks/Microsoft.SourceLink.GitLab/build/Microsoft.SourceLink.GitLab.targets (13,5)
       /usr/lib/dotnet/sdk/10.0.104/Sdks/Microsoft.SourceLink.AzureRepos.Git/build/Microsoft.SourceLink.AzureRepos.Git.targets(12,5): message : Property reassignment: $(SourceLinkUrlInitializerTargets)=";_InitializeGitHubSourceLinkUrl;_InitializeGitLabSourceLinkUrl;_InitializeAzureReposGitSourceLinkUrl" (previous value: ";_InitializeGitHubSourceLinkUrl;_InitializeGitLabSourceLinkUrl") at /usr/lib/dotnet/sdk/10.0.104/Sdks/Microsoft.SourceLink.AzureRepos.Git/build/Microsoft.SourceLink.AzureRepos.Git.targets (12,5)
       /usr/lib/dotnet/sdk/10.0.104/Sdks/Microsoft.SourceLink.AzureRepos.Git/build/Microsoft.SourceLink.AzureRepos.Git.targets(13,5): message : Property reassignment: $(SourceControlManagerUrlTranslationTargets)=";TranslateGitHubUrlsInSourceControlInformation;TranslateGitLabUrlsInSourceControlInformation;TranslateAzureReposGitUrlsInSourceControlInformation" (previous value: ";TranslateGitHubUrlsInSourceControlInformation;TranslateGitLabUrlsInSourceControlInformation") at /usr/lib/dotnet/sdk/10.0.104/Sdks/Microsoft.SourceLink.AzureRepos.Git/build/Microsoft.SourceLink.AzureRepos.Git.targets (13,5)
       /usr/lib/dotnet/sdk/10.0.104/Sdks/Microsoft.SourceLink.Bitbucket.Git/build/Microsoft.SourceLink.Bitbucket.Git.targets(12,5): message : Property reassignment: $(SourceLinkUrlInitializerTargets)=";_InitializeGitHubSourceLinkUrl;_InitializeGitLabSourceLinkUrl;_InitializeAzureReposGitSourceLinkUrl;_InitializeBitbucketGitSourceLinkUrl" (previous value: ";_InitializeGitHubSourceLinkUrl;_InitializeGitLabSourceLinkUrl;_InitializeAzureReposGitSourceLinkUrl") at /usr/lib/dotnet/sdk/10.0.104/Sdks/Microsoft.SourceLink.Bitbucket.Git/build/Microsoft.SourceLink.Bitbucket.Git.targets (12,5)
       /usr/lib/dotnet/sdk/10.0.104/Sdks/Microsoft.SourceLink.Bitbucket.Git/build/Microsoft.SourceLink.Bitbucket.Git.targets(13,5): message : Property reassignment: $(SourceControlManagerUrlTranslationTargets)=";TranslateGitHubUrlsInSourceControlInformation;TranslateGitLabUrlsInSourceControlInformation;TranslateAzureReposGitUrlsInSourceControlInformation;TranslateBitbucketGitUrlsInSourceControlInformation" (previous value: ";TranslateGitHubUrlsInSourceControlInformation;TranslateGitLabUrlsInSourceControlInformation;TranslateAzureReposGitUrlsInSourceControlInformation") at /usr/lib/dotnet/sdk/10.0.104/Sdks/Microsoft.SourceLink.Bitbucket.Git/build/Microsoft.SourceLink.Bitbucket.Git.targets (13,5)
       /usr/lib/dotnet/sdk/10.0.104/Sdks/Microsoft.NET.Sdk/targets/Microsoft.NET.DesignerSupport.targets(21,5): message : Property reassignment: $(DesignerRuntimeImplementationProjectOutputGroupDependsOn)="
       /usr/lib/dotnet/sdk/10.0.104/Sdks/Microsoft.NET.Sdk/targets/Microsoft.NET.DesignerSupport.targets(21,5): message :       
       /usr/lib/dotnet/sdk/10.0.104/Sdks/Microsoft.NET.Sdk/targets/Microsoft.NET.DesignerSupport.targets(21,5): message :       ;
       /usr/lib/dotnet/sdk/10.0.104/Sdks/Microsoft.NET.Sdk/targets/Microsoft.NET.DesignerSupport.targets(21,5): message :       
       /usr/lib/dotnet/sdk/10.0.104/Sdks/Microsoft.NET.Sdk/targets/Microsoft.NET.DesignerSupport.targets(21,5): message :       ;
       /usr/lib/dotnet/sdk/10.0.104/Sdks/Microsoft.NET.Sdk/targets/Microsoft.NET.DesignerSupport.targets(21,5): message :       BuildOnlySettings;
       /usr/lib/dotnet/sdk/10.0.104/Sdks/Microsoft.NET.Sdk/targets/Microsoft.NET.DesignerSupport.targets(21,5): message :       PrepareForBuild;
       /usr/lib/dotnet/sdk/10.0.104/Sdks/Microsoft.NET.Sdk/targets/Microsoft.NET.DesignerSupport.targets(21,5): message :       AssignTargetPaths;
       /usr/lib/dotnet/sdk/10.0.104/Sdks/Microsoft.NET.Sdk/targets/Microsoft.NET.DesignerSupport.targets(21,5): message :       ResolveReferences
       /usr/lib/dotnet/sdk/10.0.104/Sdks/Microsoft.NET.Sdk/targets/Microsoft.NET.DesignerSupport.targets(21,5): message :     
       /usr/lib/dotnet/sdk/10.0.104/Sdks/Microsoft.NET.Sdk/targets/Microsoft.NET.DesignerSupport.targets(21,5): message :     ;
       /usr/lib/dotnet/sdk/10.0.104/Sdks/Microsoft.NET.Sdk/targets/Microsoft.NET.DesignerSupport.targets(21,5): message :       _GenerateDesignerDepsFile;
       /usr/lib/dotnet/sdk/10.0.104/Sdks/Microsoft.NET.Sdk/targets/Microsoft.NET.DesignerSupport.targets(21,5): message :       _GenerateDesignerRuntimeConfigFile;
       /usr/lib/dotnet/sdk/10.0.104/Sdks/Microsoft.NET.Sdk/targets/Microsoft.NET.DesignerSupport.targets(21,5): message :       GetCopyToOutputDirectoryItems;
       /usr/lib/dotnet/sdk/10.0.104/Sdks/Microsoft.NET.Sdk/targets/Microsoft.NET.DesignerSupport.targets(21,5): message :       _GatherDesignerShadowCopyFiles;
       /usr/lib/dotnet/sdk/10.0.104/Sdks/Microsoft.NET.Sdk/targets/Microsoft.NET.DesignerSupport.targets(21,5): message :     " (previous value: "
       /usr/lib/dotnet/sdk/10.0.104/Sdks/Microsoft.NET.Sdk/targets/Microsoft.NET.DesignerSupport.targets(21,5): message :       ;
       /usr/lib/dotnet/sdk/10.0.104/Sdks/Microsoft.NET.Sdk/targets/Microsoft.NET.DesignerSupport.targets(21,5): message :       
       /usr/lib/dotnet/sdk/10.0.104/Sdks/Microsoft.NET.Sdk/targets/Microsoft.NET.DesignerSupport.targets(21,5): message :       ;
       /usr/lib/dotnet/sdk/10.0.104/Sdks/Microsoft.NET.Sdk/targets/Microsoft.NET.DesignerSupport.targets(21,5): message :       BuildOnlySettings;
       /usr/lib/dotnet/sdk/10.0.104/Sdks/Microsoft.NET.Sdk/targets/Microsoft.NET.DesignerSupport.targets(21,5): message :       PrepareForBuild;
       /usr/lib/dotnet/sdk/10.0.104/Sdks/Microsoft.NET.Sdk/targets/Microsoft.NET.DesignerSupport.targets(21,5): message :       AssignTargetPaths;
       /usr/lib/dotnet/sdk/10.0.104/Sdks/Microsoft.NET.Sdk/targets/Microsoft.NET.DesignerSupport.targets(21,5): message :       ResolveReferences
       /usr/lib/dotnet/sdk/10.0.104/Sdks/Microsoft.NET.Sdk/targets/Microsoft.NET.DesignerSupport.targets(21,5): message :     
       /usr/lib/dotnet/sdk/10.0.104/Sdks/Microsoft.NET.Sdk/targets/Microsoft.NET.DesignerSupport.targets(21,5): message :     ") at /usr/lib/dotnet/sdk/10.0.104/Sdks/Microsoft.NET.Sdk/targets/Microsoft.NET.DesignerSupport.targets (21,5)
       /usr/lib/dotnet/sdk/10.0.104/Sdks/Microsoft.NET.Sdk/targets/Microsoft.NET.Sdk.CSharp.targets(31,5): message : Property reassignment: $(DefineConstants)="TRACE;DEBUG" (previous value: "TRACE") at /usr/lib/dotnet/sdk/10.0.104/Sdks/Microsoft.NET.Sdk/targets/Microsoft.NET.Sdk.CSharp.targets (31,5)
       /usr/lib/dotnet/sdk/10.0.104/Sdks/Microsoft.NET.Sdk/targets/Microsoft.NET.Sdk.CSharp.targets(45,5): message : Property reassignment: $(WarningsAsErrors)=";NU1605;SYSLIB0011" (previous value: ";NU1605") at /usr/lib/dotnet/sdk/10.0.104/Sdks/Microsoft.NET.Sdk/targets/Microsoft.NET.Sdk.CSharp.targets (45,5)
       /usr/lib/dotnet/sdk/10.0.104/NuGet.Build.Tasks.Pack.targets(34,5): message : Property reassignment: $(PackageDescription)="Package Description" (previous value: "") at /usr/lib/dotnet/sdk/10.0.104/NuGet.Build.Tasks.Pack.targets (34,5)
       /usr/lib/dotnet/sdk/10.0.104/NuGet.Build.Tasks.Pack.targets(59,5): message : Property reassignment: $(GenerateNuspecDependsOn)="Build;_LoadPackInputItems; _GetTargetFrameworksOutput; _WalkEachTargetPerFramework; _GetPackageFiles; " (previous value: "_LoadPackInputItems; _GetTargetFrameworksOutput; _WalkEachTargetPerFramework; _GetPackageFiles; ") at /usr/lib/dotnet/sdk/10.0.104/NuGet.Build.Tasks.Pack.targets (59,5)
       /usr/lib/dotnet/sdk/10.0.104/Sdks/Microsoft.NET.Sdk/Sdk/Sdk.targets(59,5): message : Property reassignment: $(_IsNotSetContainersTargetsDir)="true" (previous value: "false") at /usr/lib/dotnet/sdk/10.0.104/Sdks/Microsoft.NET.Sdk/Sdk/Sdk.targets (59,5)
       /usr/lib/dotnet/sdk/10.0.104/Containers/build/Microsoft.NET.Build.Containers.targets(5,5): message : Property reassignment: $(_IsSDKContainerAllowedVersion)="true" (previous value: "false") at /usr/lib/dotnet/sdk/10.0.104/Containers/build/Microsoft.NET.Build.Containers.targets (5,5)
       /usr/lib/dotnet/sdk/10.0.104/Containers/build/Microsoft.NET.Build.Containers.targets(15,5): message : Property reassignment: $(_ContainerIsTargetingNet8TFM)="true" (previous value: "false") at /usr/lib/dotnet/sdk/10.0.104/Containers/build/Microsoft.NET.Build.Containers.targets (15,5)
       Overriding target "ResolveFrameworkReferences" in project "/usr/lib/dotnet/sdk/10.0.104/Microsoft.Common.CurrentVersion.targets" with target "ResolveFrameworkReferences" from project "/usr/lib/dotnet/sdk/10.0.104/Sdks/Microsoft.NET.Sdk/targets/Microsoft.NET.Sdk.FrameworkReferenceResolution.targets".
       Overriding target "GenerateSupportedTargetFrameworkAlias" in project "/usr/lib/dotnet/sdk/10.0.104/Microsoft.Common.CurrentVersion.targets" with target "GenerateSupportedTargetFrameworkAlias" from project "/usr/lib/dotnet/sdk/10.0.104/Sdks/Microsoft.NET.Sdk/targets/Microsoft.NET.Sdk.targets".
       Overriding target "GetReferenceAssemblyPaths" in project "/usr/lib/dotnet/sdk/10.0.104/Microsoft.Common.CurrentVersion.targets" with target "GetReferenceAssemblyPaths" from project "/usr/lib/dotnet/sdk/10.0.104/Sdks/Microsoft.NET.Sdk/targets/Microsoft.NET.DisableStandardFrameworkResolution.targets".
       Overriding target "GetFrameworkPaths" in project "/usr/lib/dotnet/sdk/10.0.104/Microsoft.Common.CurrentVersion.targets" with target "GetFrameworkPaths" from project "/usr/lib/dotnet/sdk/10.0.104/Sdks/Microsoft.NET.Sdk/targets/Microsoft.NET.DisableStandardFrameworkResolution.targets".
       Overriding target "DesignerRuntimeImplementationProjectOutputGroup" in project "/usr/lib/dotnet/sdk/10.0.104/Microsoft.Common.CurrentVersion.targets" with target "DesignerRuntimeImplementationProjectOutputGroup" from project "/usr/lib/dotnet/sdk/10.0.104/Sdks/Microsoft.NET.Sdk/targets/Microsoft.NET.DesignerSupport.targets".
       Overriding target "Publish" in project "/usr/lib/dotnet/sdk/10.0.104/Microsoft.Common.CurrentVersion.targets" with target "Publish" from project "/usr/lib/dotnet/sdk/10.0.104/Sdks/Microsoft.NET.Sdk/targets/Microsoft.NET.Publish.targets".
       Overriding target "ResolveReadyToRunCompilers" in project "/usr/lib/dotnet/sdk/10.0.104/Sdks/Microsoft.NET.Sdk/targets/Microsoft.NET.CrossGen.targets" with target "ResolveReadyToRunCompilers" from project "/usr/lib/dotnet/sdk/10.0.104/Sdks/Microsoft.NET.Sdk/targets/Microsoft.NET.Publish.targets".
       Overriding target "GetCopyToPublishDirectoryItems" in project "/usr/lib/dotnet/sdk/10.0.104/Microsoft.Common.CurrentVersion.targets" with target "GetCopyToPublishDirectoryItems" from project "/usr/lib/dotnet/sdk/10.0.104/Sdks/Microsoft.NET.Sdk/targets/Microsoft.NET.Publish.targets".
       Overriding target "Run" in project "/usr/lib/dotnet/sdk/10.0.104/Microsoft.Common.CurrentVersion.targets" with target "Run" from project "/usr/lib/dotnet/sdk/10.0.104/Sdks/Microsoft.NET.Sdk/targets/Microsoft.NET.Sdk.targets".
     1>Project "/home/tsgomes/mcad/services/cadastro-api/2-Application/Cadastro.Application/Cadastro.Application.csproj" (1) is building "/home/tsgomes/mcad/services/cadastro-api/2-Application/Cadastro.Application/Cadastro.Application.csproj" (1:2) on node 1 (_IsProjectRestoreSupported target(s)).
   1:2>Target "_IsProjectRestoreSupported" in file "/usr/lib/dotnet/sdk/10.0.104/NuGet.targets" from project "/home/tsgomes/mcad/services/cadastro-api/2-Application/Cadastro.Application/Cadastro.Application.csproj" (entry point):
   1:2>Done building target "_IsProjectRestoreSupported" in project "Cadastro.Application.csproj".
   1:2>Done Building Project "/home/tsgomes/mcad/services/cadastro-api/2-Application/Cadastro.Application/Cadastro.Application.csproj" (_IsProjectRestoreSupported target(s)).
     1>Done executing task "MSBuild".
       Assembly loaded during TaskRun: NuGet.Build.Tasks, Version=7.0.2.0, Culture=neutral, PublicKeyToken=31bf3856ad364e35 (location: /usr/lib/dotnet/sdk/10.0.104/NuGet.Build.Tasks.dll, MVID: c5cd44ca-c6e8-4665-947f-99d6979257a8, AssemblyLoadContext: MSBuild plugin /usr/lib/dotnet/sdk/10.0.104/NuGet.Build.Tasks.dll)
       Assembly loaded during TaskRun: NuGet.Common, Version=7.0.2.0, Culture=neutral, PublicKeyToken=31bf3856ad364e35 (location: /usr/lib/dotnet/sdk/10.0.104/NuGet.Common.dll, MVID: 53f879c2-a0bf-4dd4-b347-7b328618759d, AssemblyLoadContext: MSBuild plugin /usr/lib/dotnet/sdk/10.0.104/NuGet.Build.Tasks.dll)
       Assembly loaded during TaskRun: NuGet.Commands, Version=7.0.2.0, Culture=neutral, PublicKeyToken=31bf3856ad364e35 (location: /usr/lib/dotnet/sdk/10.0.104/NuGet.Commands.dll, MVID: 3ab248ff-e005-4dee-81ca-3d5f73675105, AssemblyLoadContext: MSBuild plugin /usr/lib/dotnet/sdk/10.0.104/NuGet.Build.Tasks.dll)
       Assembly loaded during TaskRun: NuGet.ProjectModel, Version=7.0.2.0, Culture=neutral, PublicKeyToken=31bf3856ad364e35 (location: /usr/lib/dotnet/sdk/10.0.104/NuGet.ProjectModel.dll, MVID: 2743c31c-dc1e-442c-82dd-18395d5f7ef3, AssemblyLoadContext: MSBuild plugin /usr/lib/dotnet/sdk/10.0.104/NuGet.Build.Tasks.dll)
       Using "WarnForInvalidProjectsTask" task from assembly "/usr/lib/dotnet/sdk/10.0.104/NuGet.Build.Tasks.dll".
       Task "WarnForInvalidProjectsTask"
       Done executing task "WarnForInvalidProjectsTask".
     1>Done building target "_FilterRestoreGraphProjectInputItems" in project "Cadastro.Application.csproj".
       Target "_FilterRestoreGraphProjectInputItems" skipped. Previously built successfully.
     1>Target "_GetAllRestoreProjectPathItems" in file "/usr/lib/dotnet/sdk/10.0.104/NuGet.targets" from project "/home/tsgomes/mcad/services/cadastro-api/2-Application/Cadastro.Application/Cadastro.Application.csproj" (target "_GenerateRestoreGraph" depends on it):
       Using "NuGetMessageTask" task from assembly "/usr/lib/dotnet/sdk/10.0.104/NuGet.Build.Tasks.dll".
       Task "NuGetMessageTask"
         Determining projects to restore...
       Done executing task "NuGetMessageTask".
       Task "MSBuild"
         Global Properties:
           ExcludeRestorePackageImports=true
     1>Project "/home/tsgomes/mcad/services/cadastro-api/2-Application/Cadastro.Application/Cadastro.Application.csproj" (1) is building "/home/tsgomes/mcad/services/cadastro-api/2-Application/Cadastro.Application/Cadastro.Application.csproj" (1:3) on node 1 (_GenerateRestoreProjectPathWalk target(s)).
   1:3>Target "_GenerateRestoreProjectPathItemsPerFramework" in file "/usr/lib/dotnet/sdk/10.0.104/NuGet.targets" from project "/home/tsgomes/mcad/services/cadastro-api/2-Application/Cadastro.Application/Cadastro.Application.csproj" (target "_GenerateRestoreProjectPathItemsCurrentProject" depends on it):
   1:3>Using "ConvertToAbsolutePath" task from assembly "Microsoft.Build.Tasks.Core, Version=15.1.0.0, Culture=neutral, PublicKeyToken=b03f5f7f11d50a3a".
       Task "ConvertToAbsolutePath"
       Done executing task "ConvertToAbsolutePath".
   1:3>Done building target "_GenerateRestoreProjectPathItemsPerFramework" in project "Cadastro.Application.csproj".
   1:3>Target "_GenerateRestoreProjectPathItemsCurrentProject" in file "/usr/lib/dotnet/sdk/10.0.104/NuGet.targets" from project "/home/tsgomes/mcad/services/cadastro-api/2-Application/Cadastro.Application/Cadastro.Application.csproj" (target "_GenerateRestoreProjectPathItems" depends on it):
   1:3>Done building target "_GenerateRestoreProjectPathItemsCurrentProject" in project "Cadastro.Application.csproj".
   1:3>Target "_GenerateRestoreProjectPathItems" in file "/usr/lib/dotnet/sdk/10.0.104/NuGet.targets" from project "/home/tsgomes/mcad/services/cadastro-api/2-Application/Cadastro.Application/Cadastro.Application.csproj" (target "_GenerateRestoreProjectPathWalk" depends on it):
       Task "RemoveDuplicates"
       Done executing task "RemoveDuplicates".
   1:3>Done building target "_GenerateRestoreProjectPathItems" in project "Cadastro.Application.csproj".
   1:3>Target "_GenerateRestoreProjectPathWalk" in file "/usr/lib/dotnet/sdk/10.0.104/NuGet.targets" from project "/home/tsgomes/mcad/services/cadastro-api/2-Application/Cadastro.Application/Cadastro.Application.csproj" (entry point):
       Task "MSBuild"
         Global Properties:
           ExcludeRestorePackageImports=true
     0>/usr/lib/dotnet/sdk/10.0.104/Sdks/Microsoft.NET.Sdk/Sdk/Sdk.props(49,11): message : Property 'MSBuildExtensionsPath' with value '/usr/lib/dotnet/sdk/10.0.104/' expanded from the environment.
       /usr/lib/dotnet/sdk/10.0.104/Current/Microsoft.Common.props(60,5): message : Property reassignment: $(MSBuildProjectExtensionsPath)="/home/tsgomes/mcad/services/cadastro-api/3-Domain/Cadastro.Domain/obj/" (previous value: "obj\") at /usr/lib/dotnet/sdk/10.0.104/Current/Microsoft.Common.props (60,5)
       /usr/lib/dotnet/sdk/10.0.104/Current/Microsoft.Common.props(84,119): message : Property 'MSBuildUserExtensionsPath' with value '/home/tsgomes/.local/share/Microsoft\MSBuild' expanded from the environment.
       /usr/lib/dotnet/sdk/10.0.104/Sdks/Microsoft.NET.Sdk/targets/Microsoft.NET.Sdk.props(90,5): message : Property reassignment: $(AssemblySearchPaths)="{CandidateAssemblyFiles};{HintPathFromItem}" (previous value: "{CandidateAssemblyFiles}") at /usr/lib/dotnet/sdk/10.0.104/Sdks/Microsoft.NET.Sdk/targets/Microsoft.NET.Sdk.props (90,5)
       /usr/lib/dotnet/sdk/10.0.104/Sdks/Microsoft.NET.Sdk/targets/Microsoft.NET.Sdk.props(91,5): message : Property reassignment: $(AssemblySearchPaths)="{CandidateAssemblyFiles};{HintPathFromItem};{TargetFrameworkDirectory}" (previous value: "{CandidateAssemblyFiles};{HintPathFromItem}") at /usr/lib/dotnet/sdk/10.0.104/Sdks/Microsoft.NET.Sdk/targets/Microsoft.NET.Sdk.props (91,5)
       /usr/lib/dotnet/sdk/10.0.104/Sdks/Microsoft.NET.Sdk/targets/Microsoft.NET.Sdk.props(92,5): message : Property reassignment: $(AssemblySearchPaths)="{CandidateAssemblyFiles};{HintPathFromItem};{TargetFrameworkDirectory};{RawFileName}" (previous value: "{CandidateAssemblyFiles};{HintPathFromItem};{TargetFrameworkDirectory}") at /usr/lib/dotnet/sdk/10.0.104/Sdks/Microsoft.NET.Sdk/targets/Microsoft.NET.Sdk.props (92,5)
       /usr/lib/dotnet/sdk/10.0.104/Sdks/Microsoft.NET.Sdk/targets/Microsoft.NET.Sdk.ImportPublishProfile.targets(28,5): message : Property reassignment: $(PublishProfileImported)="false" (previous value: "true") at /usr/lib/dotnet/sdk/10.0.104/Sdks/Microsoft.NET.Sdk/targets/Microsoft.NET.Sdk.ImportPublishProfile.targets (28,5)
       /usr/lib/dotnet/sdk/10.0.104/Sdks/Microsoft.NET.Sdk/targets/Microsoft.NET.TargetFrameworkInference.targets(81,5): message : Property reassignment: $(TargetPlatformVersion)="" (previous value: "0.0") at /usr/lib/dotnet/sdk/10.0.104/Sdks/Microsoft.NET.Sdk/targets/Microsoft.NET.TargetFrameworkInference.targets (81,5)
       /usr/lib/dotnet/sdk/10.0.104/Sdks/Microsoft.NET.Sdk/targets/Microsoft.NET.DefaultOutputPaths.targets(127,5): message : Property reassignment: $(DefaultItemExcludes)=";bin\Debug//**;obj\Debug//**" (previous value: ";bin\Debug//**") at /usr/lib/dotnet/sdk/10.0.104/Sdks/Microsoft.NET.Sdk/targets/Microsoft.NET.DefaultOutputPaths.targets (127,5)
       /usr/lib/dotnet/sdk/10.0.104/Sdks/Microsoft.NET.Sdk/targets/Microsoft.NET.DefaultOutputPaths.targets(142,5): message : Property reassignment: $(OutputPath)="bin\Debug/net8.0/" (previous value: "bin\Debug/") at /usr/lib/dotnet/sdk/10.0.104/Sdks/Microsoft.NET.Sdk/targets/Microsoft.NET.DefaultOutputPaths.targets (142,5)
       /usr/lib/dotnet/sdk/10.0.104/Sdks/Microsoft.NET.Sdk/targets/Microsoft.NET.DefaultOutputPaths.targets(147,5): message : Property reassignment: $(IntermediateOutputPath)="obj\Debug/net8.0/" (previous value: "obj\Debug/") at /usr/lib/dotnet/sdk/10.0.104/Sdks/Microsoft.NET.Sdk/targets/Microsoft.NET.DefaultOutputPaths.targets (147,5)
       /usr/lib/dotnet/sdk/10.0.104/Sdks/Microsoft.NET.Sdk/targets/Microsoft.NET.Sdk.BeforeCommon.targets(371,5): message : Property reassignment: $(RoslynTargetsPath)="/usr/lib/dotnet/sdk/10.0.104/Sdks/Microsoft.NET.Sdk/targets/../../../Roslyn" (previous value: "/usr/lib/dotnet/sdk/10.0.104/Roslyn") at /usr/lib/dotnet/sdk/10.0.104/Sdks/Microsoft.NET.Sdk/targets/Microsoft.NET.Sdk.BeforeCommon.targets (371,5)
       /usr/lib/dotnet/sdk/10.0.104/Roslyn/Microsoft.Managed.Core.targets(6,5): message : Property reassignment: $(_BuildTasksDirectory)="/usr/lib/dotnet/sdk/10.0.104/Sdks/Microsoft.NET.Sdk/targets/../../../Roslyn/" (previous value: "/usr/lib/dotnet/sdk/10.0.104/Roslyn/") at /usr/lib/dotnet/sdk/10.0.104/Roslyn/Microsoft.Managed.Core.targets (6,5)
       /usr/lib/dotnet/sdk/10.0.104/Roslyn/Microsoft.CSharp.Core.targets(200,5): message : Property reassignment: $(CommandLineArgsForDesignTimeEvaluation)="-langversion:12.0 -define:TRACE" (previous value: "-langversion:12.0") at /usr/lib/dotnet/sdk/10.0.104/Roslyn/Microsoft.CSharp.Core.targets (200,5)
       /home/tsgomes/.local/share/Microsoft/MSBuild/Current/Microsoft.Common.targets/ImportBefore/SonarQube.Integration.ImportBefore.targets(12,5): message : Property reassignment: $(SonarQubeBuildDirectory)="/home/tsgomes/mcad" (previous value: "") at /home/tsgomes/.local/share/Microsoft/MSBuild/Current/Microsoft.Common.targets/ImportBefore/SonarQube.Integration.ImportBefore.targets (12,5)
       /usr/lib/dotnet/sdk/10.0.104/Microsoft.Common.CurrentVersion.targets(175,5): message : Property reassignment: $(_DebugSymbolsProduced)="true" (previous value: "false") at /usr/lib/dotnet/sdk/10.0.104/Microsoft.Common.CurrentVersion.targets (175,5)
       /usr/lib/dotnet/sdk/10.0.104/Microsoft.Common.CurrentVersion.targets(185,5): message : Property reassignment: $(_DocumentationFileProduced)="false" (previous value: "true") at /usr/lib/dotnet/sdk/10.0.104/Microsoft.Common.CurrentVersion.targets (185,5)
       /usr/lib/dotnet/sdk/10.0.104/Microsoft.Common.CurrentVersion.targets(392,5): message : Property reassignment: $(MSBuildCopyMarkerName)="Cadastro.8B32CD0D" (previous value: "Cadastro.Domain.csproj") at /usr/lib/dotnet/sdk/10.0.104/Microsoft.Common.CurrentVersion.targets (392,5)
       /usr/lib/dotnet/sdk/10.0.104/Microsoft.Common.CurrentVersion.targets(393,5): message : Property reassignment: $(MSBuildCopyMarkerName)="Cadastro.8B32CD0D.Up2Date" (previous value: "Cadastro.8B32CD0D") at /usr/lib/dotnet/sdk/10.0.104/Microsoft.Common.CurrentVersion.targets (393,5)
       /usr/lib/dotnet/sdk/10.0.104/Microsoft.Common.CurrentVersion.targets(541,5): message : Property reassignment: $(ProcessorArchitecture)="msil" (previous value: "") at /usr/lib/dotnet/sdk/10.0.104/Microsoft.Common.CurrentVersion.targets (541,5)
       /usr/lib/dotnet/sdk/10.0.104/Microsoft.Common.CurrentVersion.targets(580,5): message : Property reassignment: $(DelaySign)="" (previous value: "false") at /usr/lib/dotnet/sdk/10.0.104/Microsoft.Common.CurrentVersion.targets (580,5)
       /usr/lib/dotnet/sdk/10.0.104/Microsoft.Common.CurrentVersion.targets(2606,5): message : Property 'LocalAppData' with value '/home/tsgomes/.local/share' expanded from the environment.
       /usr/lib/dotnet/sdk/10.0.104/Microsoft.Common.CurrentVersion.targets(3934,5): message : Property reassignment: $(_SGenGenerateSerializationAssembliesConfig)="Auto" (previous value: "") at /usr/lib/dotnet/sdk/10.0.104/Microsoft.Common.CurrentVersion.targets (3934,5)
       /usr/lib/dotnet/sdk/10.0.104/Microsoft.Common.CurrentVersion.targets(3935,5): message : Property reassignment: $(_SGenGenerateSerializationAssembliesConfig)="Off" (previous value: "Auto") at /usr/lib/dotnet/sdk/10.0.104/Microsoft.Common.CurrentVersion.targets (3935,5)
       /usr/lib/dotnet/sdk/10.0.104/Microsoft.Common.CurrentVersion.targets(5146,5): message : Property reassignment: $(_TargetsThatPrepareProjectReferences)="
       /usr/lib/dotnet/sdk/10.0.104/Microsoft.Common.CurrentVersion.targets(5146,5): message :       AssignProjectConfiguration;
       /usr/lib/dotnet/sdk/10.0.104/Microsoft.Common.CurrentVersion.targets(5146,5): message :       _SplitProjectReferencesByFileExistence
       /usr/lib/dotnet/sdk/10.0.104/Microsoft.Common.CurrentVersion.targets(5146,5): message :     " (previous value: "_SplitProjectReferencesByFileExistence") at /usr/lib/dotnet/sdk/10.0.104/Microsoft.Common.CurrentVersion.targets (5146,5)
       /usr/lib/dotnet/sdk/10.0.104/Microsoft.Common.CurrentVersion.targets(6959,5): message : Property 'MSBuildExtensionsPath32' with value '/usr/lib/dotnet/sdk/10.0.104' expanded from the environment.
       The "NuGetInteractive" property is a global property, and cannot be modified.
       /usr/lib/dotnet/sdk/10.0.104/Sdks/Microsoft.NET.Sdk/targets/Microsoft.PackageDependencyResolution.targets(24,5): message : Property reassignment: $(ProjectAssetsFile)="/home/tsgomes/mcad/services/cadastro-api/3-Domain/Cadastro.Domain/obj/project.assets.json" (previous value: "/home/tsgomes/mcad/services/cadastro-api/3-Domain/Cadastro.Domain/obj//project.assets.json") at /usr/lib/dotnet/sdk/10.0.104/Sdks/Microsoft.NET.Sdk/targets/Microsoft.PackageDependencyResolution.targets (24,5)
       /usr/lib/dotnet/sdk/10.0.104/Sdks/Microsoft.NET.Sdk/targets/Microsoft.PackageDependencyResolution.targets(29,5): message : Property reassignment: $(ProjectAssetsCacheFile)="/home/tsgomes/mcad/services/cadastro-api/3-Domain/Cadastro.Domain/obj/Debug/net8.0/Cadastro.Domain.assets.cache" (previous value: "obj\Debug/net8.0/Cadastro.Domain.assets.cache") at /usr/lib/dotnet/sdk/10.0.104/Sdks/Microsoft.NET.Sdk/targets/Microsoft.PackageDependencyResolution.targets (29,5)
       /usr/lib/dotnet/sdk/10.0.104/Sdks/Microsoft.NET.Sdk/targets/Microsoft.PackageDependencyResolution.targets(80,5): message : Property reassignment: $(ResolveAssemblyReferencesDependsOn)="
       /usr/lib/dotnet/sdk/10.0.104/Sdks/Microsoft.NET.Sdk/targets/Microsoft.PackageDependencyResolution.targets(80,5): message :       
       /usr/lib/dotnet/sdk/10.0.104/Sdks/Microsoft.NET.Sdk/targets/Microsoft.PackageDependencyResolution.targets(80,5): message :       ResolveProjectReferences;
       /usr/lib/dotnet/sdk/10.0.104/Sdks/Microsoft.NET.Sdk/targets/Microsoft.PackageDependencyResolution.targets(80,5): message :       FindInvalidProjectReferences;
       /usr/lib/dotnet/sdk/10.0.104/Sdks/Microsoft.NET.Sdk/targets/Microsoft.PackageDependencyResolution.targets(80,5): message :       GetFrameworkPaths;
       /usr/lib/dotnet/sdk/10.0.104/Sdks/Microsoft.NET.Sdk/targets/Microsoft.PackageDependencyResolution.targets(80,5): message :       GetReferenceAssemblyPaths;
       /usr/lib/dotnet/sdk/10.0.104/Sdks/Microsoft.NET.Sdk/targets/Microsoft.PackageDependencyResolution.targets(80,5): message :       PrepareForBuild;
       /usr/lib/dotnet/sdk/10.0.104/Sdks/Microsoft.NET.Sdk/targets/Microsoft.PackageDependencyResolution.targets(80,5): message :       ResolveSDKReferences;
       /usr/lib/dotnet/sdk/10.0.104/Sdks/Microsoft.NET.Sdk/targets/Microsoft.PackageDependencyResolution.targets(80,5): message :       ExpandSDKReferences;
       /usr/lib/dotnet/sdk/10.0.104/Sdks/Microsoft.NET.Sdk/targets/Microsoft.PackageDependencyResolution.targets(80,5): message :     ;
       /usr/lib/dotnet/sdk/10.0.104/Sdks/Microsoft.NET.Sdk/targets/Microsoft.PackageDependencyResolution.targets(80,5): message :       ResolvePackageDependenciesForBuild;
       /usr/lib/dotnet/sdk/10.0.104/Sdks/Microsoft.NET.Sdk/targets/Microsoft.PackageDependencyResolution.targets(80,5): message :       _HandlePackageFileConflicts;
       /usr/lib/dotnet/sdk/10.0.104/Sdks/Microsoft.NET.Sdk/targets/Microsoft.PackageDependencyResolution.targets(80,5): message :     " (previous value: "
       /usr/lib/dotnet/sdk/10.0.104/Sdks/Microsoft.NET.Sdk/targets/Microsoft.PackageDependencyResolution.targets(80,5): message :       ResolveProjectReferences;
       /usr/lib/dotnet/sdk/10.0.104/Sdks/Microsoft.NET.Sdk/targets/Microsoft.PackageDependencyResolution.targets(80,5): message :       FindInvalidProjectReferences;
       /usr/lib/dotnet/sdk/10.0.104/Sdks/Microsoft.NET.Sdk/targets/Microsoft.PackageDependencyResolution.targets(80,5): message :       GetFrameworkPaths;
       /usr/lib/dotnet/sdk/10.0.104/Sdks/Microsoft.NET.Sdk/targets/Microsoft.PackageDependencyResolution.targets(80,5): message :       GetReferenceAssemblyPaths;
       /usr/lib/dotnet/sdk/10.0.104/Sdks/Microsoft.NET.Sdk/targets/Microsoft.PackageDependencyResolution.targets(80,5): message :       PrepareForBuild;
       /usr/lib/dotnet/sdk/10.0.104/Sdks/Microsoft.NET.Sdk/targets/Microsoft.PackageDependencyResolution.targets(80,5): message :       ResolveSDKReferences;
       /usr/lib/dotnet/sdk/10.0.104/Sdks/Microsoft.NET.Sdk/targets/Microsoft.PackageDependencyResolution.targets(80,5): message :       ExpandSDKReferences;
       /usr/lib/dotnet/sdk/10.0.104/Sdks/Microsoft.NET.Sdk/targets/Microsoft.PackageDependencyResolution.targets(80,5): message :     ") at /usr/lib/dotnet/sdk/10.0.104/Sdks/Microsoft.NET.Sdk/targets/Microsoft.PackageDependencyResolution.targets (80,5)
       /usr/lib/dotnet/sdk/10.0.104/Sdks/Microsoft.NET.Sdk/targets/Microsoft.PackageDependencyResolution.targets(86,5): message : Property reassignment: $(PrepareResourcesDependsOn)="
       /usr/lib/dotnet/sdk/10.0.104/Sdks/Microsoft.NET.Sdk/targets/Microsoft.PackageDependencyResolution.targets(86,5): message :       ResolvePackageDependenciesForBuild;
       /usr/lib/dotnet/sdk/10.0.104/Sdks/Microsoft.NET.Sdk/targets/Microsoft.PackageDependencyResolution.targets(86,5): message :       _HandlePackageFileConflicts;
       /usr/lib/dotnet/sdk/10.0.104/Sdks/Microsoft.NET.Sdk/targets/Microsoft.PackageDependencyResolution.targets(86,5): message :       
       /usr/lib/dotnet/sdk/10.0.104/Sdks/Microsoft.NET.Sdk/targets/Microsoft.PackageDependencyResolution.targets(86,5): message :       ;
       /usr/lib/dotnet/sdk/10.0.104/Sdks/Microsoft.NET.Sdk/targets/Microsoft.PackageDependencyResolution.targets(86,5): message :       PrepareResourceNames;
       /usr/lib/dotnet/sdk/10.0.104/Sdks/Microsoft.NET.Sdk/targets/Microsoft.PackageDependencyResolution.targets(86,5): message :       ResGen;
       /usr/lib/dotnet/sdk/10.0.104/Sdks/Microsoft.NET.Sdk/targets/Microsoft.PackageDependencyResolution.targets(86,5): message :       CompileLicxFiles
       /usr/lib/dotnet/sdk/10.0.104/Sdks/Microsoft.NET.Sdk/targets/Microsoft.PackageDependencyResolution.targets(86,5): message :     
       /usr/lib/dotnet/sdk/10.0.104/Sdks/Microsoft.NET.Sdk/targets/Microsoft.PackageDependencyResolution.targets(86,5): message :     " (previous value: "
       /usr/lib/dotnet/sdk/10.0.104/Sdks/Microsoft.NET.Sdk/targets/Microsoft.PackageDependencyResolution.targets(86,5): message :       ;
       /usr/lib/dotnet/sdk/10.0.104/Sdks/Microsoft.NET.Sdk/targets/Microsoft.PackageDependencyResolution.targets(86,5): message :       PrepareResourceNames;
       /usr/lib/dotnet/sdk/10.0.104/Sdks/Microsoft.NET.Sdk/targets/Microsoft.PackageDependencyResolution.targets(86,5): message :       ResGen;
       /usr/lib/dotnet/sdk/10.0.104/Sdks/Microsoft.NET.Sdk/targets/Microsoft.PackageDependencyResolution.targets(86,5): message :       CompileLicxFiles
       /usr/lib/dotnet/sdk/10.0.104/Sdks/Microsoft.NET.Sdk/targets/Microsoft.PackageDependencyResolution.targets(86,5): message :     ") at /usr/lib/dotnet/sdk/10.0.104/Sdks/Microsoft.NET.Sdk/targets/Microsoft.PackageDependencyResolution.targets (86,5)
       The "EnableDefaultCompileItems" property is a global property, and cannot be modified.
       The "EnableDefaultEmbeddedResourceItems" property is a global property, and cannot be modified.
       The "EnableDefaultNoneItems" property is a global property, and cannot be modified.
       /usr/lib/dotnet/sdk/10.0.104/Sdks/Microsoft.NET.Sdk/targets/Microsoft.NET.Sdk.DefaultItems.targets(35,5): message : Property reassignment: $(DefaultItemExcludes)=";bin\Debug//**;obj\Debug//**;bin\/**" (previous value: ";bin\Debug//**;obj\Debug//**") at /usr/lib/dotnet/sdk/10.0.104/Sdks/Microsoft.NET.Sdk/targets/Microsoft.NET.Sdk.DefaultItems.targets (35,5)
       /usr/lib/dotnet/sdk/10.0.104/Sdks/Microsoft.NET.Sdk/targets/Microsoft.NET.Sdk.DefaultItems.targets(37,5): message : Property reassignment: $(DefaultItemExcludes)=";bin\Debug//**;obj\Debug//**;bin\/**;obj\/**" (previous value: ";bin\Debug//**;obj\Debug//**;bin\/**") at /usr/lib/dotnet/sdk/10.0.104/Sdks/Microsoft.NET.Sdk/targets/Microsoft.NET.Sdk.DefaultItems.targets (37,5)
       /usr/lib/dotnet/sdk/10.0.104/Sdks/Microsoft.NET.Sdk/targets/Microsoft.NET.Sdk.DefaultItems.targets(40,5): message : Property reassignment: $(DefaultItemExcludes)=";bin\Debug//**;obj\Debug//**;bin\/**;obj\/**;**/*.user" (previous value: ";bin\Debug//**;obj\Debug//**;bin\/**;obj\/**") at /usr/lib/dotnet/sdk/10.0.104/Sdks/Microsoft.NET.Sdk/targets/Microsoft.NET.Sdk.DefaultItems.targets (40,5)
       /usr/lib/dotnet/sdk/10.0.104/Sdks/Microsoft.NET.Sdk/targets/Microsoft.NET.Sdk.DefaultItems.targets(41,5): message : Property reassignment: $(DefaultItemExcludes)=";bin\Debug//**;obj\Debug//**;bin\/**;obj\/**;**/*.user;**/*.*proj" (previous value: ";bin\Debug//**;obj\Debug//**;bin\/**;obj\/**;**/*.user") at /usr/lib/dotnet/sdk/10.0.104/Sdks/Microsoft.NET.Sdk/targets/Microsoft.NET.Sdk.DefaultItems.targets (41,5)
       /usr/lib/dotnet/sdk/10.0.104/Sdks/Microsoft.NET.Sdk/targets/Microsoft.NET.Sdk.DefaultItems.targets(42,5): message : Property reassignment: $(DefaultItemExcludes)=";bin\Debug//**;obj\Debug//**;bin\/**;obj\/**;**/*.user;**/*.*proj;**/*.sln" (previous value: ";bin\Debug//**;obj\Debug//**;bin\/**;obj\/**;**/*.user;**/*.*proj") at /usr/lib/dotnet/sdk/10.0.104/Sdks/Microsoft.NET.Sdk/targets/Microsoft.NET.Sdk.DefaultItems.targets (42,5)
       /usr/lib/dotnet/sdk/10.0.104/Sdks/Microsoft.NET.Sdk/targets/Microsoft.NET.Sdk.DefaultItems.targets(43,5): message : Property reassignment: $(DefaultItemExcludes)=";bin\Debug//**;obj\Debug//**;bin\/**;obj\/**;**/*.user;**/*.*proj;**/*.sln;**/*.slnx" (previous value: ";bin\Debug//**;obj\Debug//**;bin\/**;obj\/**;**/*.user;**/*.*proj;**/*.sln") at /usr/lib/dotnet/sdk/10.0.104/Sdks/Microsoft.NET.Sdk/targets/Microsoft.NET.Sdk.DefaultItems.targets (43,5)
       /usr/lib/dotnet/sdk/10.0.104/Sdks/Microsoft.NET.Sdk/targets/Microsoft.NET.Sdk.DefaultItems.targets(44,5): message : Property reassignment: $(DefaultItemExcludes)=";bin\Debug//**;obj\Debug//**;bin\/**;obj\/**;**/*.user;**/*.*proj;**/*.sln;**/*.slnx;**/*.vssscc" (previous value: ";bin\Debug//**;obj\Debug//**;bin\/**;obj\/**;**/*.user;**/*.*proj;**/*.sln;**/*.slnx") at /usr/lib/dotnet/sdk/10.0.104/Sdks/Microsoft.NET.Sdk/targets/Microsoft.NET.Sdk.DefaultItems.targets (44,5)
       /usr/lib/dotnet/sdk/10.0.104/Sdks/Microsoft.NET.Sdk/targets/Microsoft.NET.Sdk.DefaultItems.targets(45,5): message : Property reassignment: $(DefaultItemExcludes)=";bin\Debug//**;obj\Debug//**;bin\/**;obj\/**;**/*.user;**/*.*proj;**/*.sln;**/*.slnx;**/*.vssscc;**/.DS_Store" (previous value: ";bin\Debug//**;obj\Debug//**;bin\/**;obj\/**;**/*.user;**/*.*proj;**/*.sln;**/*.slnx;**/*.vssscc") at /usr/lib/dotnet/sdk/10.0.104/Sdks/Microsoft.NET.Sdk/targets/Microsoft.NET.Sdk.DefaultItems.targets (45,5)
       /usr/lib/dotnet/sdk/10.0.104/Sdks/Microsoft.NET.Sdk/targets/Microsoft.NET.Sdk.FrameworkReferenceResolution.targets(14,5): message : Property reassignment: $(ResolveAssemblyReferencesDependsOn)="
       /usr/lib/dotnet/sdk/10.0.104/Sdks/Microsoft.NET.Sdk/targets/Microsoft.NET.Sdk.FrameworkReferenceResolution.targets(14,5): message :       
       /usr/lib/dotnet/sdk/10.0.104/Sdks/Microsoft.NET.Sdk/targets/Microsoft.NET.Sdk.FrameworkReferenceResolution.targets(14,5): message :       
       /usr/lib/dotnet/sdk/10.0.104/Sdks/Microsoft.NET.Sdk/targets/Microsoft.NET.Sdk.FrameworkReferenceResolution.targets(14,5): message :       ResolveProjectReferences;
       /usr/lib/dotnet/sdk/10.0.104/Sdks/Microsoft.NET.Sdk/targets/Microsoft.NET.Sdk.FrameworkReferenceResolution.targets(14,5): message :       FindInvalidProjectReferences;
       /usr/lib/dotnet/sdk/10.0.104/Sdks/Microsoft.NET.Sdk/targets/Microsoft.NET.Sdk.FrameworkReferenceResolution.targets(14,5): message :       GetFrameworkPaths;
       /usr/lib/dotnet/sdk/10.0.104/Sdks/Microsoft.NET.Sdk/targets/Microsoft.NET.Sdk.FrameworkReferenceResolution.targets(14,5): message :       GetReferenceAssemblyPaths;
       /usr/lib/dotnet/sdk/10.0.104/Sdks/Microsoft.NET.Sdk/targets/Microsoft.NET.Sdk.FrameworkReferenceResolution.targets(14,5): message :       PrepareForBuild;
       /usr/lib/dotnet/sdk/10.0.104/Sdks/Microsoft.NET.Sdk/targets/Microsoft.NET.Sdk.FrameworkReferenceResolution.targets(14,5): message :       ResolveSDKReferences;
       /usr/lib/dotnet/sdk/10.0.104/Sdks/Microsoft.NET.Sdk/targets/Microsoft.NET.Sdk.FrameworkReferenceResolution.targets(14,5): message :       ExpandSDKReferences;
       /usr/lib/dotnet/sdk/10.0.104/Sdks/Microsoft.NET.Sdk/targets/Microsoft.NET.Sdk.FrameworkReferenceResolution.targets(14,5): message :     ;
       /usr/lib/dotnet/sdk/10.0.104/Sdks/Microsoft.NET.Sdk/targets/Microsoft.NET.Sdk.FrameworkReferenceResolution.targets(14,5): message :       ResolvePackageDependenciesForBuild;
       /usr/lib/dotnet/sdk/10.0.104/Sdks/Microsoft.NET.Sdk/targets/Microsoft.NET.Sdk.FrameworkReferenceResolution.targets(14,5): message :       _HandlePackageFileConflicts;
       /usr/lib/dotnet/sdk/10.0.104/Sdks/Microsoft.NET.Sdk/targets/Microsoft.NET.Sdk.FrameworkReferenceResolution.targets(14,5): message :     ;
       /usr/lib/dotnet/sdk/10.0.104/Sdks/Microsoft.NET.Sdk/targets/Microsoft.NET.Sdk.FrameworkReferenceResolution.targets(14,5): message :       ResolveTargetingPackAssets;
       /usr/lib/dotnet/sdk/10.0.104/Sdks/Microsoft.NET.Sdk/targets/Microsoft.NET.Sdk.FrameworkReferenceResolution.targets(14,5): message :     " (previous value: "
       /usr/lib/dotnet/sdk/10.0.104/Sdks/Microsoft.NET.Sdk/targets/Microsoft.NET.Sdk.FrameworkReferenceResolution.targets(14,5): message :       
       /usr/lib/dotnet/sdk/10.0.104/Sdks/Microsoft.NET.Sdk/targets/Microsoft.NET.Sdk.FrameworkReferenceResolution.targets(14,5): message :       ResolveProjectReferences;
       /usr/lib/dotnet/sdk/10.0.104/Sdks/Microsoft.NET.Sdk/targets/Microsoft.NET.Sdk.FrameworkReferenceResolution.targets(14,5): message :       FindInvalidProjectReferences;
       /usr/lib/dotnet/sdk/10.0.104/Sdks/Microsoft.NET.Sdk/targets/Microsoft.NET.Sdk.FrameworkReferenceResolution.targets(14,5): message :       GetFrameworkPaths;
       /usr/lib/dotnet/sdk/10.0.104/Sdks/Microsoft.NET.Sdk/targets/Microsoft.NET.Sdk.FrameworkReferenceResolution.targets(14,5): message :       GetReferenceAssemblyPaths;
       /usr/lib/dotnet/sdk/10.0.104/Sdks/Microsoft.NET.Sdk/targets/Microsoft.NET.Sdk.FrameworkReferenceResolution.targets(14,5): message :       PrepareForBuild;
       /usr/lib/dotnet/sdk/10.0.104/Sdks/Microsoft.NET.Sdk/targets/Microsoft.NET.Sdk.FrameworkReferenceResolution.targets(14,5): message :       ResolveSDKReferences;
       /usr/lib/dotnet/sdk/10.0.104/Sdks/Microsoft.NET.Sdk/targets/Microsoft.NET.Sdk.FrameworkReferenceResolution.targets(14,5): message :       ExpandSDKReferences;
       /usr/lib/dotnet/sdk/10.0.104/Sdks/Microsoft.NET.Sdk/targets/Microsoft.NET.Sdk.FrameworkReferenceResolution.targets(14,5): message :     ;
       /usr/lib/dotnet/sdk/10.0.104/Sdks/Microsoft.NET.Sdk/targets/Microsoft.NET.Sdk.FrameworkReferenceResolution.targets(14,5): message :       ResolvePackageDependenciesForBuild;
       /usr/lib/dotnet/sdk/10.0.104/Sdks/Microsoft.NET.Sdk/targets/Microsoft.NET.Sdk.FrameworkReferenceResolution.targets(14,5): message :       _HandlePackageFileConflicts;
       /usr/lib/dotnet/sdk/10.0.104/Sdks/Microsoft.NET.Sdk/targets/Microsoft.NET.Sdk.FrameworkReferenceResolution.targets(14,5): message :     ") at /usr/lib/dotnet/sdk/10.0.104/Sdks/Microsoft.NET.Sdk/targets/Microsoft.NET.Sdk.FrameworkReferenceResolution.targets (14,5)
       /usr/lib/dotnet/sdk/10.0.104/Sdks/Microsoft.NET.Sdk/targets/Microsoft.NET.Sdk.targets(44,5): message : Property reassignment: $(_GenerateRuntimeConfigurationPropertyInputsCache)="/home/tsgomes/mcad/services/cadastro-api/3-Domain/Cadastro.Domain/obj/Debug/net8.0/Cadastro.Domain.genruntimeconfig.cache" (previous value: "obj\Debug/net8.0/Cadastro.Domain.genruntimeconfig.cache") at /usr/lib/dotnet/sdk/10.0.104/Sdks/Microsoft.NET.Sdk/targets/Microsoft.NET.Sdk.targets (44,5)
       /usr/lib/dotnet/sdk/10.0.104/Sdks/Microsoft.NET.Sdk/targets/Microsoft.NET.Sdk.targets(46,5): message : Property reassignment: $(_GeneratePublishDependencyFilePropertyInputsCache)="/home/tsgomes/mcad/services/cadastro-api/3-Domain/Cadastro.Domain/obj/Debug/net8.0/Cadastro.Domain.genpublishdeps.cache" (previous value: "obj\Debug/net8.0/Cadastro.Domain.genpublishdeps.cache") at /usr/lib/dotnet/sdk/10.0.104/Sdks/Microsoft.NET.Sdk/targets/Microsoft.NET.Sdk.targets (46,5)
       /usr/lib/dotnet/sdk/10.0.104/Sdks/Microsoft.NET.Sdk/targets/Microsoft.NET.Sdk.targets(48,5): message : Property reassignment: $(_GenerateSingleFileBundlePropertyInputsCache)="/home/tsgomes/mcad/services/cadastro-api/3-Domain/Cadastro.Domain/obj/Debug/net8.0/Cadastro.Domain.genbundle.cache" (previous value: "obj\Debug/net8.0/Cadastro.Domain.genbundle.cache") at /usr/lib/dotnet/sdk/10.0.104/Sdks/Microsoft.NET.Sdk/targets/Microsoft.NET.Sdk.targets (48,5)
       /usr/lib/dotnet/sdk/10.0.104/Sdks/Microsoft.NET.Sdk/targets/Microsoft.NET.Sdk.targets(81,5): message : Property reassignment: $(GenerateRuntimeConfigDevFile)="false" (previous value: "true") at /usr/lib/dotnet/sdk/10.0.104/Sdks/Microsoft.NET.Sdk/targets/Microsoft.NET.Sdk.targets (81,5)
       /usr/lib/dotnet/sdk/10.0.104/Sdks/Microsoft.NET.Sdk/targets/Microsoft.NET.Sdk.targets(97,5): message : Property 'HOME' with value '/home/tsgomes' expanded from the environment.
       /usr/lib/dotnet/sdk/10.0.104/Sdks/Microsoft.NET.Sdk/targets/Microsoft.NET.Sdk.targets(99,5): message : Property reassignment: $(_DefaultUserProfileRuntimeStorePath)="/home/tsgomes/.dotnet/store" (previous value: "/home/tsgomes") at /usr/lib/dotnet/sdk/10.0.104/Sdks/Microsoft.NET.Sdk/targets/Microsoft.NET.Sdk.targets (99,5)
       /usr/lib/dotnet/sdk/10.0.104/Sdks/Microsoft.NET.Sdk/targets/Microsoft.NET.Sdk.targets(144,5): message : Property reassignment: $(AvailablePlatforms)="Any CPU,x86,x64,ARM32" (previous value: "Any CPU,x86,x64") at /usr/lib/dotnet/sdk/10.0.104/Sdks/Microsoft.NET.Sdk/targets/Microsoft.NET.Sdk.targets (144,5)
       /usr/lib/dotnet/sdk/10.0.104/Sdks/Microsoft.NET.Sdk/targets/Microsoft.NET.Sdk.targets(148,5): message : Property reassignment: $(AvailablePlatforms)="Any CPU,x86,x64,ARM32,ARM64" (previous value: "Any CPU,x86,x64,ARM32") at /usr/lib/dotnet/sdk/10.0.104/Sdks/Microsoft.NET.Sdk/targets/Microsoft.NET.Sdk.targets (148,5)
       /usr/lib/dotnet/sdk/10.0.104/Sdks/Microsoft.NET.Sdk/targets/Microsoft.NET.Sdk.targets(204,5): message : Property reassignment: $(CoreBuildDependsOn)="
       /usr/lib/dotnet/sdk/10.0.104/Sdks/Microsoft.NET.Sdk/targets/Microsoft.NET.Sdk.targets(204,5): message :       _CheckForBuildWithNoBuild;
       /usr/lib/dotnet/sdk/10.0.104/Sdks/Microsoft.NET.Sdk/targets/Microsoft.NET.Sdk.targets(204,5): message :       
       /usr/lib/dotnet/sdk/10.0.104/Sdks/Microsoft.NET.Sdk/targets/Microsoft.NET.Sdk.targets(204,5): message :       BuildOnlySettings;
       /usr/lib/dotnet/sdk/10.0.104/Sdks/Microsoft.NET.Sdk/targets/Microsoft.NET.Sdk.targets(204,5): message :       PrepareForBuild;
       /usr/lib/dotnet/sdk/10.0.104/Sdks/Microsoft.NET.Sdk/targets/Microsoft.NET.Sdk.targets(204,5): message :       PreBuildEvent;
       /usr/lib/dotnet/sdk/10.0.104/Sdks/Microsoft.NET.Sdk/targets/Microsoft.NET.Sdk.targets(204,5): message :       ResolveReferences;
       /usr/lib/dotnet/sdk/10.0.104/Sdks/Microsoft.NET.Sdk/targets/Microsoft.NET.Sdk.targets(204,5): message :       PrepareResources;
       /usr/lib/dotnet/sdk/10.0.104/Sdks/Microsoft.NET.Sdk/targets/Microsoft.NET.Sdk.targets(204,5): message :       ResolveKeySource;
       /usr/lib/dotnet/sdk/10.0.104/Sdks/Microsoft.NET.Sdk/targets/Microsoft.NET.Sdk.targets(204,5): message :       Compile;
       /usr/lib/dotnet/sdk/10.0.104/Sdks/Microsoft.NET.Sdk/targets/Microsoft.NET.Sdk.targets(204,5): message :       ExportWindowsMDFile;
       /usr/lib/dotnet/sdk/10.0.104/Sdks/Microsoft.NET.Sdk/targets/Microsoft.NET.Sdk.targets(204,5): message :       UnmanagedUnregistration;
       /usr/lib/dotnet/sdk/10.0.104/Sdks/Microsoft.NET.Sdk/targets/Microsoft.NET.Sdk.targets(204,5): message :       GenerateSerializationAssemblies;
       /usr/lib/dotnet/sdk/10.0.104/Sdks/Microsoft.NET.Sdk/targets/Microsoft.NET.Sdk.targets(204,5): message :       CreateSatelliteAssemblies;
       /usr/lib/dotnet/sdk/10.0.104/Sdks/Microsoft.NET.Sdk/targets/Microsoft.NET.Sdk.targets(204,5): message :       GenerateManifests;
       /usr/lib/dotnet/sdk/10.0.104/Sdks/Microsoft.NET.Sdk/targets/Microsoft.NET.Sdk.targets(204,5): message :       GetTargetPath;
       /usr/lib/dotnet/sdk/10.0.104/Sdks/Microsoft.NET.Sdk/targets/Microsoft.NET.Sdk.targets(204,5): message :       PrepareForRun;
       /usr/lib/dotnet/sdk/10.0.104/Sdks/Microsoft.NET.Sdk/targets/Microsoft.NET.Sdk.targets(204,5): message :       UnmanagedRegistration;
       /usr/lib/dotnet/sdk/10.0.104/Sdks/Microsoft.NET.Sdk/targets/Microsoft.NET.Sdk.targets(204,5): message :       IncrementalClean;
       /usr/lib/dotnet/sdk/10.0.104/Sdks/Microsoft.NET.Sdk/targets/Microsoft.NET.Sdk.targets(204,5): message :       PostBuildEvent
       /usr/lib/dotnet/sdk/10.0.104/Sdks/Microsoft.NET.Sdk/targets/Microsoft.NET.Sdk.targets(204,5): message :     ;
       /usr/lib/dotnet/sdk/10.0.104/Sdks/Microsoft.NET.Sdk/targets/Microsoft.NET.Sdk.targets(204,5): message :       GenerateBuildDependencyFile;
       /usr/lib/dotnet/sdk/10.0.104/Sdks/Microsoft.NET.Sdk/targets/Microsoft.NET.Sdk.targets(204,5): message :       GenerateBuildRuntimeConfigurationFiles
       /usr/lib/dotnet/sdk/10.0.104/Sdks/Microsoft.NET.Sdk/targets/Microsoft.NET.Sdk.targets(204,5): message :     " (previous value: "
       /usr/lib/dotnet/sdk/10.0.104/Sdks/Microsoft.NET.Sdk/targets/Microsoft.NET.Sdk.targets(204,5): message :       BuildOnlySettings;
       /usr/lib/dotnet/sdk/10.0.104/Sdks/Microsoft.NET.Sdk/targets/Microsoft.NET.Sdk.targets(204,5): message :       PrepareForBuild;
       /usr/lib/dotnet/sdk/10.0.104/Sdks/Microsoft.NET.Sdk/targets/Microsoft.NET.Sdk.targets(204,5): message :       PreBuildEvent;
       /usr/lib/dotnet/sdk/10.0.104/Sdks/Microsoft.NET.Sdk/targets/Microsoft.NET.Sdk.targets(204,5): message :       ResolveReferences;
       /usr/lib/dotnet/sdk/10.0.104/Sdks/Microsoft.NET.Sdk/targets/Microsoft.NET.Sdk.targets(204,5): message :       PrepareResources;
       /usr/lib/dotnet/sdk/10.0.104/Sdks/Microsoft.NET.Sdk/targets/Microsoft.NET.Sdk.targets(204,5): message :       ResolveKeySource;
       /usr/lib/dotnet/sdk/10.0.104/Sdks/Microsoft.NET.Sdk/targets/Microsoft.NET.Sdk.targets(204,5): message :       Compile;
       /usr/lib/dotnet/sdk/10.0.104/Sdks/Microsoft.NET.Sdk/targets/Microsoft.NET.Sdk.targets(204,5): message :       ExportWindowsMDFile;
       /usr/lib/dotnet/sdk/10.0.104/Sdks/Microsoft.NET.Sdk/targets/Microsoft.NET.Sdk.targets(204,5): message :       UnmanagedUnregistration;
       /usr/lib/dotnet/sdk/10.0.104/Sdks/Microsoft.NET.Sdk/targets/Microsoft.NET.Sdk.targets(204,5): message :       GenerateSerializationAssemblies;
       /usr/lib/dotnet/sdk/10.0.104/Sdks/Microsoft.NET.Sdk/targets/Microsoft.NET.Sdk.targets(204,5): message :       CreateSatelliteAssemblies;
       /usr/lib/dotnet/sdk/10.0.104/Sdks/Microsoft.NET.Sdk/targets/Microsoft.NET.Sdk.targets(204,5): message :       GenerateManifests;
       /usr/lib/dotnet/sdk/10.0.104/Sdks/Microsoft.NET.Sdk/targets/Microsoft.NET.Sdk.targets(204,5): message :       GetTargetPath;
       /usr/lib/dotnet/sdk/10.0.104/Sdks/Microsoft.NET.Sdk/targets/Microsoft.NET.Sdk.targets(204,5): message :       PrepareForRun;
       /usr/lib/dotnet/sdk/10.0.104/Sdks/Microsoft.NET.Sdk/targets/Microsoft.NET.Sdk.targets(204,5): message :       UnmanagedRegistration;
       /usr/lib/dotnet/sdk/10.0.104/Sdks/Microsoft.NET.Sdk/targets/Microsoft.NET.Sdk.targets(204,5): message :       IncrementalClean;
       /usr/lib/dotnet/sdk/10.0.104/Sdks/Microsoft.NET.Sdk/targets/Microsoft.NET.Sdk.targets(204,5): message :       PostBuildEvent
       /usr/lib/dotnet/sdk/10.0.104/Sdks/Microsoft.NET.Sdk/targets/Microsoft.NET.Sdk.targets(204,5): message :     ") at /usr/lib/dotnet/sdk/10.0.104/Sdks/Microsoft.NET.Sdk/targets/Microsoft.NET.Sdk.targets (204,5)
       /usr/lib/dotnet/sdk/10.0.104/Sdks/Microsoft.NET.Sdk/targets/Microsoft.NET.Sdk.targets(213,5): message : Property reassignment: $(CoreCleanDependsOn)="
       /usr/lib/dotnet/sdk/10.0.104/Sdks/Microsoft.NET.Sdk/targets/Microsoft.NET.Sdk.targets(213,5): message :       _SdkBeforeClean;
       /usr/lib/dotnet/sdk/10.0.104/Sdks/Microsoft.NET.Sdk/targets/Microsoft.NET.Sdk.targets(213,5): message :       
       /usr/lib/dotnet/sdk/10.0.104/Sdks/Microsoft.NET.Sdk/targets/Microsoft.NET.Sdk.targets(213,5): message :     " (previous value: "") at /usr/lib/dotnet/sdk/10.0.104/Sdks/Microsoft.NET.Sdk/targets/Microsoft.NET.Sdk.targets (213,5)
       /usr/lib/dotnet/sdk/10.0.104/Sdks/Microsoft.NET.Sdk/targets/Microsoft.NET.Sdk.targets(220,5): message : Property reassignment: $(RebuildDependsOn)="
       /usr/lib/dotnet/sdk/10.0.104/Sdks/Microsoft.NET.Sdk/targets/Microsoft.NET.Sdk.targets(220,5): message :       _SdkBeforeRebuild;
       /usr/lib/dotnet/sdk/10.0.104/Sdks/Microsoft.NET.Sdk/targets/Microsoft.NET.Sdk.targets(220,5): message :       
       /usr/lib/dotnet/sdk/10.0.104/Sdks/Microsoft.NET.Sdk/targets/Microsoft.NET.Sdk.targets(220,5): message :       BeforeRebuild;
       /usr/lib/dotnet/sdk/10.0.104/Sdks/Microsoft.NET.Sdk/targets/Microsoft.NET.Sdk.targets(220,5): message :       Clean;
       /usr/lib/dotnet/sdk/10.0.104/Sdks/Microsoft.NET.Sdk/targets/Microsoft.NET.Sdk.targets(220,5): message :       Build;
       /usr/lib/dotnet/sdk/10.0.104/Sdks/Microsoft.NET.Sdk/targets/Microsoft.NET.Sdk.targets(220,5): message :       AfterRebuild;
       /usr/lib/dotnet/sdk/10.0.104/Sdks/Microsoft.NET.Sdk/targets/Microsoft.NET.Sdk.targets(220,5): message :     
       /usr/lib/dotnet/sdk/10.0.104/Sdks/Microsoft.NET.Sdk/targets/Microsoft.NET.Sdk.targets(220,5): message :     " (previous value: "
       /usr/lib/dotnet/sdk/10.0.104/Sdks/Microsoft.NET.Sdk/targets/Microsoft.NET.Sdk.targets(220,5): message :       BeforeRebuild;
       /usr/lib/dotnet/sdk/10.0.104/Sdks/Microsoft.NET.Sdk/targets/Microsoft.NET.Sdk.targets(220,5): message :       Clean;
       /usr/lib/dotnet/sdk/10.0.104/Sdks/Microsoft.NET.Sdk/targets/Microsoft.NET.Sdk.targets(220,5): message :       Build;
       /usr/lib/dotnet/sdk/10.0.104/Sdks/Microsoft.NET.Sdk/targets/Microsoft.NET.Sdk.targets(220,5): message :       AfterRebuild;
       /usr/lib/dotnet/sdk/10.0.104/Sdks/Microsoft.NET.Sdk/targets/Microsoft.NET.Sdk.targets(220,5): message :     ") at /usr/lib/dotnet/sdk/10.0.104/Sdks/Microsoft.NET.Sdk/targets/Microsoft.NET.Sdk.targets (220,5)
       /usr/lib/dotnet/sdk/10.0.104/Sdks/Microsoft.NET.Sdk/targets/Microsoft.NET.Sdk.targets(799,5): message : Property reassignment: $(CompileDependsOn)="
       /usr/lib/dotnet/sdk/10.0.104/Sdks/Microsoft.NET.Sdk/targets/Microsoft.NET.Sdk.targets(799,5): message :       
       /usr/lib/dotnet/sdk/10.0.104/Sdks/Microsoft.NET.Sdk/targets/Microsoft.NET.Sdk.targets(799,5): message :       ResolveReferences;
       /usr/lib/dotnet/sdk/10.0.104/Sdks/Microsoft.NET.Sdk/targets/Microsoft.NET.Sdk.targets(799,5): message :       ResolveKeySource;
       /usr/lib/dotnet/sdk/10.0.104/Sdks/Microsoft.NET.Sdk/targets/Microsoft.NET.Sdk.targets(799,5): message :       SetWin32ManifestProperties;
       /usr/lib/dotnet/sdk/10.0.104/Sdks/Microsoft.NET.Sdk/targets/Microsoft.NET.Sdk.targets(799,5): message :       _SetPreferNativeArm64Win32ManifestProperties;
       /usr/lib/dotnet/sdk/10.0.104/Sdks/Microsoft.NET.Sdk/targets/Microsoft.NET.Sdk.targets(799,5): message :       FindReferenceAssembliesForReferences;
       /usr/lib/dotnet/sdk/10.0.104/Sdks/Microsoft.NET.Sdk/targets/Microsoft.NET.Sdk.targets(799,5): message :       _GenerateCompileInputs;
       /usr/lib/dotnet/sdk/10.0.104/Sdks/Microsoft.NET.Sdk/targets/Microsoft.NET.Sdk.targets(799,5): message :       BeforeCompile;
       /usr/lib/dotnet/sdk/10.0.104/Sdks/Microsoft.NET.Sdk/targets/Microsoft.NET.Sdk.targets(799,5): message :       _TimeStampBeforeCompile;
       /usr/lib/dotnet/sdk/10.0.104/Sdks/Microsoft.NET.Sdk/targets/Microsoft.NET.Sdk.targets(799,5): message :       _GenerateCompileDependencyCache;
       /usr/lib/dotnet/sdk/10.0.104/Sdks/Microsoft.NET.Sdk/targets/Microsoft.NET.Sdk.targets(799,5): message :       CoreCompile;
       /usr/lib/dotnet/sdk/10.0.104/Sdks/Microsoft.NET.Sdk/targets/Microsoft.NET.Sdk.targets(799,5): message :       _TimeStampAfterCompile;
       /usr/lib/dotnet/sdk/10.0.104/Sdks/Microsoft.NET.Sdk/targets/Microsoft.NET.Sdk.targets(799,5): message :       AfterCompile;
       /usr/lib/dotnet/sdk/10.0.104/Sdks/Microsoft.NET.Sdk/targets/Microsoft.NET.Sdk.targets(799,5): message :     ;
       /usr/lib/dotnet/sdk/10.0.104/Sdks/Microsoft.NET.Sdk/targets/Microsoft.NET.Sdk.targets(799,5): message :       _CreateAppHost;
       /usr/lib/dotnet/sdk/10.0.104/Sdks/Microsoft.NET.Sdk/targets/Microsoft.NET.Sdk.targets(799,5): message :       _CreateComHost;
       /usr/lib/dotnet/sdk/10.0.104/Sdks/Microsoft.NET.Sdk/targets/Microsoft.NET.Sdk.targets(799,5): message :       _GetIjwHostPaths;
       /usr/lib/dotnet/sdk/10.0.104/Sdks/Microsoft.NET.Sdk/targets/Microsoft.NET.Sdk.targets(799,5): message :     " (previous value: "
       /usr/lib/dotnet/sdk/10.0.104/Sdks/Microsoft.NET.Sdk/targets/Microsoft.NET.Sdk.targets(799,5): message :       ResolveReferences;
       /usr/lib/dotnet/sdk/10.0.104/Sdks/Microsoft.NET.Sdk/targets/Microsoft.NET.Sdk.targets(799,5): message :       ResolveKeySource;
       /usr/lib/dotnet/sdk/10.0.104/Sdks/Microsoft.NET.Sdk/targets/Microsoft.NET.Sdk.targets(799,5): message :       SetWin32ManifestProperties;
       /usr/lib/dotnet/sdk/10.0.104/Sdks/Microsoft.NET.Sdk/targets/Microsoft.NET.Sdk.targets(799,5): message :       _SetPreferNativeArm64Win32ManifestProperties;
       /usr/lib/dotnet/sdk/10.0.104/Sdks/Microsoft.NET.Sdk/targets/Microsoft.NET.Sdk.targets(799,5): message :       FindReferenceAssembliesForReferences;
       /usr/lib/dotnet/sdk/10.0.104/Sdks/Microsoft.NET.Sdk/targets/Microsoft.NET.Sdk.targets(799,5): message :       _GenerateCompileInputs;
       /usr/lib/dotnet/sdk/10.0.104/Sdks/Microsoft.NET.Sdk/targets/Microsoft.NET.Sdk.targets(799,5): message :       BeforeCompile;
       /usr/lib/dotnet/sdk/10.0.104/Sdks/Microsoft.NET.Sdk/targets/Microsoft.NET.Sdk.targets(799,5): message :       _TimeStampBeforeCompile;
       /usr/lib/dotnet/sdk/10.0.104/Sdks/Microsoft.NET.Sdk/targets/Microsoft.NET.Sdk.targets(799,5): message :       _GenerateCompileDependencyCache;
       /usr/lib/dotnet/sdk/10.0.104/Sdks/Microsoft.NET.Sdk/targets/Microsoft.NET.Sdk.targets(799,5): message :       CoreCompile;
       /usr/lib/dotnet/sdk/10.0.104/Sdks/Microsoft.NET.Sdk/targets/Microsoft.NET.Sdk.targets(799,5): message :       _TimeStampAfterCompile;
       /usr/lib/dotnet/sdk/10.0.104/Sdks/Microsoft.NET.Sdk/targets/Microsoft.NET.Sdk.targets(799,5): message :       AfterCompile;
       /usr/lib/dotnet/sdk/10.0.104/Sdks/Microsoft.NET.Sdk/targets/Microsoft.NET.Sdk.targets(799,5): message :     ") at /usr/lib/dotnet/sdk/10.0.104/Sdks/Microsoft.NET.Sdk/targets/Microsoft.NET.Sdk.targets (799,5)
       /usr/lib/dotnet/sdk/10.0.104/Sdks/Microsoft.NET.Sdk/targets/Microsoft.NET.Sdk.targets(1131,5): message : Property reassignment: $(CreateSatelliteAssembliesDependsOn)="
       /usr/lib/dotnet/sdk/10.0.104/Sdks/Microsoft.NET.Sdk/targets/Microsoft.NET.Sdk.targets(1131,5): message :       
       /usr/lib/dotnet/sdk/10.0.104/Sdks/Microsoft.NET.Sdk/targets/Microsoft.NET.Sdk.targets(1131,5): message :       ;
       /usr/lib/dotnet/sdk/10.0.104/Sdks/Microsoft.NET.Sdk/targets/Microsoft.NET.Sdk.targets(1131,5): message :       _GenerateSatelliteAssemblyInputs;
       /usr/lib/dotnet/sdk/10.0.104/Sdks/Microsoft.NET.Sdk/targets/Microsoft.NET.Sdk.targets(1131,5): message :       ComputeIntermediateSatelliteAssemblies;
       /usr/lib/dotnet/sdk/10.0.104/Sdks/Microsoft.NET.Sdk/targets/Microsoft.NET.Sdk.targets(1131,5): message :       GenerateSatelliteAssemblies
       /usr/lib/dotnet/sdk/10.0.104/Sdks/Microsoft.NET.Sdk/targets/Microsoft.NET.Sdk.targets(1131,5): message :     ;
       /usr/lib/dotnet/sdk/10.0.104/Sdks/Microsoft.NET.Sdk/targets/Microsoft.NET.Sdk.targets(1131,5): message :       CoreGenerateSatelliteAssemblies
       /usr/lib/dotnet/sdk/10.0.104/Sdks/Microsoft.NET.Sdk/targets/Microsoft.NET.Sdk.targets(1131,5): message :     " (previous value: "
       /usr/lib/dotnet/sdk/10.0.104/Sdks/Microsoft.NET.Sdk/targets/Microsoft.NET.Sdk.targets(1131,5): message :       ;
       /usr/lib/dotnet/sdk/10.0.104/Sdks/Microsoft.NET.Sdk/targets/Microsoft.NET.Sdk.targets(1131,5): message :       _GenerateSatelliteAssemblyInputs;
       /usr/lib/dotnet/sdk/10.0.104/Sdks/Microsoft.NET.Sdk/targets/Microsoft.NET.Sdk.targets(1131,5): message :       ComputeIntermediateSatelliteAssemblies;
       /usr/lib/dotnet/sdk/10.0.104/Sdks/Microsoft.NET.Sdk/targets/Microsoft.NET.Sdk.targets(1131,5): message :       GenerateSatelliteAssemblies
       /usr/lib/dotnet/sdk/10.0.104/Sdks/Microsoft.NET.Sdk/targets/Microsoft.NET.Sdk.targets(1131,5): message :     ") at /usr/lib/dotnet/sdk/10.0.104/Sdks/Microsoft.NET.Sdk/targets/Microsoft.NET.Sdk.targets (1131,5)
       /usr/lib/dotnet/sdk/10.0.104/Sdks/Microsoft.SourceLink.GitLab/build/Microsoft.SourceLink.GitLab.targets(12,5): message : Property reassignment: $(SourceLinkUrlInitializerTargets)=";_InitializeGitHubSourceLinkUrl;_InitializeGitLabSourceLinkUrl" (previous value: ";_InitializeGitHubSourceLinkUrl") at /usr/lib/dotnet/sdk/10.0.104/Sdks/Microsoft.SourceLink.GitLab/build/Microsoft.SourceLink.GitLab.targets (12,5)
       /usr/lib/dotnet/sdk/10.0.104/Sdks/Microsoft.SourceLink.GitLab/build/Microsoft.SourceLink.GitLab.targets(13,5): message : Property reassignment: $(SourceControlManagerUrlTranslationTargets)=";TranslateGitHubUrlsInSourceControlInformation;TranslateGitLabUrlsInSourceControlInformation" (previous value: ";TranslateGitHubUrlsInSourceControlInformation") at /usr/lib/dotnet/sdk/10.0.104/Sdks/Microsoft.SourceLink.GitLab/build/Microsoft.SourceLink.GitLab.targets (13,5)
       /usr/lib/dotnet/sdk/10.0.104/Sdks/Microsoft.SourceLink.AzureRepos.Git/build/Microsoft.SourceLink.AzureRepos.Git.targets(12,5): message : Property reassignment: $(SourceLinkUrlInitializerTargets)=";_InitializeGitHubSourceLinkUrl;_InitializeGitLabSourceLinkUrl;_InitializeAzureReposGitSourceLinkUrl" (previous value: ";_InitializeGitHubSourceLinkUrl;_InitializeGitLabSourceLinkUrl") at /usr/lib/dotnet/sdk/10.0.104/Sdks/Microsoft.SourceLink.AzureRepos.Git/build/Microsoft.SourceLink.AzureRepos.Git.targets (12,5)
       /usr/lib/dotnet/sdk/10.0.104/Sdks/Microsoft.SourceLink.AzureRepos.Git/build/Microsoft.SourceLink.AzureRepos.Git.targets(13,5): message : Property reassignment: $(SourceControlManagerUrlTranslationTargets)=";TranslateGitHubUrlsInSourceControlInformation;TranslateGitLabUrlsInSourceControlInformation;TranslateAzureReposGitUrlsInSourceControlInformation" (previous value: ";TranslateGitHubUrlsInSourceControlInformation;TranslateGitLabUrlsInSourceControlInformation") at /usr/lib/dotnet/sdk/10.0.104/Sdks/Microsoft.SourceLink.AzureRepos.Git/build/Microsoft.SourceLink.AzureRepos.Git.targets (13,5)
       /usr/lib/dotnet/sdk/10.0.104/Sdks/Microsoft.SourceLink.Bitbucket.Git/build/Microsoft.SourceLink.Bitbucket.Git.targets(12,5): message : Property reassignment: $(SourceLinkUrlInitializerTargets)=";_InitializeGitHubSourceLinkUrl;_InitializeGitLabSourceLinkUrl;_InitializeAzureReposGitSourceLinkUrl;_InitializeBitbucketGitSourceLinkUrl" (previous value: ";_InitializeGitHubSourceLinkUrl;_InitializeGitLabSourceLinkUrl;_InitializeAzureReposGitSourceLinkUrl") at /usr/lib/dotnet/sdk/10.0.104/Sdks/Microsoft.SourceLink.Bitbucket.Git/build/Microsoft.SourceLink.Bitbucket.Git.targets (12,5)
       /usr/lib/dotnet/sdk/10.0.104/Sdks/Microsoft.SourceLink.Bitbucket.Git/build/Microsoft.SourceLink.Bitbucket.Git.targets(13,5): message : Property reassignment: $(SourceControlManagerUrlTranslationTargets)=";TranslateGitHubUrlsInSourceControlInformation;TranslateGitLabUrlsInSourceControlInformation;TranslateAzureReposGitUrlsInSourceControlInformation;TranslateBitbucketGitUrlsInSourceControlInformation" (previous value: ";TranslateGitHubUrlsInSourceControlInformation;TranslateGitLabUrlsInSourceControlInformation;TranslateAzureReposGitUrlsInSourceControlInformation") at /usr/lib/dotnet/sdk/10.0.104/Sdks/Microsoft.SourceLink.Bitbucket.Git/build/Microsoft.SourceLink.Bitbucket.Git.targets (13,5)
       /usr/lib/dotnet/sdk/10.0.104/Sdks/Microsoft.NET.Sdk/targets/Microsoft.NET.DesignerSupport.targets(21,5): message : Property reassignment: $(DesignerRuntimeImplementationProjectOutputGroupDependsOn)="
       /usr/lib/dotnet/sdk/10.0.104/Sdks/Microsoft.NET.Sdk/targets/Microsoft.NET.DesignerSupport.targets(21,5): message :       
       /usr/lib/dotnet/sdk/10.0.104/Sdks/Microsoft.NET.Sdk/targets/Microsoft.NET.DesignerSupport.targets(21,5): message :       ;
       /usr/lib/dotnet/sdk/10.0.104/Sdks/Microsoft.NET.Sdk/targets/Microsoft.NET.DesignerSupport.targets(21,5): message :       
       /usr/lib/dotnet/sdk/10.0.104/Sdks/Microsoft.NET.Sdk/targets/Microsoft.NET.DesignerSupport.targets(21,5): message :       ;
       /usr/lib/dotnet/sdk/10.0.104/Sdks/Microsoft.NET.Sdk/targets/Microsoft.NET.DesignerSupport.targets(21,5): message :       BuildOnlySettings;
       /usr/lib/dotnet/sdk/10.0.104/Sdks/Microsoft.NET.Sdk/targets/Microsoft.NET.DesignerSupport.targets(21,5): message :       PrepareForBuild;
       /usr/lib/dotnet/sdk/10.0.104/Sdks/Microsoft.NET.Sdk/targets/Microsoft.NET.DesignerSupport.targets(21,5): message :       AssignTargetPaths;
       /usr/lib/dotnet/sdk/10.0.104/Sdks/Microsoft.NET.Sdk/targets/Microsoft.NET.DesignerSupport.targets(21,5): message :       ResolveReferences
       /usr/lib/dotnet/sdk/10.0.104/Sdks/Microsoft.NET.Sdk/targets/Microsoft.NET.DesignerSupport.targets(21,5): message :     
       /usr/lib/dotnet/sdk/10.0.104/Sdks/Microsoft.NET.Sdk/targets/Microsoft.NET.DesignerSupport.targets(21,5): message :     ;
       /usr/lib/dotnet/sdk/10.0.104/Sdks/Microsoft.NET.Sdk/targets/Microsoft.NET.DesignerSupport.targets(21,5): message :       _GenerateDesignerDepsFile;
       /usr/lib/dotnet/sdk/10.0.104/Sdks/Microsoft.NET.Sdk/targets/Microsoft.NET.DesignerSupport.targets(21,5): message :       _GenerateDesignerRuntimeConfigFile;
       /usr/lib/dotnet/sdk/10.0.104/Sdks/Microsoft.NET.Sdk/targets/Microsoft.NET.DesignerSupport.targets(21,5): message :       GetCopyToOutputDirectoryItems;
       /usr/lib/dotnet/sdk/10.0.104/Sdks/Microsoft.NET.Sdk/targets/Microsoft.NET.DesignerSupport.targets(21,5): message :       _GatherDesignerShadowCopyFiles;
       /usr/lib/dotnet/sdk/10.0.104/Sdks/Microsoft.NET.Sdk/targets/Microsoft.NET.DesignerSupport.targets(21,5): message :     " (previous value: "
       /usr/lib/dotnet/sdk/10.0.104/Sdks/Microsoft.NET.Sdk/targets/Microsoft.NET.DesignerSupport.targets(21,5): message :       ;
       /usr/lib/dotnet/sdk/10.0.104/Sdks/Microsoft.NET.Sdk/targets/Microsoft.NET.DesignerSupport.targets(21,5): message :       
       /usr/lib/dotnet/sdk/10.0.104/Sdks/Microsoft.NET.Sdk/targets/Microsoft.NET.DesignerSupport.targets(21,5): message :       ;
       /usr/lib/dotnet/sdk/10.0.104/Sdks/Microsoft.NET.Sdk/targets/Microsoft.NET.DesignerSupport.targets(21,5): message :       BuildOnlySettings;
       /usr/lib/dotnet/sdk/10.0.104/Sdks/Microsoft.NET.Sdk/targets/Microsoft.NET.DesignerSupport.targets(21,5): message :       PrepareForBuild;
       /usr/lib/dotnet/sdk/10.0.104/Sdks/Microsoft.NET.Sdk/targets/Microsoft.NET.DesignerSupport.targets(21,5): message :       AssignTargetPaths;
       /usr/lib/dotnet/sdk/10.0.104/Sdks/Microsoft.NET.Sdk/targets/Microsoft.NET.DesignerSupport.targets(21,5): message :       ResolveReferences
       /usr/lib/dotnet/sdk/10.0.104/Sdks/Microsoft.NET.Sdk/targets/Microsoft.NET.DesignerSupport.targets(21,5): message :     
       /usr/lib/dotnet/sdk/10.0.104/Sdks/Microsoft.NET.Sdk/targets/Microsoft.NET.DesignerSupport.targets(21,5): message :     ") at /usr/lib/dotnet/sdk/10.0.104/Sdks/Microsoft.NET.Sdk/targets/Microsoft.NET.DesignerSupport.targets (21,5)
       /usr/lib/dotnet/sdk/10.0.104/Sdks/Microsoft.NET.Sdk/targets/Microsoft.NET.Sdk.CSharp.targets(31,5): message : Property reassignment: $(DefineConstants)="TRACE;DEBUG" (previous value: "TRACE") at /usr/lib/dotnet/sdk/10.0.104/Sdks/Microsoft.NET.Sdk/targets/Microsoft.NET.Sdk.CSharp.targets (31,5)
       /usr/lib/dotnet/sdk/10.0.104/Sdks/Microsoft.NET.Sdk/targets/Microsoft.NET.Sdk.CSharp.targets(45,5): message : Property reassignment: $(WarningsAsErrors)=";NU1605;SYSLIB0011" (previous value: ";NU1605") at /usr/lib/dotnet/sdk/10.0.104/Sdks/Microsoft.NET.Sdk/targets/Microsoft.NET.Sdk.CSharp.targets (45,5)
       /usr/lib/dotnet/sdk/10.0.104/NuGet.Build.Tasks.Pack.targets(34,5): message : Property reassignment: $(PackageDescription)="Package Description" (previous value: "") at /usr/lib/dotnet/sdk/10.0.104/NuGet.Build.Tasks.Pack.targets (34,5)
       /usr/lib/dotnet/sdk/10.0.104/NuGet.Build.Tasks.Pack.targets(59,5): message : Property reassignment: $(GenerateNuspecDependsOn)="Build;_LoadPackInputItems; _GetTargetFrameworksOutput; _WalkEachTargetPerFramework; _GetPackageFiles; " (previous value: "_LoadPackInputItems; _GetTargetFrameworksOutput; _WalkEachTargetPerFramework; _GetPackageFiles; ") at /usr/lib/dotnet/sdk/10.0.104/NuGet.Build.Tasks.Pack.targets (59,5)
       /usr/lib/dotnet/sdk/10.0.104/Sdks/Microsoft.NET.Sdk/Sdk/Sdk.targets(59,5): message : Property reassignment: $(_IsNotSetContainersTargetsDir)="true" (previous value: "false") at /usr/lib/dotnet/sdk/10.0.104/Sdks/Microsoft.NET.Sdk/Sdk/Sdk.targets (59,5)
       /usr/lib/dotnet/sdk/10.0.104/Containers/build/Microsoft.NET.Build.Containers.targets(5,5): message : Property reassignment: $(_IsSDKContainerAllowedVersion)="true" (previous value: "false") at /usr/lib/dotnet/sdk/10.0.104/Containers/build/Microsoft.NET.Build.Containers.targets (5,5)
       /usr/lib/dotnet/sdk/10.0.104/Containers/build/Microsoft.NET.Build.Containers.targets(15,5): message : Property reassignment: $(_ContainerIsTargetingNet8TFM)="true" (previous value: "false") at /usr/lib/dotnet/sdk/10.0.104/Containers/build/Microsoft.NET.Build.Containers.targets (15,5)
       Overriding target "ResolveFrameworkReferences" in project "/usr/lib/dotnet/sdk/10.0.104/Microsoft.Common.CurrentVersion.targets" with target "ResolveFrameworkReferences" from project "/usr/lib/dotnet/sdk/10.0.104/Sdks/Microsoft.NET.Sdk/targets/Microsoft.NET.Sdk.FrameworkReferenceResolution.targets".
       Overriding target "GenerateSupportedTargetFrameworkAlias" in project "/usr/lib/dotnet/sdk/10.0.104/Microsoft.Common.CurrentVersion.targets" with target "GenerateSupportedTargetFrameworkAlias" from project "/usr/lib/dotnet/sdk/10.0.104/Sdks/Microsoft.NET.Sdk/targets/Microsoft.NET.Sdk.targets".
       Overriding target "GetReferenceAssemblyPaths" in project "/usr/lib/dotnet/sdk/10.0.104/Microsoft.Common.CurrentVersion.targets" with target "GetReferenceAssemblyPaths" from project "/usr/lib/dotnet/sdk/10.0.104/Sdks/Microsoft.NET.Sdk/targets/Microsoft.NET.DisableStandardFrameworkResolution.targets".
       Overriding target "GetFrameworkPaths" in project "/usr/lib/dotnet/sdk/10.0.104/Microsoft.Common.CurrentVersion.targets" with target "GetFrameworkPaths" from project "/usr/lib/dotnet/sdk/10.0.104/Sdks/Microsoft.NET.Sdk/targets/Microsoft.NET.DisableStandardFrameworkResolution.targets".
       Overriding target "DesignerRuntimeImplementationProjectOutputGroup" in project "/usr/lib/dotnet/sdk/10.0.104/Microsoft.Common.CurrentVersion.targets" with target "DesignerRuntimeImplementationProjectOutputGroup" from project "/usr/lib/dotnet/sdk/10.0.104/Sdks/Microsoft.NET.Sdk/targets/Microsoft.NET.DesignerSupport.targets".
       Overriding target "Publish" in project "/usr/lib/dotnet/sdk/10.0.104/Microsoft.Common.CurrentVersion.targets" with target "Publish" from project "/usr/lib/dotnet/sdk/10.0.104/Sdks/Microsoft.NET.Sdk/targets/Microsoft.NET.Publish.targets".
       Overriding target "ResolveReadyToRunCompilers" in project "/usr/lib/dotnet/sdk/10.0.104/Sdks/Microsoft.NET.Sdk/targets/Microsoft.NET.CrossGen.targets" with target "ResolveReadyToRunCompilers" from project "/usr/lib/dotnet/sdk/10.0.104/Sdks/Microsoft.NET.Sdk/targets/Microsoft.NET.Publish.targets".
       Overriding target "GetCopyToPublishDirectoryItems" in project "/usr/lib/dotnet/sdk/10.0.104/Microsoft.Common.CurrentVersion.targets" with target "GetCopyToPublishDirectoryItems" from project "/usr/lib/dotnet/sdk/10.0.104/Sdks/Microsoft.NET.Sdk/targets/Microsoft.NET.Publish.targets".
       Overriding target "Run" in project "/usr/lib/dotnet/sdk/10.0.104/Microsoft.Common.CurrentVersion.targets" with target "Run" from project "/usr/lib/dotnet/sdk/10.0.104/Sdks/Microsoft.NET.Sdk/targets/Microsoft.NET.Sdk.targets".
   1:3>Project "/home/tsgomes/mcad/services/cadastro-api/2-Application/Cadastro.Application/Cadastro.Application.csproj" (1:3) is building "/home/tsgomes/mcad/services/cadastro-api/3-Domain/Cadastro.Domain/Cadastro.Domain.csproj" (2) on node 1 (_GenerateRestoreProjectPathWalk target(s)).
     2>Target "_GenerateRestoreProjectPathItemsPerFramework" in file "/usr/lib/dotnet/sdk/10.0.104/NuGet.targets" from project "/home/tsgomes/mcad/services/cadastro-api/3-Domain/Cadastro.Domain/Cadastro.Domain.csproj" (target "_GenerateRestoreProjectPathItemsCurrentProject" depends on it):
     2>Task "ConvertToAbsolutePath"
       Done executing task "ConvertToAbsolutePath".
     2>Done building target "_GenerateRestoreProjectPathItemsPerFramework" in project "Cadastro.Domain.csproj".
     2>Target "_GenerateRestoreProjectPathItemsCurrentProject" in file "/usr/lib/dotnet/sdk/10.0.104/NuGet.targets" from project "/home/tsgomes/mcad/services/cadastro-api/3-Domain/Cadastro.Domain/Cadastro.Domain.csproj" (target "_GenerateRestoreProjectPathItems" depends on it):
     2>Done building target "_GenerateRestoreProjectPathItemsCurrentProject" in project "Cadastro.Domain.csproj".
     2>Target "_GenerateRestoreProjectPathItems" in file "/usr/lib/dotnet/sdk/10.0.104/NuGet.targets" from project "/home/tsgomes/mcad/services/cadastro-api/3-Domain/Cadastro.Domain/Cadastro.Domain.csproj" (target "_GenerateRestoreProjectPathWalk" depends on it):
       Task "RemoveDuplicates"
       Done executing task "RemoveDuplicates".
     2>Done building target "_GenerateRestoreProjectPathItems" in project "Cadastro.Domain.csproj".
     2>Target "_GenerateRestoreProjectPathWalk" in file "/usr/lib/dotnet/sdk/10.0.104/NuGet.targets" from project "/home/tsgomes/mcad/services/cadastro-api/3-Domain/Cadastro.Domain/Cadastro.Domain.csproj" (entry point):
       Task "MSBuild"
       Done executing task "MSBuild".
       Task "RemoveDuplicates"
       Done executing task "RemoveDuplicates".
     2>Done building target "_GenerateRestoreProjectPathWalk" in project "Cadastro.Domain.csproj".
     2>Done Building Project "/home/tsgomes/mcad/services/cadastro-api/3-Domain/Cadastro.Domain/Cadastro.Domain.csproj" (_GenerateRestoreProjectPathWalk target(s)).
   1:3>Done executing task "MSBuild".
       Task "RemoveDuplicates"
       Done executing task "RemoveDuplicates".
   1:3>Done building target "_GenerateRestoreProjectPathWalk" in project "Cadastro.Application.csproj".
   1:3>Done Building Project "/home/tsgomes/mcad/services/cadastro-api/2-Application/Cadastro.Application/Cadastro.Application.csproj" (_GenerateRestoreProjectPathWalk target(s)).
     1>Done executing task "MSBuild".
       Task "RemoveDuplicates"
       Done executing task "RemoveDuplicates".
       Task "MSBuild"
         Global Properties:
           ExcludeRestorePackageImports=true
     1>Project "/home/tsgomes/mcad/services/cadastro-api/2-Application/Cadastro.Application/Cadastro.Application.csproj" (1) is building "/home/tsgomes/mcad/services/cadastro-api/2-Application/Cadastro.Application/Cadastro.Application.csproj" (1:4) on node 1 (_IsProjectRestoreSupported target(s)).
   1:4>Target "_IsProjectRestoreSupported" skipped. Previously built successfully.
   1:4>Done Building Project "/home/tsgomes/mcad/services/cadastro-api/2-Application/Cadastro.Application/Cadastro.Application.csproj" (_IsProjectRestoreSupported target(s)).
     1>Project "/home/tsgomes/mcad/services/cadastro-api/2-Application/Cadastro.Application/Cadastro.Application.csproj" (1) is building "/home/tsgomes/mcad/services/cadastro-api/3-Domain/Cadastro.Domain/Cadastro.Domain.csproj" (2:2) on node 1 (_IsProjectRestoreSupported target(s)).
   2:2>Target "_IsProjectRestoreSupported" in file "/usr/lib/dotnet/sdk/10.0.104/NuGet.targets" from project "/home/tsgomes/mcad/services/cadastro-api/3-Domain/Cadastro.Domain/Cadastro.Domain.csproj" (entry point):
   2:2>Done building target "_IsProjectRestoreSupported" in project "Cadastro.Domain.csproj".
   2:2>Done Building Project "/home/tsgomes/mcad/services/cadastro-api/3-Domain/Cadastro.Domain/Cadastro.Domain.csproj" (_IsProjectRestoreSupported target(s)).
     1>Done executing task "MSBuild".
     1>Done building target "_GetAllRestoreProjectPathItems" in project "Cadastro.Application.csproj".
     1>Target "_GenerateRestoreGraph" in file "/usr/lib/dotnet/sdk/10.0.104/NuGet.targets" from project "/home/tsgomes/mcad/services/cadastro-api/2-Application/Cadastro.Application/Cadastro.Application.csproj" (target "Restore" depends on it):
       Using "Message" task from assembly "Microsoft.Build.Tasks.Core, Version=15.1.0.0, Culture=neutral, PublicKeyToken=b03f5f7f11d50a3a".
       Task "Message"
         Generating dg file
       Done executing task "Message".
       Task "Message"
         /home/tsgomes/mcad/services/cadastro-api/3-Domain/Cadastro.Domain/Cadastro.Domain.csproj
       Done executing task "Message".
       Task "Message"
         /home/tsgomes/mcad/services/cadastro-api/2-Application/Cadastro.Application/Cadastro.Application.csproj
       Done executing task "Message".
       Task "MSBuild"
         Global Properties:
           ExcludeRestorePackageImports=true
     1>Project "/home/tsgomes/mcad/services/cadastro-api/2-Application/Cadastro.Application/Cadastro.Application.csproj" (1) is building "/home/tsgomes/mcad/services/cadastro-api/3-Domain/Cadastro.Domain/Cadastro.Domain.csproj" (2:3) on node 1 (_GenerateRestoreGraphProjectEntry target(s)).
   2:3>Target "_CheckForUnsupportedNETCoreVersion" in file "/usr/lib/dotnet/sdk/10.0.104/Sdks/Microsoft.NET.Sdk/targets/Microsoft.NET.TargetFrameworkInference.targets" from project "/home/tsgomes/mcad/services/cadastro-api/3-Domain/Cadastro.Domain/Cadastro.Domain.csproj" (target "CollectPackageReferences" depends on it):
   2:3>Done building target "_CheckForUnsupportedNETCoreVersion" in project "Cadastro.Domain.csproj".
   2:3>Target "_CheckForUnsupportedCppNETCoreVersion" in file "/usr/lib/dotnet/sdk/10.0.104/Sdks/Microsoft.NET.Sdk/targets/Microsoft.NET.TargetFrameworkInference.targets" from project "/home/tsgomes/mcad/services/cadastro-api/3-Domain/Cadastro.Domain/Cadastro.Domain.csproj" (target "CollectPackageReferences" depends on it):
   2:3>Done building target "_CheckForUnsupportedCppNETCoreVersion" in project "Cadastro.Domain.csproj".
   2:3>Target "CheckForImplicitPackageReferenceOverrides" in file "/usr/lib/dotnet/sdk/10.0.104/Sdks/Microsoft.NET.Sdk/targets/Microsoft.NET.Sdk.DefaultItems.Shared.targets" from project "/home/tsgomes/mcad/services/cadastro-api/3-Domain/Cadastro.Domain/Cadastro.Domain.csproj" (target "CollectPackageReferences" depends on it):
       Using "CheckForImplicitPackageReferenceOverrides" task from assembly "/usr/lib/dotnet/sdk/10.0.104/Sdks/Microsoft.NET.Sdk/targets/../tools/net10.0/Microsoft.NET.Build.Tasks.dll".
       Task "CheckForImplicitPackageReferenceOverrides"
       Done executing task "CheckForImplicitPackageReferenceOverrides".
   2:3>Done building target "CheckForImplicitPackageReferenceOverrides" in project "Cadastro.Domain.csproj".
   2:3>Target "_CheckForLanguageAndFeatureCombinationSupport" in file "/usr/lib/dotnet/sdk/10.0.104/Sdks/Microsoft.NET.Sdk/targets/Microsoft.NET.RuntimeIdentifierInference.targets" from project "/home/tsgomes/mcad/services/cadastro-api/3-Domain/Cadastro.Domain/Cadastro.Domain.csproj" (target "ProcessFrameworkReferences" depends on it):
   2:3>Done building target "_CheckForLanguageAndFeatureCombinationSupport" in project "Cadastro.Domain.csproj".
   2:3>Target "_ComputeToolPackInputsToProcessFrameworkReferences" in file "/usr/lib/dotnet/sdk/10.0.104/Sdks/Microsoft.NET.Sdk/targets/Microsoft.NET.Publish.targets" from project "/home/tsgomes/mcad/services/cadastro-api/3-Domain/Cadastro.Domain/Cadastro.Domain.csproj" (target "ProcessFrameworkReferences" depends on it):
   2:3>Done building target "_ComputeToolPackInputsToProcessFrameworkReferences" in project "Cadastro.Domain.csproj".
   2:3>Target "ProcessFrameworkReferences" in file "/usr/lib/dotnet/sdk/10.0.104/Sdks/Microsoft.NET.Sdk/targets/Microsoft.NET.Sdk.FrameworkReferenceResolution.targets" from project "/home/tsgomes/mcad/services/cadastro-api/3-Domain/Cadastro.Domain/Cadastro.Domain.csproj" (target "CollectPackageReferences" depends on it):
       Using "CheckForDuplicateFrameworkReferences" task from assembly "/usr/lib/dotnet/sdk/10.0.104/Sdks/Microsoft.NET.Sdk/targets/../tools/net10.0/Microsoft.NET.Build.Tasks.dll".
       Task "CheckForDuplicateFrameworkReferences"
       Done executing task "CheckForDuplicateFrameworkReferences".
       Using "ProcessFrameworkReferences" task from assembly "/usr/lib/dotnet/sdk/10.0.104/Sdks/Microsoft.NET.Sdk/targets/../tools/net10.0/Microsoft.NET.Build.Tasks.dll".
       Task "ProcessFrameworkReferences"
         Found 1 known framework references for target framework .NETCoreApp
         Found 5 known runtime packs for target framework .NETCoreApp
         Selected Microsoft.NETCore.App with RIDs 'linux-arm;linux-arm64;linux-musl-arm64;linux-musl-x64;linux-x64;osx-x64;tizen.4.0.0-armel;tizen.5.0.0-armel;win-arm64;win-x64;win-x86;linux-musl-arm;osx-arm64;linux-s390x;linux-loongarch64;linux-bionic-arm;linux-bionic-arm64;linux-bionic-x64;linux-bionic-x86;linux-ppc64le;freebsd-x64;freebsd-arm64'
         Selected targeting pack 'Microsoft.NETCore.App@8.0.25'
         Added runtime framework 'Microsoft.NETCore.App@8.0.0'
         Ignoring framework reference to Microsoft.WindowsDesktop.App as it is Windows-only and the current platform is not Windows.
         Ignoring framework reference to Microsoft.WindowsDesktop.App.WPF as it is Windows-only and the current platform is not Windows.
         Ignoring framework reference to Microsoft.WindowsDesktop.App.WindowsForms as it is Windows-only and the current platform is not Windows.
         Selected Microsoft.AspNetCore.App with RIDs 'win-x64;win-x86;osx-x64;linux-musl-x64;linux-musl-arm64;linux-x64;linux-arm;linux-arm64;linux-musl-arm;win-arm64;osx-arm64;linux-s390x;linux-loongarch64;linux-ppc64le;freebsd-x64;freebsd-arm64'
         Selected targeting pack 'Microsoft.AspNetCore.App@8.0.25'
         Added runtime framework 'Microsoft.AspNetCore.App@8.0.0'
       Done executing task "ProcessFrameworkReferences".
       Using "ResolveAppHosts" task from assembly "/usr/lib/dotnet/sdk/10.0.104/Sdks/Microsoft.NET.Sdk/targets/../tools/net10.0/Microsoft.NET.Build.Tasks.dll".
       Task "ResolveAppHosts"
       Done executing task "ResolveAppHosts".
   2:3>Done building target "ProcessFrameworkReferences" in project "Cadastro.Domain.csproj".
   2:3>Target "_CheckForObsoleteDotNetCliToolReferences" in file "/usr/lib/dotnet/sdk/10.0.104/Sdks/Microsoft.NET.Sdk/targets/Microsoft.NET.ObsoleteReferences.targets" from project "/home/tsgomes/mcad/services/cadastro-api/3-Domain/Cadastro.Domain/Cadastro.Domain.csproj" (target "CollectPackageReferences" depends on it):
   2:3>Done building target "_CheckForObsoleteDotNetCliToolReferences" in project "Cadastro.Domain.csproj".
   2:3>Target "CollectPackageReferences" in file "/usr/lib/dotnet/sdk/10.0.104/NuGet.targets" from project "/home/tsgomes/mcad/services/cadastro-api/3-Domain/Cadastro.Domain/Cadastro.Domain.csproj" (target "_GetRestoreProjectStyle" depends on it):
       Using "CheckForDuplicateNuGetItemsTask" task from assembly "/usr/lib/dotnet/sdk/10.0.104/NuGet.Build.Tasks.dll".
       Task "CheckForDuplicateNuGetItemsTask"
       Done executing task "CheckForDuplicateNuGetItemsTask".
   2:3>Done building target "CollectPackageReferences" in project "Cadastro.Domain.csproj".
   2:3>Target "_GetRestoreProjectStyle" in file "/usr/lib/dotnet/sdk/10.0.104/NuGet.targets" from project "/home/tsgomes/mcad/services/cadastro-api/3-Domain/Cadastro.Domain/Cadastro.Domain.csproj" (target "_GenerateRestoreSpecs" depends on it):
       Using "GetRestoreProjectStyleTask" task from assembly "/usr/lib/dotnet/sdk/10.0.104/NuGet.Build.Tasks.dll".
       Task "GetRestoreProjectStyleTask"
       Done executing task "GetRestoreProjectStyleTask".
   2:3>Done building target "_GetRestoreProjectStyle" in project "Cadastro.Domain.csproj".
   2:3>Target "_GenerateRestoreSpecs" in file "/usr/lib/dotnet/sdk/10.0.104/NuGet.targets" from project "/home/tsgomes/mcad/services/cadastro-api/3-Domain/Cadastro.Domain/Cadastro.Domain.csproj" (target "_GenerateRestoreGraphProjectEntry" depends on it):
       Task "Message"
         Restore entry point /home/tsgomes/mcad/services/cadastro-api/3-Domain/Cadastro.Domain/Cadastro.Domain.csproj
       Done executing task "Message".
   2:3>Done building target "_GenerateRestoreSpecs" in project "Cadastro.Domain.csproj".
   2:3>Target "_GetRestoreSettingsOverrides" in file "/usr/lib/dotnet/sdk/10.0.104/NuGet.targets" from project "/home/tsgomes/mcad/services/cadastro-api/3-Domain/Cadastro.Domain/Cadastro.Domain.csproj" (target "_GetRestoreSettings" depends on it):
   2:3>Done building target "_GetRestoreSettingsOverrides" in project "Cadastro.Domain.csproj".
   2:3>Target "_GetRestoreSettingsPerFramework" in file "/usr/lib/dotnet/sdk/10.0.104/NuGet.targets" from project "/home/tsgomes/mcad/services/cadastro-api/3-Domain/Cadastro.Domain/Cadastro.Domain.csproj" (target "_GetRestoreSettingsCurrentProject" depends on it):
   2:3>Done building target "_GetRestoreSettingsPerFramework" in project "Cadastro.Domain.csproj".
   2:3>Target "_GetRestoreSettingsCurrentProject" in file "/usr/lib/dotnet/sdk/10.0.104/NuGet.targets" from project "/home/tsgomes/mcad/services/cadastro-api/3-Domain/Cadastro.Domain/Cadastro.Domain.csproj" (target "_GetRestoreSettings" depends on it):
   2:3>Done building target "_GetRestoreSettingsCurrentProject" in project "Cadastro.Domain.csproj".
   2:3>Target "_GetRestoreSettings" in file "/usr/lib/dotnet/sdk/10.0.104/NuGet.targets" from project "/home/tsgomes/mcad/services/cadastro-api/3-Domain/Cadastro.Domain/Cadastro.Domain.csproj" (target "_GenerateDotnetCliToolReferenceSpecs" depends on it):
       Using "GetRestoreSettingsTask" task from assembly "/usr/lib/dotnet/sdk/10.0.104/NuGet.Build.Tasks.dll".
       Task "GetRestoreSettingsTask"
         Assembly loaded during TaskRun (NuGet.Build.Tasks.GetRestoreSettingsTask): NuGet.Configuration, Version=7.0.2.0, Culture=neutral, PublicKeyToken=31bf3856ad364e35 (location: /usr/lib/dotnet/sdk/10.0.104/NuGet.Configuration.dll, MVID: 55706f9c-3439-4ac4-a495-1acb64d536b6, AssemblyLoadContext: MSBuild plugin /usr/lib/dotnet/sdk/10.0.104/NuGet.Build.Tasks.dll)
         Assembly loaded during TaskRun (NuGet.Build.Tasks.GetRestoreSettingsTask): System.Xml.XDocument, Version=10.0.0.0, Culture=neutral, PublicKeyToken=b03f5f7f11d50a3a (location: /usr/lib/dotnet/shared/Microsoft.NETCore.App/10.0.4/System.Xml.XDocument.dll, MVID: 8f699155-843c-4841-8422-ce97c26a2e92, AssemblyLoadContext: Default)
         Assembly loaded during TaskRun (NuGet.Build.Tasks.GetRestoreSettingsTask): System.Private.Xml.Linq, Version=10.0.0.0, Culture=neutral, PublicKeyToken=cc7b13ffcd2ddd51 (location: /usr/lib/dotnet/shared/Microsoft.NETCore.App/10.0.4/System.Private.Xml.Linq.dll, MVID: fe8c2291-3f71-48fa-b318-0a4009dc2021, AssemblyLoadContext: Default)
       Done executing task "GetRestoreSettingsTask".
   2:3>Done building target "_GetRestoreSettings" in project "Cadastro.Domain.csproj".
   2:3>Target "_GenerateDotnetCliToolReferenceSpecs" in file "/usr/lib/dotnet/sdk/10.0.104/NuGet.targets" from project "/home/tsgomes/mcad/services/cadastro-api/3-Domain/Cadastro.Domain/Cadastro.Domain.csproj" (target "_GenerateRestoreGraphProjectEntry" depends on it):
       Using "GetRestoreDotnetCliToolsTask" task from assembly "/usr/lib/dotnet/sdk/10.0.104/NuGet.Build.Tasks.dll".
       Task "GetRestoreDotnetCliToolsTask"
       Done executing task "GetRestoreDotnetCliToolsTask".
   2:3>Done building target "_GenerateDotnetCliToolReferenceSpecs" in project "Cadastro.Domain.csproj".
   2:3>Target "_GenerateRestoreGraphProjectEntry" in file "/usr/lib/dotnet/sdk/10.0.104/NuGet.targets" from project "/home/tsgomes/mcad/services/cadastro-api/3-Domain/Cadastro.Domain/Cadastro.Domain.csproj" (entry point):
   2:3>Done building target "_GenerateRestoreGraphProjectEntry" in project "Cadastro.Domain.csproj".
   2:3>Done Building Project "/home/tsgomes/mcad/services/cadastro-api/3-Domain/Cadastro.Domain/Cadastro.Domain.csproj" (_GenerateRestoreGraphProjectEntry target(s)).
     1>Project "/home/tsgomes/mcad/services/cadastro-api/2-Application/Cadastro.Application/Cadastro.Application.csproj" (1) is building "/home/tsgomes/mcad/services/cadastro-api/2-Application/Cadastro.Application/Cadastro.Application.csproj" (1:5) on node 1 (_GenerateRestoreGraphProjectEntry target(s)).
   1:5>Target "_CheckForUnsupportedNETCoreVersion" in file "/usr/lib/dotnet/sdk/10.0.104/Sdks/Microsoft.NET.Sdk/targets/Microsoft.NET.TargetFrameworkInference.targets" from project "/home/tsgomes/mcad/services/cadastro-api/2-Application/Cadastro.Application/Cadastro.Application.csproj" (target "CollectPackageReferences" depends on it):
   1:5>Done building target "_CheckForUnsupportedNETCoreVersion" in project "Cadastro.Application.csproj".
   1:5>Target "_CheckForUnsupportedCppNETCoreVersion" in file "/usr/lib/dotnet/sdk/10.0.104/Sdks/Microsoft.NET.Sdk/targets/Microsoft.NET.TargetFrameworkInference.targets" from project "/home/tsgomes/mcad/services/cadastro-api/2-Application/Cadastro.Application/Cadastro.Application.csproj" (target "CollectPackageReferences" depends on it):
   1:5>Done building target "_CheckForUnsupportedCppNETCoreVersion" in project "Cadastro.Application.csproj".
   1:5>Target "UpdateAspNetToFrameworkReference" in file "/usr/lib/dotnet/sdk/10.0.104/Sdks/Microsoft.NET.Sdk/targets/Microsoft.NET.Sdk.DefaultItems.Shared.targets" from project "/home/tsgomes/mcad/services/cadastro-api/2-Application/Cadastro.Application/Cadastro.Application.csproj" (target "ApplyImplicitVersions" depends on it):
       Using "CheckIfPackageReferenceShouldBeFrameworkReference" task from assembly "/usr/lib/dotnet/sdk/10.0.104/Sdks/Microsoft.NET.Sdk/targets/../tools/net10.0/Microsoft.NET.Build.Tasks.dll".
       Task "CheckIfPackageReferenceShouldBeFrameworkReference"
       Done executing task "CheckIfPackageReferenceShouldBeFrameworkReference".
       Task "CheckIfPackageReferenceShouldBeFrameworkReference"
       Done executing task "CheckIfPackageReferenceShouldBeFrameworkReference".
   1:5>Done building target "UpdateAspNetToFrameworkReference" in project "Cadastro.Application.csproj".
   1:5>Target "CheckForImplicitPackageReferenceOverrides" in file "/usr/lib/dotnet/sdk/10.0.104/Sdks/Microsoft.NET.Sdk/targets/Microsoft.NET.Sdk.DefaultItems.Shared.targets" from project "/home/tsgomes/mcad/services/cadastro-api/2-Application/Cadastro.Application/Cadastro.Application.csproj" (target "ApplyImplicitVersions" depends on it):
       Using "CheckForImplicitPackageReferenceOverrides" task from assembly "/usr/lib/dotnet/sdk/10.0.104/Sdks/Microsoft.NET.Sdk/targets/../tools/net10.0/Microsoft.NET.Build.Tasks.dll".
       Task "CheckForImplicitPackageReferenceOverrides"
       Done executing task "CheckForImplicitPackageReferenceOverrides".
   1:5>Done building target "CheckForImplicitPackageReferenceOverrides" in project "Cadastro.Application.csproj".
   1:5>Target "ApplyImplicitVersions" in file "/usr/lib/dotnet/sdk/10.0.104/Sdks/Microsoft.NET.Sdk/targets/Microsoft.NET.Sdk.DefaultItems.Shared.targets" from project "/home/tsgomes/mcad/services/cadastro-api/2-Application/Cadastro.Application/Cadastro.Application.csproj" (target "CollectPackageReferences" depends on it):
       Using "ApplyImplicitVersions" task from assembly "/usr/lib/dotnet/sdk/10.0.104/Sdks/Microsoft.NET.Sdk/targets/../tools/net10.0/Microsoft.NET.Build.Tasks.dll".
       Task "ApplyImplicitVersions"
       Done executing task "ApplyImplicitVersions".
   1:5>Done building target "ApplyImplicitVersions" in project "Cadastro.Application.csproj".
       Target "CheckForImplicitPackageReferenceOverrides" skipped. Previously built successfully.
   1:5>Target "_CheckForLanguageAndFeatureCombinationSupport" in file "/usr/lib/dotnet/sdk/10.0.104/Sdks/Microsoft.NET.Sdk/targets/Microsoft.NET.RuntimeIdentifierInference.targets" from project "/home/tsgomes/mcad/services/cadastro-api/2-Application/Cadastro.Application/Cadastro.Application.csproj" (target "ProcessFrameworkReferences" depends on it):
   1:5>Done building target "_CheckForLanguageAndFeatureCombinationSupport" in project "Cadastro.Application.csproj".
   1:5>Target "_ComputeToolPackInputsToProcessFrameworkReferences" in file "/usr/lib/dotnet/sdk/10.0.104/Sdks/Microsoft.NET.Sdk/targets/Microsoft.NET.Publish.targets" from project "/home/tsgomes/mcad/services/cadastro-api/2-Application/Cadastro.Application/Cadastro.Application.csproj" (target "ProcessFrameworkReferences" depends on it):
   1:5>Done building target "_ComputeToolPackInputsToProcessFrameworkReferences" in project "Cadastro.Application.csproj".
   1:5>Target "ProcessFrameworkReferences" in file "/usr/lib/dotnet/sdk/10.0.104/Sdks/Microsoft.NET.Sdk/targets/Microsoft.NET.Sdk.FrameworkReferenceResolution.targets" from project "/home/tsgomes/mcad/services/cadastro-api/2-Application/Cadastro.Application/Cadastro.Application.csproj" (target "CollectPackageReferences" depends on it):
       Using "CheckForDuplicateFrameworkReferences" task from assembly "/usr/lib/dotnet/sdk/10.0.104/Sdks/Microsoft.NET.Sdk/targets/../tools/net10.0/Microsoft.NET.Build.Tasks.dll".
       Task "CheckForDuplicateFrameworkReferences"
       Done executing task "CheckForDuplicateFrameworkReferences".
       Using "ProcessFrameworkReferences" task from assembly "/usr/lib/dotnet/sdk/10.0.104/Sdks/Microsoft.NET.Sdk/targets/../tools/net10.0/Microsoft.NET.Build.Tasks.dll".
       Task "ProcessFrameworkReferences"
         Found 1 known framework references for target framework .NETCoreApp
         Found 5 known runtime packs for target framework .NETCoreApp
         Selected Microsoft.NETCore.App with RIDs 'linux-arm;linux-arm64;linux-musl-arm64;linux-musl-x64;linux-x64;osx-x64;tizen.4.0.0-armel;tizen.5.0.0-armel;win-arm64;win-x64;win-x86;linux-musl-arm;osx-arm64;linux-s390x;linux-loongarch64;linux-bionic-arm;linux-bionic-arm64;linux-bionic-x64;linux-bionic-x86;linux-ppc64le;freebsd-x64;freebsd-arm64'
         Selected targeting pack 'Microsoft.NETCore.App@8.0.25'
         Added runtime framework 'Microsoft.NETCore.App@8.0.0'
         Ignoring framework reference to Microsoft.WindowsDesktop.App as it is Windows-only and the current platform is not Windows.
         Ignoring framework reference to Microsoft.WindowsDesktop.App.WPF as it is Windows-only and the current platform is not Windows.
         Ignoring framework reference to Microsoft.WindowsDesktop.App.WindowsForms as it is Windows-only and the current platform is not Windows.
         Selected Microsoft.AspNetCore.App with RIDs 'win-x64;win-x86;osx-x64;linux-musl-x64;linux-musl-arm64;linux-x64;linux-arm;linux-arm64;linux-musl-arm;win-arm64;osx-arm64;linux-s390x;linux-loongarch64;linux-ppc64le;freebsd-x64;freebsd-arm64'
         Selected targeting pack 'Microsoft.AspNetCore.App@8.0.25'
         Added runtime framework 'Microsoft.AspNetCore.App@8.0.0'
       Done executing task "ProcessFrameworkReferences".
       Using "ResolveAppHosts" task from assembly "/usr/lib/dotnet/sdk/10.0.104/Sdks/Microsoft.NET.Sdk/targets/../tools/net10.0/Microsoft.NET.Build.Tasks.dll".
       Task "ResolveAppHosts"
       Done executing task "ResolveAppHosts".
   1:5>Done building target "ProcessFrameworkReferences" in project "Cadastro.Application.csproj".
   1:5>Target "_CheckForObsoleteDotNetCliToolReferences" in file "/usr/lib/dotnet/sdk/10.0.104/Sdks/Microsoft.NET.Sdk/targets/Microsoft.NET.ObsoleteReferences.targets" from project "/home/tsgomes/mcad/services/cadastro-api/2-Application/Cadastro.Application/Cadastro.Application.csproj" (target "CollectPackageReferences" depends on it):
   1:5>Done building target "_CheckForObsoleteDotNetCliToolReferences" in project "Cadastro.Application.csproj".
   1:5>Target "CollectPackageReferences" in file "/usr/lib/dotnet/sdk/10.0.104/NuGet.targets" from project "/home/tsgomes/mcad/services/cadastro-api/2-Application/Cadastro.Application/Cadastro.Application.csproj" (target "_GetRestoreProjectStyle" depends on it):
       Using "CheckForDuplicateNuGetItemsTask" task from assembly "/usr/lib/dotnet/sdk/10.0.104/NuGet.Build.Tasks.dll".
       Task "CheckForDuplicateNuGetItemsTask"
       Done executing task "CheckForDuplicateNuGetItemsTask".
   1:5>Done building target "CollectPackageReferences" in project "Cadastro.Application.csproj".
   1:5>Target "_GetRestoreProjectStyle" in file "/usr/lib/dotnet/sdk/10.0.104/NuGet.targets" from project "/home/tsgomes/mcad/services/cadastro-api/2-Application/Cadastro.Application/Cadastro.Application.csproj" (target "_GenerateRestoreSpecs" depends on it):
       Using "GetRestoreProjectStyleTask" task from assembly "/usr/lib/dotnet/sdk/10.0.104/NuGet.Build.Tasks.dll".
       Task "GetRestoreProjectStyleTask"
       Done executing task "GetRestoreProjectStyleTask".
   1:5>Done building target "_GetRestoreProjectStyle" in project "Cadastro.Application.csproj".
   1:5>Target "_GenerateRestoreSpecs" in file "/usr/lib/dotnet/sdk/10.0.104/NuGet.targets" from project "/home/tsgomes/mcad/services/cadastro-api/2-Application/Cadastro.Application/Cadastro.Application.csproj" (target "_GenerateRestoreGraphProjectEntry" depends on it):
       Task "Message"
         Restore entry point /home/tsgomes/mcad/services/cadastro-api/2-Application/Cadastro.Application/Cadastro.Application.csproj
       Done executing task "Message".
   1:5>Done building target "_GenerateRestoreSpecs" in project "Cadastro.Application.csproj".
   1:5>Target "_GetRestoreSettingsOverrides" in file "/usr/lib/dotnet/sdk/10.0.104/NuGet.targets" from project "/home/tsgomes/mcad/services/cadastro-api/2-Application/Cadastro.Application/Cadastro.Application.csproj" (target "_GetRestoreSettings" depends on it):
   1:5>Done building target "_GetRestoreSettingsOverrides" in project "Cadastro.Application.csproj".
   1:5>Target "_GetRestoreSettingsPerFramework" in file "/usr/lib/dotnet/sdk/10.0.104/NuGet.targets" from project "/home/tsgomes/mcad/services/cadastro-api/2-Application/Cadastro.Application/Cadastro.Application.csproj" (target "_GetRestoreSettingsCurrentProject" depends on it):
   1:5>Done building target "_GetRestoreSettingsPerFramework" in project "Cadastro.Application.csproj".
   1:5>Target "_GetRestoreSettingsCurrentProject" in file "/usr/lib/dotnet/sdk/10.0.104/NuGet.targets" from project "/home/tsgomes/mcad/services/cadastro-api/2-Application/Cadastro.Application/Cadastro.Application.csproj" (target "_GetRestoreSettings" depends on it):
   1:5>Done building target "_GetRestoreSettingsCurrentProject" in project "Cadastro.Application.csproj".
   1:5>Target "_GetRestoreSettings" in file "/usr/lib/dotnet/sdk/10.0.104/NuGet.targets" from project "/home/tsgomes/mcad/services/cadastro-api/2-Application/Cadastro.Application/Cadastro.Application.csproj" (target "_GenerateDotnetCliToolReferenceSpecs" depends on it):
       Using "GetRestoreSettingsTask" task from assembly "/usr/lib/dotnet/sdk/10.0.104/NuGet.Build.Tasks.dll".
       Task "GetRestoreSettingsTask"
       Done executing task "GetRestoreSettingsTask".
   1:5>Done building target "_GetRestoreSettings" in project "Cadastro.Application.csproj".
   1:5>Target "_GenerateDotnetCliToolReferenceSpecs" in file "/usr/lib/dotnet/sdk/10.0.104/NuGet.targets" from project "/home/tsgomes/mcad/services/cadastro-api/2-Application/Cadastro.Application/Cadastro.Application.csproj" (target "_GenerateRestoreGraphProjectEntry" depends on it):
       Using "GetRestoreDotnetCliToolsTask" task from assembly "/usr/lib/dotnet/sdk/10.0.104/NuGet.Build.Tasks.dll".
       Task "GetRestoreDotnetCliToolsTask"
       Done executing task "GetRestoreDotnetCliToolsTask".
   1:5>Done building target "_GenerateDotnetCliToolReferenceSpecs" in project "Cadastro.Application.csproj".
   1:5>Target "_GenerateRestoreGraphProjectEntry" in file "/usr/lib/dotnet/sdk/10.0.104/NuGet.targets" from project "/home/tsgomes/mcad/services/cadastro-api/2-Application/Cadastro.Application/Cadastro.Application.csproj" (entry point):
   1:5>Done building target "_GenerateRestoreGraphProjectEntry" in project "Cadastro.Application.csproj".
   1:5>Done Building Project "/home/tsgomes/mcad/services/cadastro-api/2-Application/Cadastro.Application/Cadastro.Application.csproj" (_GenerateRestoreGraphProjectEntry target(s)).
     1>Done executing task "MSBuild".
       Task "MSBuild"
         Global Properties:
           ExcludeRestorePackageImports=true
     1>Project "/home/tsgomes/mcad/services/cadastro-api/2-Application/Cadastro.Application/Cadastro.Application.csproj" (1) is building "/home/tsgomes/mcad/services/cadastro-api/3-Domain/Cadastro.Domain/Cadastro.Domain.csproj" (2:4) on node 1 (_GenerateProjectRestoreGraph target(s)).
   2:4>Target "_GetRestoreProjectStyle" skipped. Previously built successfully.
       Target "_GetRestoreProjectStyle" skipped. Previously built successfully.
       Target "_GetRestoreProjectStyle" skipped. Previously built successfully.
   2:4>Target "_GetRestoreTargetFrameworkOverride" in file "/usr/lib/dotnet/sdk/10.0.104/NuGet.targets" from project "/home/tsgomes/mcad/services/cadastro-api/3-Domain/Cadastro.Domain/Cadastro.Domain.csproj" (target "_GetRestoreTargetFrameworksOutput" depends on it):
   2:4>Done building target "_GetRestoreTargetFrameworkOverride" in project "Cadastro.Domain.csproj".
   2:4>Target "_GetRestoreTargetFrameworksOutput" in file "/usr/lib/dotnet/sdk/10.0.104/NuGet.targets" from project "/home/tsgomes/mcad/services/cadastro-api/3-Domain/Cadastro.Domain/Cadastro.Domain.csproj" (target "_GenerateRestoreProjectSpec" depends on it):
       Using "GetProjectTargetFrameworksTask" task from assembly "/usr/lib/dotnet/sdk/10.0.104/NuGet.Build.Tasks.dll".
       Task "GetProjectTargetFrameworksTask"
       Done executing task "GetProjectTargetFrameworksTask".
   2:4>Done building target "_GetRestoreTargetFrameworksOutput" in project "Cadastro.Domain.csproj".
       Target "_GetRestoreSettings" skipped. Previously built successfully.
   2:4>Target "_GenerateRestoreProjectSpec" in file "/usr/lib/dotnet/sdk/10.0.104/NuGet.targets" from project "/home/tsgomes/mcad/services/cadastro-api/3-Domain/Cadastro.Domain/Cadastro.Domain.csproj" (target "_GenerateProjectRestoreGraph" depends on it):
       Task "ConvertToAbsolutePath"
       Done executing task "ConvertToAbsolutePath".
   2:4>Done building target "_GenerateRestoreProjectSpec" in project "Cadastro.Domain.csproj".
       Target "_GetRestoreProjectStyle" skipped. Previously built successfully.
       Target "CollectPackageReferences" skipped. Previously built successfully.
   2:4>Target "CollectPackageDownloads" in file "/usr/lib/dotnet/sdk/10.0.104/NuGet.targets" from project "/home/tsgomes/mcad/services/cadastro-api/3-Domain/Cadastro.Domain/Cadastro.Domain.csproj" (target "_CollectRestoreInputs" depends on it):
       Task "CheckForDuplicateNuGetItemsTask"
       Done executing task "CheckForDuplicateNuGetItemsTask".
   2:4>Done building target "CollectPackageDownloads" in project "Cadastro.Domain.csproj".
   2:4>Target "CollectFrameworkReferences" in file "/usr/lib/dotnet/sdk/10.0.104/NuGet.targets" from project "/home/tsgomes/mcad/services/cadastro-api/3-Domain/Cadastro.Domain/Cadastro.Domain.csproj" (target "_CollectRestoreInputs" depends on it):
   2:4>Done building target "CollectFrameworkReferences" in project "Cadastro.Domain.csproj".
   2:4>Target "CollectCentralPackageVersions" in file "/usr/lib/dotnet/sdk/10.0.104/NuGet.targets" from project "/home/tsgomes/mcad/services/cadastro-api/3-Domain/Cadastro.Domain/Cadastro.Domain.csproj" (target "_CollectRestoreInputs" depends on it):
       Task "CheckForDuplicateNuGetItemsTask"
       Done executing task "CheckForDuplicateNuGetItemsTask".
   2:4>Done building target "CollectCentralPackageVersions" in project "Cadastro.Domain.csproj".
   2:4>Target "CollectNuGetAuditSuppressions" in file "/usr/lib/dotnet/sdk/10.0.104/NuGet.targets" from project "/home/tsgomes/mcad/services/cadastro-api/3-Domain/Cadastro.Domain/Cadastro.Domain.csproj" (target "_CollectRestoreInputs" depends on it):
       Task "CheckForDuplicateNuGetItemsTask"
       Done executing task "CheckForDuplicateNuGetItemsTask".
   2:4>Done building target "CollectNuGetAuditSuppressions" in project "Cadastro.Domain.csproj".
   2:4>Target "CollectPrunePackageReferences" in file "/usr/lib/dotnet/sdk/10.0.104/NuGet.targets" from project "/home/tsgomes/mcad/services/cadastro-api/3-Domain/Cadastro.Domain/Cadastro.Domain.csproj" (target "_CollectRestoreInputs" depends on it):
       Task "CheckForDuplicateNuGetItemsTask"
       Done executing task "CheckForDuplicateNuGetItemsTask".
   2:4>Done building target "CollectPrunePackageReferences" in project "Cadastro.Domain.csproj".
   2:4>Target "_CollectRestoreInputs" in file "/usr/lib/dotnet/sdk/10.0.104/NuGet.targets" from project "/home/tsgomes/mcad/services/cadastro-api/3-Domain/Cadastro.Domain/Cadastro.Domain.csproj" (target "_GenerateProjectRestoreGraphPerFramework" depends on it):
   2:4>Done building target "_CollectRestoreInputs" in project "Cadastro.Domain.csproj".
   2:4>Target "_GenerateProjectRestoreGraphPerFramework" in file "/usr/lib/dotnet/sdk/10.0.104/NuGet.targets" from project "/home/tsgomes/mcad/services/cadastro-api/3-Domain/Cadastro.Domain/Cadastro.Domain.csproj" (target "_GenerateProjectRestoreGraphCurrentProject" depends on it):
       Using "GetRestoreProjectReferencesTask" task from assembly "/usr/lib/dotnet/sdk/10.0.104/NuGet.Build.Tasks.dll".
       Task "GetRestoreProjectReferencesTask"
       Done executing task "GetRestoreProjectReferencesTask".
       Using "GetRestorePackageReferencesTask" task from assembly "/usr/lib/dotnet/sdk/10.0.104/NuGet.Build.Tasks.dll".
       Task "GetRestorePackageReferencesTask"
       Done executing task "GetRestorePackageReferencesTask".
       Using "GetRestorePackageDownloadsTask" task from assembly "/usr/lib/dotnet/sdk/10.0.104/NuGet.Build.Tasks.dll".
       Task "GetRestorePackageDownloadsTask"
       Done executing task "GetRestorePackageDownloadsTask".
       Using "GetRestoreFrameworkReferencesTask" task from assembly "/usr/lib/dotnet/sdk/10.0.104/NuGet.Build.Tasks.dll".
       Task "GetRestoreFrameworkReferencesTask"
       Done executing task "GetRestoreFrameworkReferencesTask".
       Using "GetRestoreNuGetAuditSuppressionsTask" task from assembly "/usr/lib/dotnet/sdk/10.0.104/NuGet.Build.Tasks.dll".
       Task "GetRestoreNuGetAuditSuppressionsTask"
       Done executing task "GetRestoreNuGetAuditSuppressionsTask".
       Using "GetRestorePrunePackageReferencesTask" task from assembly "/usr/lib/dotnet/sdk/10.0.104/NuGet.Build.Tasks.dll".
       Task "GetRestorePrunePackageReferencesTask"
       Done executing task "GetRestorePrunePackageReferencesTask".
   2:4>Done building target "_GenerateProjectRestoreGraphPerFramework" in project "Cadastro.Domain.csproj".
   2:4>Target "_GenerateProjectRestoreGraphCurrentProject" in file "/usr/lib/dotnet/sdk/10.0.104/NuGet.targets" from project "/home/tsgomes/mcad/services/cadastro-api/3-Domain/Cadastro.Domain/Cadastro.Domain.csproj" (target "_GenerateRestoreDependencies" depends on it):
   2:4>Done building target "_GenerateProjectRestoreGraphCurrentProject" in project "Cadastro.Domain.csproj".
   2:4>Target "_GenerateRestoreDependencies" in file "/usr/lib/dotnet/sdk/10.0.104/NuGet.targets" from project "/home/tsgomes/mcad/services/cadastro-api/3-Domain/Cadastro.Domain/Cadastro.Domain.csproj" (target "_GenerateProjectRestoreGraph" depends on it):
   2:4>Done building target "_GenerateRestoreDependencies" in project "Cadastro.Domain.csproj".
   2:4>Target "_GenerateProjectRestoreGraph" in file "/usr/lib/dotnet/sdk/10.0.104/NuGet.targets" from project "/home/tsgomes/mcad/services/cadastro-api/3-Domain/Cadastro.Domain/Cadastro.Domain.csproj" (entry point):
   2:4>Done building target "_GenerateProjectRestoreGraph" in project "Cadastro.Domain.csproj".
   2:4>Done Building Project "/home/tsgomes/mcad/services/cadastro-api/3-Domain/Cadastro.Domain/Cadastro.Domain.csproj" (_GenerateProjectRestoreGraph target(s)).
     1>Project "/home/tsgomes/mcad/services/cadastro-api/2-Application/Cadastro.Application/Cadastro.Application.csproj" (1) is building "/home/tsgomes/mcad/services/cadastro-api/2-Application/Cadastro.Application/Cadastro.Application.csproj" (1:6) on node 1 (_GenerateProjectRestoreGraph target(s)).
   1:6>Target "_GetRestoreProjectStyle" skipped. Previously built successfully.
       Target "_GetRestoreProjectStyle" skipped. Previously built successfully.
       Target "_GetRestoreProjectStyle" skipped. Previously built successfully.
   1:6>Target "_GetRestoreTargetFrameworkOverride" in file "/usr/lib/dotnet/sdk/10.0.104/NuGet.targets" from project "/home/tsgomes/mcad/services/cadastro-api/2-Application/Cadastro.Application/Cadastro.Application.csproj" (target "_GetRestoreTargetFrameworksOutput" depends on it):
   1:6>Done building target "_GetRestoreTargetFrameworkOverride" in project "Cadastro.Application.csproj".
   1:6>Target "_GetRestoreTargetFrameworksOutput" in file "/usr/lib/dotnet/sdk/10.0.104/NuGet.targets" from project "/home/tsgomes/mcad/services/cadastro-api/2-Application/Cadastro.Application/Cadastro.Application.csproj" (target "_GenerateRestoreProjectSpec" depends on it):
       Using "GetProjectTargetFrameworksTask" task from assembly "/usr/lib/dotnet/sdk/10.0.104/NuGet.Build.Tasks.dll".
       Task "GetProjectTargetFrameworksTask"
       Done executing task "GetProjectTargetFrameworksTask".
   1:6>Done building target "_GetRestoreTargetFrameworksOutput" in project "Cadastro.Application.csproj".
       Target "_GetRestoreSettings" skipped. Previously built successfully.
   1:6>Target "_GenerateRestoreProjectSpec" in file "/usr/lib/dotnet/sdk/10.0.104/NuGet.targets" from project "/home/tsgomes/mcad/services/cadastro-api/2-Application/Cadastro.Application/Cadastro.Application.csproj" (target "_GenerateProjectRestoreGraph" depends on it):
       Task "ConvertToAbsolutePath"
       Done executing task "ConvertToAbsolutePath".
   1:6>Done building target "_GenerateRestoreProjectSpec" in project "Cadastro.Application.csproj".
       Target "_GetRestoreProjectStyle" skipped. Previously built successfully.
       Target "CollectPackageReferences" skipped. Previously built successfully.
   1:6>Target "CollectPackageDownloads" in file "/usr/lib/dotnet/sdk/10.0.104/NuGet.targets" from project "/home/tsgomes/mcad/services/cadastro-api/2-Application/Cadastro.Application/Cadastro.Application.csproj" (target "_CollectRestoreInputs" depends on it):
       Task "CheckForDuplicateNuGetItemsTask"
       Done executing task "CheckForDuplicateNuGetItemsTask".
   1:6>Done building target "CollectPackageDownloads" in project "Cadastro.Application.csproj".
   1:6>Target "CollectFrameworkReferences" in file "/usr/lib/dotnet/sdk/10.0.104/NuGet.targets" from project "/home/tsgomes/mcad/services/cadastro-api/2-Application/Cadastro.Application/Cadastro.Application.csproj" (target "_CollectRestoreInputs" depends on it):
   1:6>Done building target "CollectFrameworkReferences" in project "Cadastro.Application.csproj".
   1:6>Target "CollectCentralPackageVersions" in file "/usr/lib/dotnet/sdk/10.0.104/NuGet.targets" from project "/home/tsgomes/mcad/services/cadastro-api/2-Application/Cadastro.Application/Cadastro.Application.csproj" (target "_CollectRestoreInputs" depends on it):
       Task "CheckForDuplicateNuGetItemsTask"
       Done executing task "CheckForDuplicateNuGetItemsTask".
   1:6>Done building target "CollectCentralPackageVersions" in project "Cadastro.Application.csproj".
   1:6>Target "CollectNuGetAuditSuppressions" in file "/usr/lib/dotnet/sdk/10.0.104/NuGet.targets" from project "/home/tsgomes/mcad/services/cadastro-api/2-Application/Cadastro.Application/Cadastro.Application.csproj" (target "_CollectRestoreInputs" depends on it):
       Task "CheckForDuplicateNuGetItemsTask"
       Done executing task "CheckForDuplicateNuGetItemsTask".
   1:6>Done building target "CollectNuGetAuditSuppressions" in project "Cadastro.Application.csproj".
   1:6>Target "CollectPrunePackageReferences" in file "/usr/lib/dotnet/sdk/10.0.104/NuGet.targets" from project "/home/tsgomes/mcad/services/cadastro-api/2-Application/Cadastro.Application/Cadastro.Application.csproj" (target "_CollectRestoreInputs" depends on it):
       Task "CheckForDuplicateNuGetItemsTask"
       Done executing task "CheckForDuplicateNuGetItemsTask".
   1:6>Done building target "CollectPrunePackageReferences" in project "Cadastro.Application.csproj".
   1:6>Target "_CollectRestoreInputs" in file "/usr/lib/dotnet/sdk/10.0.104/NuGet.targets" from project "/home/tsgomes/mcad/services/cadastro-api/2-Application/Cadastro.Application/Cadastro.Application.csproj" (target "_GenerateProjectRestoreGraphPerFramework" depends on it):
   1:6>Done building target "_CollectRestoreInputs" in project "Cadastro.Application.csproj".
   1:6>Target "_GenerateProjectRestoreGraphPerFramework" in file "/usr/lib/dotnet/sdk/10.0.104/NuGet.targets" from project "/home/tsgomes/mcad/services/cadastro-api/2-Application/Cadastro.Application/Cadastro.Application.csproj" (target "_GenerateProjectRestoreGraphCurrentProject" depends on it):
       Using "GetRestoreProjectReferencesTask" task from assembly "/usr/lib/dotnet/sdk/10.0.104/NuGet.Build.Tasks.dll".
       Task "GetRestoreProjectReferencesTask"
       Done executing task "GetRestoreProjectReferencesTask".
       Using "GetRestorePackageReferencesTask" task from assembly "/usr/lib/dotnet/sdk/10.0.104/NuGet.Build.Tasks.dll".
       Task "GetRestorePackageReferencesTask"
       Done executing task "GetRestorePackageReferencesTask".
       Using "GetRestorePackageDownloadsTask" task from assembly "/usr/lib/dotnet/sdk/10.0.104/NuGet.Build.Tasks.dll".
       Task "GetRestorePackageDownloadsTask"
       Done executing task "GetRestorePackageDownloadsTask".
       Using "GetRestoreFrameworkReferencesTask" task from assembly "/usr/lib/dotnet/sdk/10.0.104/NuGet.Build.Tasks.dll".
       Task "GetRestoreFrameworkReferencesTask"
       Done executing task "GetRestoreFrameworkReferencesTask".
       Using "GetRestoreNuGetAuditSuppressionsTask" task from assembly "/usr/lib/dotnet/sdk/10.0.104/NuGet.Build.Tasks.dll".
       Task "GetRestoreNuGetAuditSuppressionsTask"
       Done executing task "GetRestoreNuGetAuditSuppressionsTask".
       Using "GetRestorePrunePackageReferencesTask" task from assembly "/usr/lib/dotnet/sdk/10.0.104/NuGet.Build.Tasks.dll".
       Task "GetRestorePrunePackageReferencesTask"
       Done executing task "GetRestorePrunePackageReferencesTask".
   1:6>Done building target "_GenerateProjectRestoreGraphPerFramework" in project "Cadastro.Application.csproj".
   1:6>Target "_GenerateProjectRestoreGraphCurrentProject" in file "/usr/lib/dotnet/sdk/10.0.104/NuGet.targets" from project "/home/tsgomes/mcad/services/cadastro-api/2-Application/Cadastro.Application/Cadastro.Application.csproj" (target "_GenerateRestoreDependencies" depends on it):
   1:6>Done building target "_GenerateProjectRestoreGraphCurrentProject" in project "Cadastro.Application.csproj".
   1:6>Target "_GenerateRestoreDependencies" in file "/usr/lib/dotnet/sdk/10.0.104/NuGet.targets" from project "/home/tsgomes/mcad/services/cadastro-api/2-Application/Cadastro.Application/Cadastro.Application.csproj" (target "_GenerateProjectRestoreGraph" depends on it):
   1:6>Done building target "_GenerateRestoreDependencies" in project "Cadastro.Application.csproj".
   1:6>Target "_GenerateProjectRestoreGraph" in file "/usr/lib/dotnet/sdk/10.0.104/NuGet.targets" from project "/home/tsgomes/mcad/services/cadastro-api/2-Application/Cadastro.Application/Cadastro.Application.csproj" (entry point):
   1:6>Done building target "_GenerateProjectRestoreGraph" in project "Cadastro.Application.csproj".
   1:6>Done Building Project "/home/tsgomes/mcad/services/cadastro-api/2-Application/Cadastro.Application/Cadastro.Application.csproj" (_GenerateProjectRestoreGraph target(s)).
     1>Done executing task "MSBuild".
     1>Done building target "_GenerateRestoreGraph" in project "Cadastro.Application.csproj".
     1>Target "_CollectTargetFrameworkForTelemetry" in file "/usr/lib/dotnet/sdk/10.0.104/Sdks/Microsoft.NET.Sdk/targets/Microsoft.NET.TargetFrameworkInference.targets" from project "/home/tsgomes/mcad/services/cadastro-api/2-Application/Cadastro.Application/Cadastro.Application.csproj" (target "Restore" depends on it):
       Using "AllowEmptyTelemetry" task from assembly "/usr/lib/dotnet/sdk/10.0.104/Sdks/Microsoft.NET.Sdk/targets/../tools/net10.0/Microsoft.NET.Build.Tasks.dll".
       Task "AllowEmptyTelemetry"
       Done executing task "AllowEmptyTelemetry".
     1>Done building target "_CollectTargetFrameworkForTelemetry" in project "Cadastro.Application.csproj".
     1>Target "_CheckForUnsupportedNETCoreVersion" in file "/usr/lib/dotnet/sdk/10.0.104/Sdks/Microsoft.NET.Sdk/targets/Microsoft.NET.TargetFrameworkInference.targets" from project "/home/tsgomes/mcad/services/cadastro-api/2-Application/Cadastro.Application/Cadastro.Application.csproj" (target "Restore" depends on it):
     1>Done building target "_CheckForUnsupportedNETCoreVersion" in project "Cadastro.Application.csproj".
     1>Target "_CheckForUnsupportedCppNETCoreVersion" in file "/usr/lib/dotnet/sdk/10.0.104/Sdks/Microsoft.NET.Sdk/targets/Microsoft.NET.TargetFrameworkInference.targets" from project "/home/tsgomes/mcad/services/cadastro-api/2-Application/Cadastro.Application/Cadastro.Application.csproj" (target "Restore" depends on it):
     1>Done building target "_CheckForUnsupportedCppNETCoreVersion" in project "Cadastro.Application.csproj".
     1>Target "Restore" in file "/usr/lib/dotnet/sdk/10.0.104/NuGet.targets" from project "/home/tsgomes/mcad/services/cadastro-api/2-Application/Cadastro.Application/Cadastro.Application.csproj" (entry point):
       Task "RemoveDuplicates"
       Done executing task "RemoveDuplicates".
       Using "RestoreTask" task from assembly "/usr/lib/dotnet/sdk/10.0.104/NuGet.Build.Tasks.dll".
       Task "RestoreTask"
         Assembly loaded during TaskRun (NuGet.Build.Tasks.RestoreTask): NuGet.Packaging, Version=7.0.2.0, Culture=neutral, PublicKeyToken=31bf3856ad364e35 (location: /usr/lib/dotnet/sdk/10.0.104/NuGet.Packaging.dll, MVID: f783216e-bcbd-4e4e-87f8-f8b5dfc243cb, AssemblyLoadContext: MSBuild plugin /usr/lib/dotnet/sdk/10.0.104/NuGet.Build.Tasks.dll)
         Assembly loaded during TaskRun (NuGet.Build.Tasks.RestoreTask): NuGet.LibraryModel, Version=7.0.2.0, Culture=neutral, PublicKeyToken=31bf3856ad364e35 (location: /usr/lib/dotnet/sdk/10.0.104/NuGet.LibraryModel.dll, MVID: 24e3e861-d9ef-46eb-8ba2-49a3d95f8f1f, AssemblyLoadContext: MSBuild plugin /usr/lib/dotnet/sdk/10.0.104/NuGet.Build.Tasks.dll)
         Assembly loaded during TaskRun (NuGet.Build.Tasks.RestoreTask): NuGet.Versioning, Version=7.0.2.0, Culture=neutral, PublicKeyToken=31bf3856ad364e35 (location: /usr/lib/dotnet/sdk/10.0.104/NuGet.Versioning.dll, MVID: 16333939-dbae-4a51-a932-d767eeb3eed5, AssemblyLoadContext: MSBuild plugin /usr/lib/dotnet/sdk/10.0.104/NuGet.Build.Tasks.dll)
         Assembly loaded during TaskRun (NuGet.Build.Tasks.RestoreTask): NuGet.Frameworks, Version=7.0.2.0, Culture=neutral, PublicKeyToken=31bf3856ad364e35 (location: /usr/lib/dotnet/sdk/10.0.104/NuGet.Frameworks.dll, MVID: 6b9e491f-03e5-41eb-a187-85718ec1bd2c, AssemblyLoadContext: MSBuild plugin /usr/lib/dotnet/sdk/10.0.104/NuGet.Build.Tasks.dll)
         Assembly loaded during TaskRun (NuGet.Build.Tasks.RestoreTask): NuGet.Protocol, Version=7.0.2.0, Culture=neutral, PublicKeyToken=31bf3856ad364e35 (location: /usr/lib/dotnet/sdk/10.0.104/NuGet.Protocol.dll, MVID: 5faff793-c673-4c60-88b7-b8b1ec91584c, AssemblyLoadContext: MSBuild plugin /usr/lib/dotnet/sdk/10.0.104/NuGet.Build.Tasks.dll)
         Assembly loaded during TaskRun (NuGet.Build.Tasks.RestoreTask): NuGet.Credentials, Version=7.0.2.0, Culture=neutral, PublicKeyToken=31bf3856ad364e35 (location: /usr/lib/dotnet/sdk/10.0.104/NuGet.Credentials.dll, MVID: d9934804-4c38-4c8c-bc31-25613ccb9f84, AssemblyLoadContext: MSBuild plugin /usr/lib/dotnet/sdk/10.0.104/NuGet.Build.Tasks.dll)
         Assembly loaded during TaskRun (NuGet.Build.Tasks.RestoreTask): System.Collections.NonGeneric, Version=10.0.0.0, Culture=neutral, PublicKeyToken=b03f5f7f11d50a3a (location: /usr/lib/dotnet/shared/Microsoft.NETCore.App/10.0.4/System.Collections.NonGeneric.dll, MVID: 9734a492-ad19-4dad-94fa-251983033df5, AssemblyLoadContext: Default)
         Assembly loaded during TaskRun (NuGet.Build.Tasks.RestoreTask): System.Formats.Asn1, Version=10.0.0.0, Culture=neutral, PublicKeyToken=cc7b13ffcd2ddd51 (location: /usr/lib/dotnet/shared/Microsoft.NETCore.App/10.0.4/System.Formats.Asn1.dll, MVID: dff9c982-1e6e-4a6e-896e-a2699f1bb551, AssemblyLoadContext: Default)
         Assembly loaded during TaskRun (NuGet.Build.Tasks.RestoreTask): System.Runtime.Numerics, Version=10.0.0.0, Culture=neutral, PublicKeyToken=b03f5f7f11d50a3a (location: /usr/lib/dotnet/shared/Microsoft.NETCore.App/10.0.4/System.Runtime.Numerics.dll, MVID: 6fcfcabb-eba2-45bf-8901-a53dab76419e, AssemblyLoadContext: Default)
         X.509 certificate chain validation will use the fallback certificate bundle at '/usr/lib/dotnet/sdk/10.0.104/trustedroots/codesignctl.pem'.
         X.509 certificate chain validation will use the fallback certificate bundle at '/usr/lib/dotnet/sdk/10.0.104/trustedroots/timestampctl.pem'.
         Assembly loaded during TaskRun (NuGet.Build.Tasks.RestoreTask): NuGet.DependencyResolver.Core, Version=7.0.2.0, Culture=neutral, PublicKeyToken=31bf3856ad364e35 (location: /usr/lib/dotnet/sdk/10.0.104/NuGet.DependencyResolver.Core.dll, MVID: 662b8c5b-e525-45f4-89f4-78c8c191eca7, AssemblyLoadContext: MSBuild plugin /usr/lib/dotnet/sdk/10.0.104/NuGet.Build.Tasks.dll)
         Assembly loaded during TaskRun (NuGet.Build.Tasks.RestoreTask): System.Net.Primitives, Version=10.0.0.0, Culture=neutral, PublicKeyToken=b03f5f7f11d50a3a (location: /usr/lib/dotnet/shared/Microsoft.NETCore.App/10.0.4/System.Net.Primitives.dll, MVID: d3010be1-6a42-4190-af57-5aad2bc9c665, AssemblyLoadContext: Default)
         Running restore with 8 concurrent jobs.
         Reading project file /home/tsgomes/mcad/services/cadastro-api/2-Application/Cadastro.Application/Cadastro.Application.csproj.
         Reading project file /home/tsgomes/mcad/services/cadastro-api/3-Domain/Cadastro.Domain/Cadastro.Domain.csproj.
         Assembly loaded during TaskRun (NuGet.Build.Tasks.RestoreTask): Newtonsoft.Json, Version=13.0.0.0, Culture=neutral, PublicKeyToken=30ad4fe6b2a6aeed (location: /usr/lib/dotnet/sdk/10.0.104/Newtonsoft.Json.dll, MVID: 5661795e-c221-4a83-a2c1-d7df5730e6fa, AssemblyLoadContext: MSBuild plugin /usr/lib/dotnet/sdk/10.0.104/NuGet.Build.Tasks.dll)
         Assembly loaded during TaskRun (NuGet.Build.Tasks.RestoreTask): System.Runtime.Serialization.Primitives, Version=10.0.0.0, Culture=neutral, PublicKeyToken=b03f5f7f11d50a3a (location: /usr/lib/dotnet/shared/Microsoft.NETCore.App/10.0.4/System.Runtime.Serialization.Primitives.dll, MVID: 3371476b-78e6-4b0f-bf7a-34ffc790b51f, AssemblyLoadContext: Default)
         Assembly loaded during TaskRun (NuGet.Build.Tasks.RestoreTask): System.Reflection.Emit.ILGeneration, Version=10.0.0.0, Culture=neutral, PublicKeyToken=b03f5f7f11d50a3a (location: /usr/lib/dotnet/shared/Microsoft.NETCore.App/10.0.4/System.Reflection.Emit.ILGeneration.dll, MVID: e7eb6b89-c4f5-4c80-822d-71988ba7bd78, AssemblyLoadContext: Default)
         The restore inputs for 'Cadastro.Domain' have not changed. No further actions are required to complete the restore.
         The restore inputs for 'Cadastro.Application' have not changed. No further actions are required to complete the restore.
         Committing restore...
         Committing restore...
         Assets file has not changed. Skipping assets file writing. Path: /home/tsgomes/mcad/services/cadastro-api/3-Domain/Cadastro.Domain/obj/project.assets.json
         Assets file has not changed. Skipping assets file writing. Path: /home/tsgomes/mcad/services/cadastro-api/2-Application/Cadastro.Application/obj/project.assets.json
         No-Op restore. The cache will not be updated. Path: /home/tsgomes/mcad/services/cadastro-api/3-Domain/Cadastro.Domain/obj/project.nuget.cache
         No-Op restore. The cache will not be updated. Path: /home/tsgomes/mcad/services/cadastro-api/2-Application/Cadastro.Application/obj/project.nuget.cache
         Restored /home/tsgomes/mcad/services/cadastro-api/2-Application/Cadastro.Application/Cadastro.Application.csproj (in 65 ms).
         Restored /home/tsgomes/mcad/services/cadastro-api/3-Domain/Cadastro.Domain/Cadastro.Domain.csproj (in 65 ms).
         
         NuGet Config files used:
             /home/tsgomes/.nuget/NuGet/NuGet.Config
         
         Feeds used:
             https://api.nuget.org/v3/index.json
             /usr/lib/dotnet/library-packs
         All projects are up-to-date for restore.
       Done executing task "RestoreTask".
     1>Done building target "Restore" in project "Cadastro.Application.csproj".
     1>Done Building Project "/home/tsgomes/mcad/services/cadastro-api/2-Application/Cadastro.Application/Cadastro.Application.csproj" (Restore target(s)).
     0>The SDK "Microsoft.NET.Sdk" was successfully resolved by the "DefaultSdkResolver" resolver to location "/usr/lib/dotnet/sdk/10.0.104/Sdks/Microsoft.NET.Sdk/Sdk" and version "".
       /usr/lib/dotnet/sdk/10.0.104/Sdks/Microsoft.NET.Sdk/Sdk/Sdk.props(49,11): message : Property 'MSBuildExtensionsPath' with value '/usr/lib/dotnet/sdk/10.0.104/' expanded from the environment.
       /usr/lib/dotnet/sdk/10.0.104/Current/Microsoft.Common.props(60,5): message : Property reassignment: $(MSBuildProjectExtensionsPath)="/home/tsgomes/mcad/services/cadastro-api/2-Application/Cadastro.Application/obj/" (previous value: "obj\") at /usr/lib/dotnet/sdk/10.0.104/Current/Microsoft.Common.props (60,5)
       /usr/lib/dotnet/sdk/10.0.104/Current/Microsoft.Common.props(84,119): message : Property 'MSBuildUserExtensionsPath' with value '/home/tsgomes/.local/share/Microsoft\MSBuild' expanded from the environment.
       /usr/lib/dotnet/sdk/10.0.104/Sdks/Microsoft.NET.Sdk/targets/Microsoft.NET.Sdk.props(90,5): message : Property reassignment: $(AssemblySearchPaths)="{CandidateAssemblyFiles};{HintPathFromItem}" (previous value: "{CandidateAssemblyFiles}") at /usr/lib/dotnet/sdk/10.0.104/Sdks/Microsoft.NET.Sdk/targets/Microsoft.NET.Sdk.props (90,5)
       /usr/lib/dotnet/sdk/10.0.104/Sdks/Microsoft.NET.Sdk/targets/Microsoft.NET.Sdk.props(91,5): message : Property reassignment: $(AssemblySearchPaths)="{CandidateAssemblyFiles};{HintPathFromItem};{TargetFrameworkDirectory}" (previous value: "{CandidateAssemblyFiles};{HintPathFromItem}") at /usr/lib/dotnet/sdk/10.0.104/Sdks/Microsoft.NET.Sdk/targets/Microsoft.NET.Sdk.props (91,5)
       /usr/lib/dotnet/sdk/10.0.104/Sdks/Microsoft.NET.Sdk/targets/Microsoft.NET.Sdk.props(92,5): message : Property reassignment: $(AssemblySearchPaths)="{CandidateAssemblyFiles};{HintPathFromItem};{TargetFrameworkDirectory};{RawFileName}" (previous value: "{CandidateAssemblyFiles};{HintPathFromItem};{TargetFrameworkDirectory}") at /usr/lib/dotnet/sdk/10.0.104/Sdks/Microsoft.NET.Sdk/targets/Microsoft.NET.Sdk.props (92,5)
       The "DefaultSdkResolver" resolver attempted to resolve the SDK "Microsoft.NET.SDK.WorkloadAutoImportPropsLocator".
       Warnings: null
       Errors: MSB4276: The default SDK resolver failed to resolve SDK "Microsoft.NET.SDK.WorkloadAutoImportPropsLocator" because directory "/usr/lib/dotnet/sdk/10.0.104/Sdks/Microsoft.NET.SDK.WorkloadAutoImportPropsLocator/Sdk" did not exist.
       The SDK "Microsoft.NET.SDK.WorkloadAutoImportPropsLocator" was successfully resolved by the "Microsoft.DotNet.MSBuildWorkloadSdkResolver" resolver to location "null" and version "null".
       /usr/lib/dotnet/sdk/10.0.104/Sdks/Microsoft.NET.Sdk/targets/Microsoft.NET.Sdk.ImportPublishProfile.targets(28,5): message : Property reassignment: $(PublishProfileImported)="false" (previous value: "true") at /usr/lib/dotnet/sdk/10.0.104/Sdks/Microsoft.NET.Sdk/targets/Microsoft.NET.Sdk.ImportPublishProfile.targets (28,5)
       /usr/lib/dotnet/sdk/10.0.104/Sdks/Microsoft.NET.Sdk/targets/Microsoft.NET.TargetFrameworkInference.targets(81,5): message : Property reassignment: $(TargetPlatformVersion)="" (previous value: "0.0") at /usr/lib/dotnet/sdk/10.0.104/Sdks/Microsoft.NET.Sdk/targets/Microsoft.NET.TargetFrameworkInference.targets (81,5)
       /usr/lib/dotnet/sdk/10.0.104/Sdks/Microsoft.NET.Sdk/targets/Microsoft.NET.DefaultOutputPaths.targets(127,5): message : Property reassignment: $(DefaultItemExcludes)=";bin\Debug//**;obj\Debug//**" (previous value: ";bin\Debug//**") at /usr/lib/dotnet/sdk/10.0.104/Sdks/Microsoft.NET.Sdk/targets/Microsoft.NET.DefaultOutputPaths.targets (127,5)
       /usr/lib/dotnet/sdk/10.0.104/Sdks/Microsoft.NET.Sdk/targets/Microsoft.NET.DefaultOutputPaths.targets(142,5): message : Property reassignment: $(OutputPath)="bin\Debug/net8.0/" (previous value: "bin\Debug/") at /usr/lib/dotnet/sdk/10.0.104/Sdks/Microsoft.NET.Sdk/targets/Microsoft.NET.DefaultOutputPaths.targets (142,5)
       /usr/lib/dotnet/sdk/10.0.104/Sdks/Microsoft.NET.Sdk/targets/Microsoft.NET.DefaultOutputPaths.targets(147,5): message : Property reassignment: $(IntermediateOutputPath)="obj\Debug/net8.0/" (previous value: "obj\Debug/") at /usr/lib/dotnet/sdk/10.0.104/Sdks/Microsoft.NET.Sdk/targets/Microsoft.NET.DefaultOutputPaths.targets (147,5)
       The "DefaultSdkResolver" resolver attempted to resolve the SDK "Microsoft.NET.SDK.WorkloadManifestTargetsLocator".
       Warnings: null
       Errors: MSB4276: The default SDK resolver failed to resolve SDK "Microsoft.NET.SDK.WorkloadManifestTargetsLocator" because directory "/usr/lib/dotnet/sdk/10.0.104/Sdks/Microsoft.NET.SDK.WorkloadManifestTargetsLocator/Sdk" did not exist.
       The SDK "Microsoft.NET.SDK.WorkloadManifestTargetsLocator" was successfully resolved by the "Microsoft.DotNet.MSBuildWorkloadSdkResolver" resolver to location "/usr/lib/dotnet/sdk-manifests/10.0.100/microsoft.net.sdk.android/36.1.2" and version "null".
       /usr/lib/dotnet/sdk/10.0.104/Sdks/Microsoft.NET.Sdk/targets/Microsoft.NET.Sdk.BeforeCommon.targets(371,5): message : Property reassignment: $(RoslynTargetsPath)="/usr/lib/dotnet/sdk/10.0.104/Sdks/Microsoft.NET.Sdk/targets/../../../Roslyn" (previous value: "/usr/lib/dotnet/sdk/10.0.104/Roslyn") at /usr/lib/dotnet/sdk/10.0.104/Sdks/Microsoft.NET.Sdk/targets/Microsoft.NET.Sdk.BeforeCommon.targets (371,5)
       /usr/lib/dotnet/sdk/10.0.104/Roslyn/Microsoft.Managed.Core.targets(6,5): message : Property reassignment: $(_BuildTasksDirectory)="/usr/lib/dotnet/sdk/10.0.104/Sdks/Microsoft.NET.Sdk/targets/../../../Roslyn/" (previous value: "/usr/lib/dotnet/sdk/10.0.104/Roslyn/") at /usr/lib/dotnet/sdk/10.0.104/Roslyn/Microsoft.Managed.Core.targets (6,5)
       /usr/lib/dotnet/sdk/10.0.104/Roslyn/Microsoft.CSharp.Core.targets(200,5): message : Property reassignment: $(CommandLineArgsForDesignTimeEvaluation)="-langversion:12.0 -define:TRACE" (previous value: "-langversion:12.0") at /usr/lib/dotnet/sdk/10.0.104/Roslyn/Microsoft.CSharp.Core.targets (200,5)
       /home/tsgomes/.local/share/Microsoft/MSBuild/Current/Microsoft.Common.targets/ImportBefore/SonarQube.Integration.ImportBefore.targets(12,5): message : Property reassignment: $(SonarQubeBuildDirectory)="/home/tsgomes/mcad" (previous value: "") at /home/tsgomes/.local/share/Microsoft/MSBuild/Current/Microsoft.Common.targets/ImportBefore/SonarQube.Integration.ImportBefore.targets (12,5)
       /usr/lib/dotnet/sdk/10.0.104/Microsoft.Common.CurrentVersion.targets(175,5): message : Property reassignment: $(_DebugSymbolsProduced)="true" (previous value: "false") at /usr/lib/dotnet/sdk/10.0.104/Microsoft.Common.CurrentVersion.targets (175,5)
       /usr/lib/dotnet/sdk/10.0.104/Microsoft.Common.CurrentVersion.targets(185,5): message : Property reassignment: $(_DocumentationFileProduced)="false" (previous value: "true") at /usr/lib/dotnet/sdk/10.0.104/Microsoft.Common.CurrentVersion.targets (185,5)
       /usr/lib/dotnet/sdk/10.0.104/Microsoft.Common.CurrentVersion.targets(392,5): message : Property reassignment: $(MSBuildCopyMarkerName)="Cadastro.FB0844FB" (previous value: "Cadastro.Application.csproj") at /usr/lib/dotnet/sdk/10.0.104/Microsoft.Common.CurrentVersion.targets (392,5)
       /usr/lib/dotnet/sdk/10.0.104/Microsoft.Common.CurrentVersion.targets(393,5): message : Property reassignment: $(MSBuildCopyMarkerName)="Cadastro.FB0844FB.Up2Date" (previous value: "Cadastro.FB0844FB") at /usr/lib/dotnet/sdk/10.0.104/Microsoft.Common.CurrentVersion.targets (393,5)
       /usr/lib/dotnet/sdk/10.0.104/Microsoft.Common.CurrentVersion.targets(541,5): message : Property reassignment: $(ProcessorArchitecture)="msil" (previous value: "") at /usr/lib/dotnet/sdk/10.0.104/Microsoft.Common.CurrentVersion.targets (541,5)
       /usr/lib/dotnet/sdk/10.0.104/Microsoft.Common.CurrentVersion.targets(580,5): message : Property reassignment: $(DelaySign)="" (previous value: "false") at /usr/lib/dotnet/sdk/10.0.104/Microsoft.Common.CurrentVersion.targets (580,5)
       /usr/lib/dotnet/sdk/10.0.104/Microsoft.Common.CurrentVersion.targets(2606,5): message : Property 'LocalAppData' with value '/home/tsgomes/.local/share' expanded from the environment.
       /usr/lib/dotnet/sdk/10.0.104/Microsoft.Common.CurrentVersion.targets(3934,5): message : Property reassignment: $(_SGenGenerateSerializationAssembliesConfig)="Auto" (previous value: "") at /usr/lib/dotnet/sdk/10.0.104/Microsoft.Common.CurrentVersion.targets (3934,5)
       /usr/lib/dotnet/sdk/10.0.104/Microsoft.Common.CurrentVersion.targets(3935,5): message : Property reassignment: $(_SGenGenerateSerializationAssembliesConfig)="Off" (previous value: "Auto") at /usr/lib/dotnet/sdk/10.0.104/Microsoft.Common.CurrentVersion.targets (3935,5)
       /usr/lib/dotnet/sdk/10.0.104/Microsoft.Common.CurrentVersion.targets(5146,5): message : Property reassignment: $(_TargetsThatPrepareProjectReferences)="
       /usr/lib/dotnet/sdk/10.0.104/Microsoft.Common.CurrentVersion.targets(5146,5): message :       AssignProjectConfiguration;
       /usr/lib/dotnet/sdk/10.0.104/Microsoft.Common.CurrentVersion.targets(5146,5): message :       _SplitProjectReferencesByFileExistence
       /usr/lib/dotnet/sdk/10.0.104/Microsoft.Common.CurrentVersion.targets(5146,5): message :     " (previous value: "_SplitProjectReferencesByFileExistence") at /usr/lib/dotnet/sdk/10.0.104/Microsoft.Common.CurrentVersion.targets (5146,5)
       /usr/lib/dotnet/sdk/10.0.104/Microsoft.Common.CurrentVersion.targets(6959,5): message : Property 'MSBuildExtensionsPath32' with value '/usr/lib/dotnet/sdk/10.0.104' expanded from the environment.
       The "NuGetInteractive" property is a global property, and cannot be modified.
       /usr/lib/dotnet/sdk/10.0.104/Sdks/Microsoft.NET.Sdk/targets/Microsoft.PackageDependencyResolution.targets(29,5): message : Property reassignment: $(ProjectAssetsCacheFile)="/home/tsgomes/mcad/services/cadastro-api/2-Application/Cadastro.Application/obj/Debug/net8.0/Cadastro.Application.assets.cache" (previous value: "obj\Debug/net8.0/Cadastro.Application.assets.cache") at /usr/lib/dotnet/sdk/10.0.104/Sdks/Microsoft.NET.Sdk/targets/Microsoft.PackageDependencyResolution.targets (29,5)
       /usr/lib/dotnet/sdk/10.0.104/Sdks/Microsoft.NET.Sdk/targets/Microsoft.PackageDependencyResolution.targets(80,5): message : Property reassignment: $(ResolveAssemblyReferencesDependsOn)="
       /usr/lib/dotnet/sdk/10.0.104/Sdks/Microsoft.NET.Sdk/targets/Microsoft.PackageDependencyResolution.targets(80,5): message :       
       /usr/lib/dotnet/sdk/10.0.104/Sdks/Microsoft.NET.Sdk/targets/Microsoft.PackageDependencyResolution.targets(80,5): message :       ResolveProjectReferences;
       /usr/lib/dotnet/sdk/10.0.104/Sdks/Microsoft.NET.Sdk/targets/Microsoft.PackageDependencyResolution.targets(80,5): message :       FindInvalidProjectReferences;
       /usr/lib/dotnet/sdk/10.0.104/Sdks/Microsoft.NET.Sdk/targets/Microsoft.PackageDependencyResolution.targets(80,5): message :       GetFrameworkPaths;
       /usr/lib/dotnet/sdk/10.0.104/Sdks/Microsoft.NET.Sdk/targets/Microsoft.PackageDependencyResolution.targets(80,5): message :       GetReferenceAssemblyPaths;
       /usr/lib/dotnet/sdk/10.0.104/Sdks/Microsoft.NET.Sdk/targets/Microsoft.PackageDependencyResolution.targets(80,5): message :       PrepareForBuild;
       /usr/lib/dotnet/sdk/10.0.104/Sdks/Microsoft.NET.Sdk/targets/Microsoft.PackageDependencyResolution.targets(80,5): message :       ResolveSDKReferences;
       /usr/lib/dotnet/sdk/10.0.104/Sdks/Microsoft.NET.Sdk/targets/Microsoft.PackageDependencyResolution.targets(80,5): message :       ExpandSDKReferences;
       /usr/lib/dotnet/sdk/10.0.104/Sdks/Microsoft.NET.Sdk/targets/Microsoft.PackageDependencyResolution.targets(80,5): message :     ;
       /usr/lib/dotnet/sdk/10.0.104/Sdks/Microsoft.NET.Sdk/targets/Microsoft.PackageDependencyResolution.targets(80,5): message :       ResolvePackageDependenciesForBuild;
       /usr/lib/dotnet/sdk/10.0.104/Sdks/Microsoft.NET.Sdk/targets/Microsoft.PackageDependencyResolution.targets(80,5): message :       _HandlePackageFileConflicts;
       /usr/lib/dotnet/sdk/10.0.104/Sdks/Microsoft.NET.Sdk/targets/Microsoft.PackageDependencyResolution.targets(80,5): message :     " (previous value: "
       /usr/lib/dotnet/sdk/10.0.104/Sdks/Microsoft.NET.Sdk/targets/Microsoft.PackageDependencyResolution.targets(80,5): message :       ResolveProjectReferences;
       /usr/lib/dotnet/sdk/10.0.104/Sdks/Microsoft.NET.Sdk/targets/Microsoft.PackageDependencyResolution.targets(80,5): message :       FindInvalidProjectReferences;
       /usr/lib/dotnet/sdk/10.0.104/Sdks/Microsoft.NET.Sdk/targets/Microsoft.PackageDependencyResolution.targets(80,5): message :       GetFrameworkPaths;
       /usr/lib/dotnet/sdk/10.0.104/Sdks/Microsoft.NET.Sdk/targets/Microsoft.PackageDependencyResolution.targets(80,5): message :       GetReferenceAssemblyPaths;
       /usr/lib/dotnet/sdk/10.0.104/Sdks/Microsoft.NET.Sdk/targets/Microsoft.PackageDependencyResolution.targets(80,5): message :       PrepareForBuild;
       /usr/lib/dotnet/sdk/10.0.104/Sdks/Microsoft.NET.Sdk/targets/Microsoft.PackageDependencyResolution.targets(80,5): message :       ResolveSDKReferences;
       /usr/lib/dotnet/sdk/10.0.104/Sdks/Microsoft.NET.Sdk/targets/Microsoft.PackageDependencyResolution.targets(80,5): message :       ExpandSDKReferences;
       /usr/lib/dotnet/sdk/10.0.104/Sdks/Microsoft.NET.Sdk/targets/Microsoft.PackageDependencyResolution.targets(80,5): message :     ") at /usr/lib/dotnet/sdk/10.0.104/Sdks/Microsoft.NET.Sdk/targets/Microsoft.PackageDependencyResolution.targets (80,5)
       /usr/lib/dotnet/sdk/10.0.104/Sdks/Microsoft.NET.Sdk/targets/Microsoft.PackageDependencyResolution.targets(86,5): message : Property reassignment: $(PrepareResourcesDependsOn)="
       /usr/lib/dotnet/sdk/10.0.104/Sdks/Microsoft.NET.Sdk/targets/Microsoft.PackageDependencyResolution.targets(86,5): message :       ResolvePackageDependenciesForBuild;
       /usr/lib/dotnet/sdk/10.0.104/Sdks/Microsoft.NET.Sdk/targets/Microsoft.PackageDependencyResolution.targets(86,5): message :       _HandlePackageFileConflicts;
       /usr/lib/dotnet/sdk/10.0.104/Sdks/Microsoft.NET.Sdk/targets/Microsoft.PackageDependencyResolution.targets(86,5): message :       
       /usr/lib/dotnet/sdk/10.0.104/Sdks/Microsoft.NET.Sdk/targets/Microsoft.PackageDependencyResolution.targets(86,5): message :       ;
       /usr/lib/dotnet/sdk/10.0.104/Sdks/Microsoft.NET.Sdk/targets/Microsoft.PackageDependencyResolution.targets(86,5): message :       PrepareResourceNames;
       /usr/lib/dotnet/sdk/10.0.104/Sdks/Microsoft.NET.Sdk/targets/Microsoft.PackageDependencyResolution.targets(86,5): message :       ResGen;
       /usr/lib/dotnet/sdk/10.0.104/Sdks/Microsoft.NET.Sdk/targets/Microsoft.PackageDependencyResolution.targets(86,5): message :       CompileLicxFiles
       /usr/lib/dotnet/sdk/10.0.104/Sdks/Microsoft.NET.Sdk/targets/Microsoft.PackageDependencyResolution.targets(86,5): message :     
       /usr/lib/dotnet/sdk/10.0.104/Sdks/Microsoft.NET.Sdk/targets/Microsoft.PackageDependencyResolution.targets(86,5): message :     " (previous value: "
       /usr/lib/dotnet/sdk/10.0.104/Sdks/Microsoft.NET.Sdk/targets/Microsoft.PackageDependencyResolution.targets(86,5): message :       ;
       /usr/lib/dotnet/sdk/10.0.104/Sdks/Microsoft.NET.Sdk/targets/Microsoft.PackageDependencyResolution.targets(86,5): message :       PrepareResourceNames;
       /usr/lib/dotnet/sdk/10.0.104/Sdks/Microsoft.NET.Sdk/targets/Microsoft.PackageDependencyResolution.targets(86,5): message :       ResGen;
       /usr/lib/dotnet/sdk/10.0.104/Sdks/Microsoft.NET.Sdk/targets/Microsoft.PackageDependencyResolution.targets(86,5): message :       CompileLicxFiles
       /usr/lib/dotnet/sdk/10.0.104/Sdks/Microsoft.NET.Sdk/targets/Microsoft.PackageDependencyResolution.targets(86,5): message :     ") at /usr/lib/dotnet/sdk/10.0.104/Sdks/Microsoft.NET.Sdk/targets/Microsoft.PackageDependencyResolution.targets (86,5)
       /usr/lib/dotnet/sdk/10.0.104/Sdks/Microsoft.NET.Sdk/targets/Microsoft.NET.Sdk.DefaultItems.targets(35,5): message : Property reassignment: $(DefaultItemExcludes)=";bin\Debug//**;obj\Debug//**;bin\/**" (previous value: ";bin\Debug//**;obj\Debug//**") at /usr/lib/dotnet/sdk/10.0.104/Sdks/Microsoft.NET.Sdk/targets/Microsoft.NET.Sdk.DefaultItems.targets (35,5)
       /usr/lib/dotnet/sdk/10.0.104/Sdks/Microsoft.NET.Sdk/targets/Microsoft.NET.Sdk.DefaultItems.targets(37,5): message : Property reassignment: $(DefaultItemExcludes)=";bin\Debug//**;obj\Debug//**;bin\/**;obj\/**" (previous value: ";bin\Debug//**;obj\Debug//**;bin\/**") at /usr/lib/dotnet/sdk/10.0.104/Sdks/Microsoft.NET.Sdk/targets/Microsoft.NET.Sdk.DefaultItems.targets (37,5)
       /usr/lib/dotnet/sdk/10.0.104/Sdks/Microsoft.NET.Sdk/targets/Microsoft.NET.Sdk.DefaultItems.targets(40,5): message : Property reassignment: $(DefaultItemExcludes)=";bin\Debug//**;obj\Debug//**;bin\/**;obj\/**;**/*.user" (previous value: ";bin\Debug//**;obj\Debug//**;bin\/**;obj\/**") at /usr/lib/dotnet/sdk/10.0.104/Sdks/Microsoft.NET.Sdk/targets/Microsoft.NET.Sdk.DefaultItems.targets (40,5)
       /usr/lib/dotnet/sdk/10.0.104/Sdks/Microsoft.NET.Sdk/targets/Microsoft.NET.Sdk.DefaultItems.targets(41,5): message : Property reassignment: $(DefaultItemExcludes)=";bin\Debug//**;obj\Debug//**;bin\/**;obj\/**;**/*.user;**/*.*proj" (previous value: ";bin\Debug//**;obj\Debug//**;bin\/**;obj\/**;**/*.user") at /usr/lib/dotnet/sdk/10.0.104/Sdks/Microsoft.NET.Sdk/targets/Microsoft.NET.Sdk.DefaultItems.targets (41,5)
       /usr/lib/dotnet/sdk/10.0.104/Sdks/Microsoft.NET.Sdk/targets/Microsoft.NET.Sdk.DefaultItems.targets(42,5): message : Property reassignment: $(DefaultItemExcludes)=";bin\Debug//**;obj\Debug//**;bin\/**;obj\/**;**/*.user;**/*.*proj;**/*.sln" (previous value: ";bin\Debug//**;obj\Debug//**;bin\/**;obj\/**;**/*.user;**/*.*proj") at /usr/lib/dotnet/sdk/10.0.104/Sdks/Microsoft.NET.Sdk/targets/Microsoft.NET.Sdk.DefaultItems.targets (42,5)
       /usr/lib/dotnet/sdk/10.0.104/Sdks/Microsoft.NET.Sdk/targets/Microsoft.NET.Sdk.DefaultItems.targets(43,5): message : Property reassignment: $(DefaultItemExcludes)=";bin\Debug//**;obj\Debug//**;bin\/**;obj\/**;**/*.user;**/*.*proj;**/*.sln;**/*.slnx" (previous value: ";bin\Debug//**;obj\Debug//**;bin\/**;obj\/**;**/*.user;**/*.*proj;**/*.sln") at /usr/lib/dotnet/sdk/10.0.104/Sdks/Microsoft.NET.Sdk/targets/Microsoft.NET.Sdk.DefaultItems.targets (43,5)
       /usr/lib/dotnet/sdk/10.0.104/Sdks/Microsoft.NET.Sdk/targets/Microsoft.NET.Sdk.DefaultItems.targets(44,5): message : Property reassignment: $(DefaultItemExcludes)=";bin\Debug//**;obj\Debug//**;bin\/**;obj\/**;**/*.user;**/*.*proj;**/*.sln;**/*.slnx;**/*.vssscc" (previous value: ";bin\Debug//**;obj\Debug//**;bin\/**;obj\/**;**/*.user;**/*.*proj;**/*.sln;**/*.slnx") at /usr/lib/dotnet/sdk/10.0.104/Sdks/Microsoft.NET.Sdk/targets/Microsoft.NET.Sdk.DefaultItems.targets (44,5)
       /usr/lib/dotnet/sdk/10.0.104/Sdks/Microsoft.NET.Sdk/targets/Microsoft.NET.Sdk.DefaultItems.targets(45,5): message : Property reassignment: $(DefaultItemExcludes)=";bin\Debug//**;obj\Debug//**;bin\/**;obj\/**;**/*.user;**/*.*proj;**/*.sln;**/*.slnx;**/*.vssscc;**/.DS_Store" (previous value: ";bin\Debug//**;obj\Debug//**;bin\/**;obj\/**;**/*.user;**/*.*proj;**/*.sln;**/*.slnx;**/*.vssscc") at /usr/lib/dotnet/sdk/10.0.104/Sdks/Microsoft.NET.Sdk/targets/Microsoft.NET.Sdk.DefaultItems.targets (45,5)
       /usr/lib/dotnet/sdk/10.0.104/Sdks/Microsoft.NET.Sdk/targets/Microsoft.NET.Sdk.FrameworkReferenceResolution.targets(14,5): message : Property reassignment: $(ResolveAssemblyReferencesDependsOn)="
       /usr/lib/dotnet/sdk/10.0.104/Sdks/Microsoft.NET.Sdk/targets/Microsoft.NET.Sdk.FrameworkReferenceResolution.targets(14,5): message :       
       /usr/lib/dotnet/sdk/10.0.104/Sdks/Microsoft.NET.Sdk/targets/Microsoft.NET.Sdk.FrameworkReferenceResolution.targets(14,5): message :       
       /usr/lib/dotnet/sdk/10.0.104/Sdks/Microsoft.NET.Sdk/targets/Microsoft.NET.Sdk.FrameworkReferenceResolution.targets(14,5): message :       ResolveProjectReferences;
       /usr/lib/dotnet/sdk/10.0.104/Sdks/Microsoft.NET.Sdk/targets/Microsoft.NET.Sdk.FrameworkReferenceResolution.targets(14,5): message :       FindInvalidProjectReferences;
       /usr/lib/dotnet/sdk/10.0.104/Sdks/Microsoft.NET.Sdk/targets/Microsoft.NET.Sdk.FrameworkReferenceResolution.targets(14,5): message :       GetFrameworkPaths;
       /usr/lib/dotnet/sdk/10.0.104/Sdks/Microsoft.NET.Sdk/targets/Microsoft.NET.Sdk.FrameworkReferenceResolution.targets(14,5): message :       GetReferenceAssemblyPaths;
       /usr/lib/dotnet/sdk/10.0.104/Sdks/Microsoft.NET.Sdk/targets/Microsoft.NET.Sdk.FrameworkReferenceResolution.targets(14,5): message :       PrepareForBuild;
       /usr/lib/dotnet/sdk/10.0.104/Sdks/Microsoft.NET.Sdk/targets/Microsoft.NET.Sdk.FrameworkReferenceResolution.targets(14,5): message :       ResolveSDKReferences;
       /usr/lib/dotnet/sdk/10.0.104/Sdks/Microsoft.NET.Sdk/targets/Microsoft.NET.Sdk.FrameworkReferenceResolution.targets(14,5): message :       ExpandSDKReferences;
       /usr/lib/dotnet/sdk/10.0.104/Sdks/Microsoft.NET.Sdk/targets/Microsoft.NET.Sdk.FrameworkReferenceResolution.targets(14,5): message :     ;
       /usr/lib/dotnet/sdk/10.0.104/Sdks/Microsoft.NET.Sdk/targets/Microsoft.NET.Sdk.FrameworkReferenceResolution.targets(14,5): message :       ResolvePackageDependenciesForBuild;
       /usr/lib/dotnet/sdk/10.0.104/Sdks/Microsoft.NET.Sdk/targets/Microsoft.NET.Sdk.FrameworkReferenceResolution.targets(14,5): message :       _HandlePackageFileConflicts;
       /usr/lib/dotnet/sdk/10.0.104/Sdks/Microsoft.NET.Sdk/targets/Microsoft.NET.Sdk.FrameworkReferenceResolution.targets(14,5): message :     ;
       /usr/lib/dotnet/sdk/10.0.104/Sdks/Microsoft.NET.Sdk/targets/Microsoft.NET.Sdk.FrameworkReferenceResolution.targets(14,5): message :       ResolveTargetingPackAssets;
       /usr/lib/dotnet/sdk/10.0.104/Sdks/Microsoft.NET.Sdk/targets/Microsoft.NET.Sdk.FrameworkReferenceResolution.targets(14,5): message :     " (previous value: "
       /usr/lib/dotnet/sdk/10.0.104/Sdks/Microsoft.NET.Sdk/targets/Microsoft.NET.Sdk.FrameworkReferenceResolution.targets(14,5): message :       
       /usr/lib/dotnet/sdk/10.0.104/Sdks/Microsoft.NET.Sdk/targets/Microsoft.NET.Sdk.FrameworkReferenceResolution.targets(14,5): message :       ResolveProjectReferences;
       /usr/lib/dotnet/sdk/10.0.104/Sdks/Microsoft.NET.Sdk/targets/Microsoft.NET.Sdk.FrameworkReferenceResolution.targets(14,5): message :       FindInvalidProjectReferences;
       /usr/lib/dotnet/sdk/10.0.104/Sdks/Microsoft.NET.Sdk/targets/Microsoft.NET.Sdk.FrameworkReferenceResolution.targets(14,5): message :       GetFrameworkPaths;
       /usr/lib/dotnet/sdk/10.0.104/Sdks/Microsoft.NET.Sdk/targets/Microsoft.NET.Sdk.FrameworkReferenceResolution.targets(14,5): message :       GetReferenceAssemblyPaths;
       /usr/lib/dotnet/sdk/10.0.104/Sdks/Microsoft.NET.Sdk/targets/Microsoft.NET.Sdk.FrameworkReferenceResolution.targets(14,5): message :       PrepareForBuild;
       /usr/lib/dotnet/sdk/10.0.104/Sdks/Microsoft.NET.Sdk/targets/Microsoft.NET.Sdk.FrameworkReferenceResolution.targets(14,5): message :       ResolveSDKReferences;
       /usr/lib/dotnet/sdk/10.0.104/Sdks/Microsoft.NET.Sdk/targets/Microsoft.NET.Sdk.FrameworkReferenceResolution.targets(14,5): message :       ExpandSDKReferences;
       /usr/lib/dotnet/sdk/10.0.104/Sdks/Microsoft.NET.Sdk/targets/Microsoft.NET.Sdk.FrameworkReferenceResolution.targets(14,5): message :     ;
       /usr/lib/dotnet/sdk/10.0.104/Sdks/Microsoft.NET.Sdk/targets/Microsoft.NET.Sdk.FrameworkReferenceResolution.targets(14,5): message :       ResolvePackageDependenciesForBuild;
       /usr/lib/dotnet/sdk/10.0.104/Sdks/Microsoft.NET.Sdk/targets/Microsoft.NET.Sdk.FrameworkReferenceResolution.targets(14,5): message :       _HandlePackageFileConflicts;
       /usr/lib/dotnet/sdk/10.0.104/Sdks/Microsoft.NET.Sdk/targets/Microsoft.NET.Sdk.FrameworkReferenceResolution.targets(14,5): message :     ") at /usr/lib/dotnet/sdk/10.0.104/Sdks/Microsoft.NET.Sdk/targets/Microsoft.NET.Sdk.FrameworkReferenceResolution.targets (14,5)
       /usr/lib/dotnet/sdk/10.0.104/Sdks/Microsoft.NET.Sdk/targets/Microsoft.NET.Sdk.targets(44,5): message : Property reassignment: $(_GenerateRuntimeConfigurationPropertyInputsCache)="/home/tsgomes/mcad/services/cadastro-api/2-Application/Cadastro.Application/obj/Debug/net8.0/Cadastro.Application.genruntimeconfig.cache" (previous value: "obj\Debug/net8.0/Cadastro.Application.genruntimeconfig.cache") at /usr/lib/dotnet/sdk/10.0.104/Sdks/Microsoft.NET.Sdk/targets/Microsoft.NET.Sdk.targets (44,5)
       /usr/lib/dotnet/sdk/10.0.104/Sdks/Microsoft.NET.Sdk/targets/Microsoft.NET.Sdk.targets(46,5): message : Property reassignment: $(_GeneratePublishDependencyFilePropertyInputsCache)="/home/tsgomes/mcad/services/cadastro-api/2-Application/Cadastro.Application/obj/Debug/net8.0/Cadastro.Application.genpublishdeps.cache" (previous value: "obj\Debug/net8.0/Cadastro.Application.genpublishdeps.cache") at /usr/lib/dotnet/sdk/10.0.104/Sdks/Microsoft.NET.Sdk/targets/Microsoft.NET.Sdk.targets (46,5)
       /usr/lib/dotnet/sdk/10.0.104/Sdks/Microsoft.NET.Sdk/targets/Microsoft.NET.Sdk.targets(48,5): message : Property reassignment: $(_GenerateSingleFileBundlePropertyInputsCache)="/home/tsgomes/mcad/services/cadastro-api/2-Application/Cadastro.Application/obj/Debug/net8.0/Cadastro.Application.genbundle.cache" (previous value: "obj\Debug/net8.0/Cadastro.Application.genbundle.cache") at /usr/lib/dotnet/sdk/10.0.104/Sdks/Microsoft.NET.Sdk/targets/Microsoft.NET.Sdk.targets (48,5)
       /usr/lib/dotnet/sdk/10.0.104/Sdks/Microsoft.NET.Sdk/targets/Microsoft.NET.Sdk.targets(81,5): message : Property reassignment: $(GenerateRuntimeConfigDevFile)="false" (previous value: "true") at /usr/lib/dotnet/sdk/10.0.104/Sdks/Microsoft.NET.Sdk/targets/Microsoft.NET.Sdk.targets (81,5)
       /usr/lib/dotnet/sdk/10.0.104/Sdks/Microsoft.NET.Sdk/targets/Microsoft.NET.Sdk.targets(97,5): message : Property 'HOME' with value '/home/tsgomes' expanded from the environment.
       /usr/lib/dotnet/sdk/10.0.104/Sdks/Microsoft.NET.Sdk/targets/Microsoft.NET.Sdk.targets(99,5): message : Property reassignment: $(_DefaultUserProfileRuntimeStorePath)="/home/tsgomes/.dotnet/store" (previous value: "/home/tsgomes") at /usr/lib/dotnet/sdk/10.0.104/Sdks/Microsoft.NET.Sdk/targets/Microsoft.NET.Sdk.targets (99,5)
       /usr/lib/dotnet/sdk/10.0.104/Sdks/Microsoft.NET.Sdk/targets/Microsoft.NET.Sdk.targets(144,5): message : Property reassignment: $(AvailablePlatforms)="Any CPU,x86,x64,ARM32" (previous value: "Any CPU,x86,x64") at /usr/lib/dotnet/sdk/10.0.104/Sdks/Microsoft.NET.Sdk/targets/Microsoft.NET.Sdk.targets (144,5)
       /usr/lib/dotnet/sdk/10.0.104/Sdks/Microsoft.NET.Sdk/targets/Microsoft.NET.Sdk.targets(148,5): message : Property reassignment: $(AvailablePlatforms)="Any CPU,x86,x64,ARM32,ARM64" (previous value: "Any CPU,x86,x64,ARM32") at /usr/lib/dotnet/sdk/10.0.104/Sdks/Microsoft.NET.Sdk/targets/Microsoft.NET.Sdk.targets (148,5)
       /usr/lib/dotnet/sdk/10.0.104/Sdks/Microsoft.NET.Sdk/targets/Microsoft.NET.Sdk.targets(204,5): message : Property reassignment: $(CoreBuildDependsOn)="
       /usr/lib/dotnet/sdk/10.0.104/Sdks/Microsoft.NET.Sdk/targets/Microsoft.NET.Sdk.targets(204,5): message :       _CheckForBuildWithNoBuild;
       /usr/lib/dotnet/sdk/10.0.104/Sdks/Microsoft.NET.Sdk/targets/Microsoft.NET.Sdk.targets(204,5): message :       
       /usr/lib/dotnet/sdk/10.0.104/Sdks/Microsoft.NET.Sdk/targets/Microsoft.NET.Sdk.targets(204,5): message :       BuildOnlySettings;
       /usr/lib/dotnet/sdk/10.0.104/Sdks/Microsoft.NET.Sdk/targets/Microsoft.NET.Sdk.targets(204,5): message :       PrepareForBuild;
       /usr/lib/dotnet/sdk/10.0.104/Sdks/Microsoft.NET.Sdk/targets/Microsoft.NET.Sdk.targets(204,5): message :       PreBuildEvent;
       /usr/lib/dotnet/sdk/10.0.104/Sdks/Microsoft.NET.Sdk/targets/Microsoft.NET.Sdk.targets(204,5): message :       ResolveReferences;
       /usr/lib/dotnet/sdk/10.0.104/Sdks/Microsoft.NET.Sdk/targets/Microsoft.NET.Sdk.targets(204,5): message :       PrepareResources;
       /usr/lib/dotnet/sdk/10.0.104/Sdks/Microsoft.NET.Sdk/targets/Microsoft.NET.Sdk.targets(204,5): message :       ResolveKeySource;
       /usr/lib/dotnet/sdk/10.0.104/Sdks/Microsoft.NET.Sdk/targets/Microsoft.NET.Sdk.targets(204,5): message :       Compile;
       /usr/lib/dotnet/sdk/10.0.104/Sdks/Microsoft.NET.Sdk/targets/Microsoft.NET.Sdk.targets(204,5): message :       ExportWindowsMDFile;
       /usr/lib/dotnet/sdk/10.0.104/Sdks/Microsoft.NET.Sdk/targets/Microsoft.NET.Sdk.targets(204,5): message :       UnmanagedUnregistration;
       /usr/lib/dotnet/sdk/10.0.104/Sdks/Microsoft.NET.Sdk/targets/Microsoft.NET.Sdk.targets(204,5): message :       GenerateSerializationAssemblies;
       /usr/lib/dotnet/sdk/10.0.104/Sdks/Microsoft.NET.Sdk/targets/Microsoft.NET.Sdk.targets(204,5): message :       CreateSatelliteAssemblies;
       /usr/lib/dotnet/sdk/10.0.104/Sdks/Microsoft.NET.Sdk/targets/Microsoft.NET.Sdk.targets(204,5): message :       GenerateManifests;
       /usr/lib/dotnet/sdk/10.0.104/Sdks/Microsoft.NET.Sdk/targets/Microsoft.NET.Sdk.targets(204,5): message :       GetTargetPath;
       /usr/lib/dotnet/sdk/10.0.104/Sdks/Microsoft.NET.Sdk/targets/Microsoft.NET.Sdk.targets(204,5): message :       PrepareForRun;
       /usr/lib/dotnet/sdk/10.0.104/Sdks/Microsoft.NET.Sdk/targets/Microsoft.NET.Sdk.targets(204,5): message :       UnmanagedRegistration;
       /usr/lib/dotnet/sdk/10.0.104/Sdks/Microsoft.NET.Sdk/targets/Microsoft.NET.Sdk.targets(204,5): message :       IncrementalClean;
       /usr/lib/dotnet/sdk/10.0.104/Sdks/Microsoft.NET.Sdk/targets/Microsoft.NET.Sdk.targets(204,5): message :       PostBuildEvent
       /usr/lib/dotnet/sdk/10.0.104/Sdks/Microsoft.NET.Sdk/targets/Microsoft.NET.Sdk.targets(204,5): message :     ;
       /usr/lib/dotnet/sdk/10.0.104/Sdks/Microsoft.NET.Sdk/targets/Microsoft.NET.Sdk.targets(204,5): message :       GenerateBuildDependencyFile;
       /usr/lib/dotnet/sdk/10.0.104/Sdks/Microsoft.NET.Sdk/targets/Microsoft.NET.Sdk.targets(204,5): message :       GenerateBuildRuntimeConfigurationFiles
       /usr/lib/dotnet/sdk/10.0.104/Sdks/Microsoft.NET.Sdk/targets/Microsoft.NET.Sdk.targets(204,5): message :     " (previous value: "
       /usr/lib/dotnet/sdk/10.0.104/Sdks/Microsoft.NET.Sdk/targets/Microsoft.NET.Sdk.targets(204,5): message :       BuildOnlySettings;
       /usr/lib/dotnet/sdk/10.0.104/Sdks/Microsoft.NET.Sdk/targets/Microsoft.NET.Sdk.targets(204,5): message :       PrepareForBuild;
       /usr/lib/dotnet/sdk/10.0.104/Sdks/Microsoft.NET.Sdk/targets/Microsoft.NET.Sdk.targets(204,5): message :       PreBuildEvent;
       /usr/lib/dotnet/sdk/10.0.104/Sdks/Microsoft.NET.Sdk/targets/Microsoft.NET.Sdk.targets(204,5): message :       ResolveReferences;
       /usr/lib/dotnet/sdk/10.0.104/Sdks/Microsoft.NET.Sdk/targets/Microsoft.NET.Sdk.targets(204,5): message :       PrepareResources;
       /usr/lib/dotnet/sdk/10.0.104/Sdks/Microsoft.NET.Sdk/targets/Microsoft.NET.Sdk.targets(204,5): message :       ResolveKeySource;
       /usr/lib/dotnet/sdk/10.0.104/Sdks/Microsoft.NET.Sdk/targets/Microsoft.NET.Sdk.targets(204,5): message :       Compile;
       /usr/lib/dotnet/sdk/10.0.104/Sdks/Microsoft.NET.Sdk/targets/Microsoft.NET.Sdk.targets(204,5): message :       ExportWindowsMDFile;
       /usr/lib/dotnet/sdk/10.0.104/Sdks/Microsoft.NET.Sdk/targets/Microsoft.NET.Sdk.targets(204,5): message :       UnmanagedUnregistration;
       /usr/lib/dotnet/sdk/10.0.104/Sdks/Microsoft.NET.Sdk/targets/Microsoft.NET.Sdk.targets(204,5): message :       GenerateSerializationAssemblies;
       /usr/lib/dotnet/sdk/10.0.104/Sdks/Microsoft.NET.Sdk/targets/Microsoft.NET.Sdk.targets(204,5): message :       CreateSatelliteAssemblies;
       /usr/lib/dotnet/sdk/10.0.104/Sdks/Microsoft.NET.Sdk/targets/Microsoft.NET.Sdk.targets(204,5): message :       GenerateManifests;
       /usr/lib/dotnet/sdk/10.0.104/Sdks/Microsoft.NET.Sdk/targets/Microsoft.NET.Sdk.targets(204,5): message :       GetTargetPath;
       /usr/lib/dotnet/sdk/10.0.104/Sdks/Microsoft.NET.Sdk/targets/Microsoft.NET.Sdk.targets(204,5): message :       PrepareForRun;
       /usr/lib/dotnet/sdk/10.0.104/Sdks/Microsoft.NET.Sdk/targets/Microsoft.NET.Sdk.targets(204,5): message :       UnmanagedRegistration;
       /usr/lib/dotnet/sdk/10.0.104/Sdks/Microsoft.NET.Sdk/targets/Microsoft.NET.Sdk.targets(204,5): message :       IncrementalClean;
       /usr/lib/dotnet/sdk/10.0.104/Sdks/Microsoft.NET.Sdk/targets/Microsoft.NET.Sdk.targets(204,5): message :       PostBuildEvent
       /usr/lib/dotnet/sdk/10.0.104/Sdks/Microsoft.NET.Sdk/targets/Microsoft.NET.Sdk.targets(204,5): message :     ") at /usr/lib/dotnet/sdk/10.0.104/Sdks/Microsoft.NET.Sdk/targets/Microsoft.NET.Sdk.targets (204,5)
       /usr/lib/dotnet/sdk/10.0.104/Sdks/Microsoft.NET.Sdk/targets/Microsoft.NET.Sdk.targets(213,5): message : Property reassignment: $(CoreCleanDependsOn)="
       /usr/lib/dotnet/sdk/10.0.104/Sdks/Microsoft.NET.Sdk/targets/Microsoft.NET.Sdk.targets(213,5): message :       _SdkBeforeClean;
       /usr/lib/dotnet/sdk/10.0.104/Sdks/Microsoft.NET.Sdk/targets/Microsoft.NET.Sdk.targets(213,5): message :       
       /usr/lib/dotnet/sdk/10.0.104/Sdks/Microsoft.NET.Sdk/targets/Microsoft.NET.Sdk.targets(213,5): message :     " (previous value: "") at /usr/lib/dotnet/sdk/10.0.104/Sdks/Microsoft.NET.Sdk/targets/Microsoft.NET.Sdk.targets (213,5)
       /usr/lib/dotnet/sdk/10.0.104/Sdks/Microsoft.NET.Sdk/targets/Microsoft.NET.Sdk.targets(220,5): message : Property reassignment: $(RebuildDependsOn)="
       /usr/lib/dotnet/sdk/10.0.104/Sdks/Microsoft.NET.Sdk/targets/Microsoft.NET.Sdk.targets(220,5): message :       _SdkBeforeRebuild;
       /usr/lib/dotnet/sdk/10.0.104/Sdks/Microsoft.NET.Sdk/targets/Microsoft.NET.Sdk.targets(220,5): message :       
       /usr/lib/dotnet/sdk/10.0.104/Sdks/Microsoft.NET.Sdk/targets/Microsoft.NET.Sdk.targets(220,5): message :       BeforeRebuild;
       /usr/lib/dotnet/sdk/10.0.104/Sdks/Microsoft.NET.Sdk/targets/Microsoft.NET.Sdk.targets(220,5): message :       Clean;
       /usr/lib/dotnet/sdk/10.0.104/Sdks/Microsoft.NET.Sdk/targets/Microsoft.NET.Sdk.targets(220,5): message :       Build;
       /usr/lib/dotnet/sdk/10.0.104/Sdks/Microsoft.NET.Sdk/targets/Microsoft.NET.Sdk.targets(220,5): message :       AfterRebuild;
       /usr/lib/dotnet/sdk/10.0.104/Sdks/Microsoft.NET.Sdk/targets/Microsoft.NET.Sdk.targets(220,5): message :     
       /usr/lib/dotnet/sdk/10.0.104/Sdks/Microsoft.NET.Sdk/targets/Microsoft.NET.Sdk.targets(220,5): message :     " (previous value: "
       /usr/lib/dotnet/sdk/10.0.104/Sdks/Microsoft.NET.Sdk/targets/Microsoft.NET.Sdk.targets(220,5): message :       BeforeRebuild;
       /usr/lib/dotnet/sdk/10.0.104/Sdks/Microsoft.NET.Sdk/targets/Microsoft.NET.Sdk.targets(220,5): message :       Clean;
       /usr/lib/dotnet/sdk/10.0.104/Sdks/Microsoft.NET.Sdk/targets/Microsoft.NET.Sdk.targets(220,5): message :       Build;
       /usr/lib/dotnet/sdk/10.0.104/Sdks/Microsoft.NET.Sdk/targets/Microsoft.NET.Sdk.targets(220,5): message :       AfterRebuild;
       /usr/lib/dotnet/sdk/10.0.104/Sdks/Microsoft.NET.Sdk/targets/Microsoft.NET.Sdk.targets(220,5): message :     ") at /usr/lib/dotnet/sdk/10.0.104/Sdks/Microsoft.NET.Sdk/targets/Microsoft.NET.Sdk.targets (220,5)
       /usr/lib/dotnet/sdk/10.0.104/Sdks/Microsoft.NET.Sdk/targets/Microsoft.NET.Sdk.targets(799,5): message : Property reassignment: $(CompileDependsOn)="
       /usr/lib/dotnet/sdk/10.0.104/Sdks/Microsoft.NET.Sdk/targets/Microsoft.NET.Sdk.targets(799,5): message :       
       /usr/lib/dotnet/sdk/10.0.104/Sdks/Microsoft.NET.Sdk/targets/Microsoft.NET.Sdk.targets(799,5): message :       ResolveReferences;
       /usr/lib/dotnet/sdk/10.0.104/Sdks/Microsoft.NET.Sdk/targets/Microsoft.NET.Sdk.targets(799,5): message :       ResolveKeySource;
       /usr/lib/dotnet/sdk/10.0.104/Sdks/Microsoft.NET.Sdk/targets/Microsoft.NET.Sdk.targets(799,5): message :       SetWin32ManifestProperties;
       /usr/lib/dotnet/sdk/10.0.104/Sdks/Microsoft.NET.Sdk/targets/Microsoft.NET.Sdk.targets(799,5): message :       _SetPreferNativeArm64Win32ManifestProperties;
       /usr/lib/dotnet/sdk/10.0.104/Sdks/Microsoft.NET.Sdk/targets/Microsoft.NET.Sdk.targets(799,5): message :       FindReferenceAssembliesForReferences;
       /usr/lib/dotnet/sdk/10.0.104/Sdks/Microsoft.NET.Sdk/targets/Microsoft.NET.Sdk.targets(799,5): message :       _GenerateCompileInputs;
       /usr/lib/dotnet/sdk/10.0.104/Sdks/Microsoft.NET.Sdk/targets/Microsoft.NET.Sdk.targets(799,5): message :       BeforeCompile;
       /usr/lib/dotnet/sdk/10.0.104/Sdks/Microsoft.NET.Sdk/targets/Microsoft.NET.Sdk.targets(799,5): message :       _TimeStampBeforeCompile;
       /usr/lib/dotnet/sdk/10.0.104/Sdks/Microsoft.NET.Sdk/targets/Microsoft.NET.Sdk.targets(799,5): message :       _GenerateCompileDependencyCache;
       /usr/lib/dotnet/sdk/10.0.104/Sdks/Microsoft.NET.Sdk/targets/Microsoft.NET.Sdk.targets(799,5): message :       CoreCompile;
       /usr/lib/dotnet/sdk/10.0.104/Sdks/Microsoft.NET.Sdk/targets/Microsoft.NET.Sdk.targets(799,5): message :       _TimeStampAfterCompile;
       /usr/lib/dotnet/sdk/10.0.104/Sdks/Microsoft.NET.Sdk/targets/Microsoft.NET.Sdk.targets(799,5): message :       AfterCompile;
       /usr/lib/dotnet/sdk/10.0.104/Sdks/Microsoft.NET.Sdk/targets/Microsoft.NET.Sdk.targets(799,5): message :     ;
       /usr/lib/dotnet/sdk/10.0.104/Sdks/Microsoft.NET.Sdk/targets/Microsoft.NET.Sdk.targets(799,5): message :       _CreateAppHost;
       /usr/lib/dotnet/sdk/10.0.104/Sdks/Microsoft.NET.Sdk/targets/Microsoft.NET.Sdk.targets(799,5): message :       _CreateComHost;
       /usr/lib/dotnet/sdk/10.0.104/Sdks/Microsoft.NET.Sdk/targets/Microsoft.NET.Sdk.targets(799,5): message :       _GetIjwHostPaths;
       /usr/lib/dotnet/sdk/10.0.104/Sdks/Microsoft.NET.Sdk/targets/Microsoft.NET.Sdk.targets(799,5): message :     " (previous value: "
       /usr/lib/dotnet/sdk/10.0.104/Sdks/Microsoft.NET.Sdk/targets/Microsoft.NET.Sdk.targets(799,5): message :       ResolveReferences;
       /usr/lib/dotnet/sdk/10.0.104/Sdks/Microsoft.NET.Sdk/targets/Microsoft.NET.Sdk.targets(799,5): message :       ResolveKeySource;
       /usr/lib/dotnet/sdk/10.0.104/Sdks/Microsoft.NET.Sdk/targets/Microsoft.NET.Sdk.targets(799,5): message :       SetWin32ManifestProperties;
       /usr/lib/dotnet/sdk/10.0.104/Sdks/Microsoft.NET.Sdk/targets/Microsoft.NET.Sdk.targets(799,5): message :       _SetPreferNativeArm64Win32ManifestProperties;
       /usr/lib/dotnet/sdk/10.0.104/Sdks/Microsoft.NET.Sdk/targets/Microsoft.NET.Sdk.targets(799,5): message :       FindReferenceAssembliesForReferences;
       /usr/lib/dotnet/sdk/10.0.104/Sdks/Microsoft.NET.Sdk/targets/Microsoft.NET.Sdk.targets(799,5): message :       _GenerateCompileInputs;
       /usr/lib/dotnet/sdk/10.0.104/Sdks/Microsoft.NET.Sdk/targets/Microsoft.NET.Sdk.targets(799,5): message :       BeforeCompile;
       /usr/lib/dotnet/sdk/10.0.104/Sdks/Microsoft.NET.Sdk/targets/Microsoft.NET.Sdk.targets(799,5): message :       _TimeStampBeforeCompile;
       /usr/lib/dotnet/sdk/10.0.104/Sdks/Microsoft.NET.Sdk/targets/Microsoft.NET.Sdk.targets(799,5): message :       _GenerateCompileDependencyCache;
       /usr/lib/dotnet/sdk/10.0.104/Sdks/Microsoft.NET.Sdk/targets/Microsoft.NET.Sdk.targets(799,5): message :       CoreCompile;
       /usr/lib/dotnet/sdk/10.0.104/Sdks/Microsoft.NET.Sdk/targets/Microsoft.NET.Sdk.targets(799,5): message :       _TimeStampAfterCompile;
       /usr/lib/dotnet/sdk/10.0.104/Sdks/Microsoft.NET.Sdk/targets/Microsoft.NET.Sdk.targets(799,5): message :       AfterCompile;
       /usr/lib/dotnet/sdk/10.0.104/Sdks/Microsoft.NET.Sdk/targets/Microsoft.NET.Sdk.targets(799,5): message :     ") at /usr/lib/dotnet/sdk/10.0.104/Sdks/Microsoft.NET.Sdk/targets/Microsoft.NET.Sdk.targets (799,5)
       /usr/lib/dotnet/sdk/10.0.104/Sdks/Microsoft.NET.Sdk/targets/Microsoft.NET.Sdk.targets(1131,5): message : Property reassignment: $(CreateSatelliteAssembliesDependsOn)="
       /usr/lib/dotnet/sdk/10.0.104/Sdks/Microsoft.NET.Sdk/targets/Microsoft.NET.Sdk.targets(1131,5): message :       
       /usr/lib/dotnet/sdk/10.0.104/Sdks/Microsoft.NET.Sdk/targets/Microsoft.NET.Sdk.targets(1131,5): message :       ;
       /usr/lib/dotnet/sdk/10.0.104/Sdks/Microsoft.NET.Sdk/targets/Microsoft.NET.Sdk.targets(1131,5): message :       _GenerateSatelliteAssemblyInputs;
       /usr/lib/dotnet/sdk/10.0.104/Sdks/Microsoft.NET.Sdk/targets/Microsoft.NET.Sdk.targets(1131,5): message :       ComputeIntermediateSatelliteAssemblies;
       /usr/lib/dotnet/sdk/10.0.104/Sdks/Microsoft.NET.Sdk/targets/Microsoft.NET.Sdk.targets(1131,5): message :       GenerateSatelliteAssemblies
       /usr/lib/dotnet/sdk/10.0.104/Sdks/Microsoft.NET.Sdk/targets/Microsoft.NET.Sdk.targets(1131,5): message :     ;
       /usr/lib/dotnet/sdk/10.0.104/Sdks/Microsoft.NET.Sdk/targets/Microsoft.NET.Sdk.targets(1131,5): message :       CoreGenerateSatelliteAssemblies
       /usr/lib/dotnet/sdk/10.0.104/Sdks/Microsoft.NET.Sdk/targets/Microsoft.NET.Sdk.targets(1131,5): message :     " (previous value: "
       /usr/lib/dotnet/sdk/10.0.104/Sdks/Microsoft.NET.Sdk/targets/Microsoft.NET.Sdk.targets(1131,5): message :       ;
       /usr/lib/dotnet/sdk/10.0.104/Sdks/Microsoft.NET.Sdk/targets/Microsoft.NET.Sdk.targets(1131,5): message :       _GenerateSatelliteAssemblyInputs;
       /usr/lib/dotnet/sdk/10.0.104/Sdks/Microsoft.NET.Sdk/targets/Microsoft.NET.Sdk.targets(1131,5): message :       ComputeIntermediateSatelliteAssemblies;
       /usr/lib/dotnet/sdk/10.0.104/Sdks/Microsoft.NET.Sdk/targets/Microsoft.NET.Sdk.targets(1131,5): message :       GenerateSatelliteAssemblies
       /usr/lib/dotnet/sdk/10.0.104/Sdks/Microsoft.NET.Sdk/targets/Microsoft.NET.Sdk.targets(1131,5): message :     ") at /usr/lib/dotnet/sdk/10.0.104/Sdks/Microsoft.NET.Sdk/targets/Microsoft.NET.Sdk.targets (1131,5)
       /usr/lib/dotnet/sdk/10.0.104/Sdks/Microsoft.SourceLink.GitLab/build/Microsoft.SourceLink.GitLab.targets(12,5): message : Property reassignment: $(SourceLinkUrlInitializerTargets)=";_InitializeGitHubSourceLinkUrl;_InitializeGitLabSourceLinkUrl" (previous value: ";_InitializeGitHubSourceLinkUrl") at /usr/lib/dotnet/sdk/10.0.104/Sdks/Microsoft.SourceLink.GitLab/build/Microsoft.SourceLink.GitLab.targets (12,5)
       /usr/lib/dotnet/sdk/10.0.104/Sdks/Microsoft.SourceLink.GitLab/build/Microsoft.SourceLink.GitLab.targets(13,5): message : Property reassignment: $(SourceControlManagerUrlTranslationTargets)=";TranslateGitHubUrlsInSourceControlInformation;TranslateGitLabUrlsInSourceControlInformation" (previous value: ";TranslateGitHubUrlsInSourceControlInformation") at /usr/lib/dotnet/sdk/10.0.104/Sdks/Microsoft.SourceLink.GitLab/build/Microsoft.SourceLink.GitLab.targets (13,5)
       /usr/lib/dotnet/sdk/10.0.104/Sdks/Microsoft.SourceLink.AzureRepos.Git/build/Microsoft.SourceLink.AzureRepos.Git.targets(12,5): message : Property reassignment: $(SourceLinkUrlInitializerTargets)=";_InitializeGitHubSourceLinkUrl;_InitializeGitLabSourceLinkUrl;_InitializeAzureReposGitSourceLinkUrl" (previous value: ";_InitializeGitHubSourceLinkUrl;_InitializeGitLabSourceLinkUrl") at /usr/lib/dotnet/sdk/10.0.104/Sdks/Microsoft.SourceLink.AzureRepos.Git/build/Microsoft.SourceLink.AzureRepos.Git.targets (12,5)
       /usr/lib/dotnet/sdk/10.0.104/Sdks/Microsoft.SourceLink.AzureRepos.Git/build/Microsoft.SourceLink.AzureRepos.Git.targets(13,5): message : Property reassignment: $(SourceControlManagerUrlTranslationTargets)=";TranslateGitHubUrlsInSourceControlInformation;TranslateGitLabUrlsInSourceControlInformation;TranslateAzureReposGitUrlsInSourceControlInformation" (previous value: ";TranslateGitHubUrlsInSourceControlInformation;TranslateGitLabUrlsInSourceControlInformation") at /usr/lib/dotnet/sdk/10.0.104/Sdks/Microsoft.SourceLink.AzureRepos.Git/build/Microsoft.SourceLink.AzureRepos.Git.targets (13,5)
       /usr/lib/dotnet/sdk/10.0.104/Sdks/Microsoft.SourceLink.Bitbucket.Git/build/Microsoft.SourceLink.Bitbucket.Git.targets(12,5): message : Property reassignment: $(SourceLinkUrlInitializerTargets)=";_InitializeGitHubSourceLinkUrl;_InitializeGitLabSourceLinkUrl;_InitializeAzureReposGitSourceLinkUrl;_InitializeBitbucketGitSourceLinkUrl" (previous value: ";_InitializeGitHubSourceLinkUrl;_InitializeGitLabSourceLinkUrl;_InitializeAzureReposGitSourceLinkUrl") at /usr/lib/dotnet/sdk/10.0.104/Sdks/Microsoft.SourceLink.Bitbucket.Git/build/Microsoft.SourceLink.Bitbucket.Git.targets (12,5)
       /usr/lib/dotnet/sdk/10.0.104/Sdks/Microsoft.SourceLink.Bitbucket.Git/build/Microsoft.SourceLink.Bitbucket.Git.targets(13,5): message : Property reassignment: $(SourceControlManagerUrlTranslationTargets)=";TranslateGitHubUrlsInSourceControlInformation;TranslateGitLabUrlsInSourceControlInformation;TranslateAzureReposGitUrlsInSourceControlInformation;TranslateBitbucketGitUrlsInSourceControlInformation" (previous value: ";TranslateGitHubUrlsInSourceControlInformation;TranslateGitLabUrlsInSourceControlInformation;TranslateAzureReposGitUrlsInSourceControlInformation") at /usr/lib/dotnet/sdk/10.0.104/Sdks/Microsoft.SourceLink.Bitbucket.Git/build/Microsoft.SourceLink.Bitbucket.Git.targets (13,5)
       /usr/lib/dotnet/sdk/10.0.104/Sdks/Microsoft.NET.Sdk/targets/Microsoft.NET.DesignerSupport.targets(21,5): message : Property reassignment: $(DesignerRuntimeImplementationProjectOutputGroupDependsOn)="
       /usr/lib/dotnet/sdk/10.0.104/Sdks/Microsoft.NET.Sdk/targets/Microsoft.NET.DesignerSupport.targets(21,5): message :       
       /usr/lib/dotnet/sdk/10.0.104/Sdks/Microsoft.NET.Sdk/targets/Microsoft.NET.DesignerSupport.targets(21,5): message :       ;
       /usr/lib/dotnet/sdk/10.0.104/Sdks/Microsoft.NET.Sdk/targets/Microsoft.NET.DesignerSupport.targets(21,5): message :       
       /usr/lib/dotnet/sdk/10.0.104/Sdks/Microsoft.NET.Sdk/targets/Microsoft.NET.DesignerSupport.targets(21,5): message :       ;
       /usr/lib/dotnet/sdk/10.0.104/Sdks/Microsoft.NET.Sdk/targets/Microsoft.NET.DesignerSupport.targets(21,5): message :       BuildOnlySettings;
       /usr/lib/dotnet/sdk/10.0.104/Sdks/Microsoft.NET.Sdk/targets/Microsoft.NET.DesignerSupport.targets(21,5): message :       PrepareForBuild;
       /usr/lib/dotnet/sdk/10.0.104/Sdks/Microsoft.NET.Sdk/targets/Microsoft.NET.DesignerSupport.targets(21,5): message :       AssignTargetPaths;
       /usr/lib/dotnet/sdk/10.0.104/Sdks/Microsoft.NET.Sdk/targets/Microsoft.NET.DesignerSupport.targets(21,5): message :       ResolveReferences
       /usr/lib/dotnet/sdk/10.0.104/Sdks/Microsoft.NET.Sdk/targets/Microsoft.NET.DesignerSupport.targets(21,5): message :     
       /usr/lib/dotnet/sdk/10.0.104/Sdks/Microsoft.NET.Sdk/targets/Microsoft.NET.DesignerSupport.targets(21,5): message :     ;
       /usr/lib/dotnet/sdk/10.0.104/Sdks/Microsoft.NET.Sdk/targets/Microsoft.NET.DesignerSupport.targets(21,5): message :       _GenerateDesignerDepsFile;
       /usr/lib/dotnet/sdk/10.0.104/Sdks/Microsoft.NET.Sdk/targets/Microsoft.NET.DesignerSupport.targets(21,5): message :       _GenerateDesignerRuntimeConfigFile;
       /usr/lib/dotnet/sdk/10.0.104/Sdks/Microsoft.NET.Sdk/targets/Microsoft.NET.DesignerSupport.targets(21,5): message :       GetCopyToOutputDirectoryItems;
       /usr/lib/dotnet/sdk/10.0.104/Sdks/Microsoft.NET.Sdk/targets/Microsoft.NET.DesignerSupport.targets(21,5): message :       _GatherDesignerShadowCopyFiles;
       /usr/lib/dotnet/sdk/10.0.104/Sdks/Microsoft.NET.Sdk/targets/Microsoft.NET.DesignerSupport.targets(21,5): message :     " (previous value: "
       /usr/lib/dotnet/sdk/10.0.104/Sdks/Microsoft.NET.Sdk/targets/Microsoft.NET.DesignerSupport.targets(21,5): message :       ;
       /usr/lib/dotnet/sdk/10.0.104/Sdks/Microsoft.NET.Sdk/targets/Microsoft.NET.DesignerSupport.targets(21,5): message :       
       /usr/lib/dotnet/sdk/10.0.104/Sdks/Microsoft.NET.Sdk/targets/Microsoft.NET.DesignerSupport.targets(21,5): message :       ;
       /usr/lib/dotnet/sdk/10.0.104/Sdks/Microsoft.NET.Sdk/targets/Microsoft.NET.DesignerSupport.targets(21,5): message :       BuildOnlySettings;
       /usr/lib/dotnet/sdk/10.0.104/Sdks/Microsoft.NET.Sdk/targets/Microsoft.NET.DesignerSupport.targets(21,5): message :       PrepareForBuild;
       /usr/lib/dotnet/sdk/10.0.104/Sdks/Microsoft.NET.Sdk/targets/Microsoft.NET.DesignerSupport.targets(21,5): message :       AssignTargetPaths;
       /usr/lib/dotnet/sdk/10.0.104/Sdks/Microsoft.NET.Sdk/targets/Microsoft.NET.DesignerSupport.targets(21,5): message :       ResolveReferences
       /usr/lib/dotnet/sdk/10.0.104/Sdks/Microsoft.NET.Sdk/targets/Microsoft.NET.DesignerSupport.targets(21,5): message :     
       /usr/lib/dotnet/sdk/10.0.104/Sdks/Microsoft.NET.Sdk/targets/Microsoft.NET.DesignerSupport.targets(21,5): message :     ") at /usr/lib/dotnet/sdk/10.0.104/Sdks/Microsoft.NET.Sdk/targets/Microsoft.NET.DesignerSupport.targets (21,5)
       /usr/lib/dotnet/sdk/10.0.104/Sdks/Microsoft.NET.Sdk/targets/Microsoft.NET.Sdk.CSharp.targets(31,5): message : Property reassignment: $(DefineConstants)="TRACE;DEBUG" (previous value: "TRACE") at /usr/lib/dotnet/sdk/10.0.104/Sdks/Microsoft.NET.Sdk/targets/Microsoft.NET.Sdk.CSharp.targets (31,5)
       /usr/lib/dotnet/sdk/10.0.104/Sdks/Microsoft.NET.Sdk/targets/Microsoft.NET.Sdk.CSharp.targets(45,5): message : Property reassignment: $(WarningsAsErrors)=";NU1605;SYSLIB0011" (previous value: ";NU1605") at /usr/lib/dotnet/sdk/10.0.104/Sdks/Microsoft.NET.Sdk/targets/Microsoft.NET.Sdk.CSharp.targets (45,5)
       /usr/lib/dotnet/sdk/10.0.104/NuGet.Build.Tasks.Pack.targets(34,5): message : Property reassignment: $(PackageDescription)="Package Description" (previous value: "") at /usr/lib/dotnet/sdk/10.0.104/NuGet.Build.Tasks.Pack.targets (34,5)
       /usr/lib/dotnet/sdk/10.0.104/NuGet.Build.Tasks.Pack.targets(59,5): message : Property reassignment: $(GenerateNuspecDependsOn)="Build;_LoadPackInputItems; _GetTargetFrameworksOutput; _WalkEachTargetPerFramework; _GetPackageFiles; " (previous value: "_LoadPackInputItems; _GetTargetFrameworksOutput; _WalkEachTargetPerFramework; _GetPackageFiles; ") at /usr/lib/dotnet/sdk/10.0.104/NuGet.Build.Tasks.Pack.targets (59,5)
       /usr/lib/dotnet/sdk/10.0.104/Sdks/Microsoft.NET.Sdk/Sdk/Sdk.targets(59,5): message : Property reassignment: $(_IsNotSetContainersTargetsDir)="true" (previous value: "false") at /usr/lib/dotnet/sdk/10.0.104/Sdks/Microsoft.NET.Sdk/Sdk/Sdk.targets (59,5)
       /usr/lib/dotnet/sdk/10.0.104/Containers/build/Microsoft.NET.Build.Containers.targets(5,5): message : Property reassignment: $(_IsSDKContainerAllowedVersion)="true" (previous value: "false") at /usr/lib/dotnet/sdk/10.0.104/Containers/build/Microsoft.NET.Build.Containers.targets (5,5)
       /usr/lib/dotnet/sdk/10.0.104/Containers/build/Microsoft.NET.Build.Containers.targets(15,5): message : Property reassignment: $(_ContainerIsTargetingNet8TFM)="true" (previous value: "false") at /usr/lib/dotnet/sdk/10.0.104/Containers/build/Microsoft.NET.Build.Containers.targets (15,5)
       Overriding target "ResolveFrameworkReferences" in project "/usr/lib/dotnet/sdk/10.0.104/Microsoft.Common.CurrentVersion.targets" with target "ResolveFrameworkReferences" from project "/usr/lib/dotnet/sdk/10.0.104/Sdks/Microsoft.NET.Sdk/targets/Microsoft.NET.Sdk.FrameworkReferenceResolution.targets".
       Overriding target "GenerateSupportedTargetFrameworkAlias" in project "/usr/lib/dotnet/sdk/10.0.104/Microsoft.Common.CurrentVersion.targets" with target "GenerateSupportedTargetFrameworkAlias" from project "/usr/lib/dotnet/sdk/10.0.104/Sdks/Microsoft.NET.Sdk/targets/Microsoft.NET.Sdk.targets".
       Overriding target "GetReferenceAssemblyPaths" in project "/usr/lib/dotnet/sdk/10.0.104/Microsoft.Common.CurrentVersion.targets" with target "GetReferenceAssemblyPaths" from project "/usr/lib/dotnet/sdk/10.0.104/Sdks/Microsoft.NET.Sdk/targets/Microsoft.NET.DisableStandardFrameworkResolution.targets".
       Overriding target "GetFrameworkPaths" in project "/usr/lib/dotnet/sdk/10.0.104/Microsoft.Common.CurrentVersion.targets" with target "GetFrameworkPaths" from project "/usr/lib/dotnet/sdk/10.0.104/Sdks/Microsoft.NET.Sdk/targets/Microsoft.NET.DisableStandardFrameworkResolution.targets".
       Overriding target "DesignerRuntimeImplementationProjectOutputGroup" in project "/usr/lib/dotnet/sdk/10.0.104/Microsoft.Common.CurrentVersion.targets" with target "DesignerRuntimeImplementationProjectOutputGroup" from project "/usr/lib/dotnet/sdk/10.0.104/Sdks/Microsoft.NET.Sdk/targets/Microsoft.NET.DesignerSupport.targets".
       Overriding target "Publish" in project "/usr/lib/dotnet/sdk/10.0.104/Microsoft.Common.CurrentVersion.targets" with target "Publish" from project "/usr/lib/dotnet/sdk/10.0.104/Sdks/Microsoft.NET.Sdk/targets/Microsoft.NET.Publish.targets".
       Overriding target "ResolveReadyToRunCompilers" in project "/usr/lib/dotnet/sdk/10.0.104/Sdks/Microsoft.NET.Sdk/targets/Microsoft.NET.CrossGen.targets" with target "ResolveReadyToRunCompilers" from project "/usr/lib/dotnet/sdk/10.0.104/Sdks/Microsoft.NET.Sdk/targets/Microsoft.NET.Publish.targets".
       Overriding target "GetCopyToPublishDirectoryItems" in project "/usr/lib/dotnet/sdk/10.0.104/Microsoft.Common.CurrentVersion.targets" with target "GetCopyToPublishDirectoryItems" from project "/usr/lib/dotnet/sdk/10.0.104/Sdks/Microsoft.NET.Sdk/targets/Microsoft.NET.Publish.targets".
       Overriding target "Run" in project "/usr/lib/dotnet/sdk/10.0.104/Microsoft.Common.CurrentVersion.targets" with target "Run" from project "/usr/lib/dotnet/sdk/10.0.104/Sdks/Microsoft.NET.Sdk/targets/Microsoft.NET.Sdk.targets".
   1:7>Project "/home/tsgomes/mcad/services/cadastro-api/2-Application/Cadastro.Application/Cadastro.Application.csproj" on node 1 (default targets).
   1:7>Target "_CollectTargetFrameworkForTelemetry" in file "/usr/lib/dotnet/sdk/10.0.104/Sdks/Microsoft.NET.Sdk/targets/Microsoft.NET.TargetFrameworkInference.targets" from project "/home/tsgomes/mcad/services/cadastro-api/2-Application/Cadastro.Application/Cadastro.Application.csproj" (target "_CheckForInvalidConfigurationAndPlatform" depends on it):
   1:7>Using "AllowEmptyTelemetry" task from assembly "/usr/lib/dotnet/sdk/10.0.104/Sdks/Microsoft.NET.Sdk/targets/../tools/net10.0/Microsoft.NET.Build.Tasks.dll".
       Task "AllowEmptyTelemetry"
       Done executing task "AllowEmptyTelemetry".
   1:7>Done building target "_CollectTargetFrameworkForTelemetry" in project "Cadastro.Application.csproj".
   1:7>Target "_CheckForUnsupportedNETCoreVersion" in file "/usr/lib/dotnet/sdk/10.0.104/Sdks/Microsoft.NET.Sdk/targets/Microsoft.NET.TargetFrameworkInference.targets" from project "/home/tsgomes/mcad/services/cadastro-api/2-Application/Cadastro.Application/Cadastro.Application.csproj" (target "_CheckForInvalidConfigurationAndPlatform" depends on it):
   1:7>Done building target "_CheckForUnsupportedNETCoreVersion" in project "Cadastro.Application.csproj".
   1:7>Target "_CheckForUnsupportedCppNETCoreVersion" in file "/usr/lib/dotnet/sdk/10.0.104/Sdks/Microsoft.NET.Sdk/targets/Microsoft.NET.TargetFrameworkInference.targets" from project "/home/tsgomes/mcad/services/cadastro-api/2-Application/Cadastro.Application/Cadastro.Application.csproj" (target "_CheckForInvalidConfigurationAndPlatform" depends on it):
   1:7>Done building target "_CheckForUnsupportedCppNETCoreVersion" in project "Cadastro.Application.csproj".
   1:7>Target "_CheckForUnsupportedArtifactsPath" in file "/usr/lib/dotnet/sdk/10.0.104/Sdks/Microsoft.NET.Sdk/targets/Microsoft.NET.DefaultOutputPaths.targets" from project "/home/tsgomes/mcad/services/cadastro-api/2-Application/Cadastro.Application/Cadastro.Application.csproj" (target "_CheckForInvalidConfigurationAndPlatform" depends on it):
   1:7>Done building target "_CheckForUnsupportedArtifactsPath" in project "Cadastro.Application.csproj".
   1:7>Target "_CheckForUnsupportedHostingUsage" in file "/usr/lib/dotnet/sdk/10.0.104/Sdks/Microsoft.NET.Sdk/targets/Microsoft.NET.RuntimeIdentifierInference.targets" from project "/home/tsgomes/mcad/services/cadastro-api/2-Application/Cadastro.Application/Cadastro.Application.csproj" (target "_CheckForInvalidConfigurationAndPlatform" depends on it):
   1:7>Done building target "_CheckForUnsupportedHostingUsage" in project "Cadastro.Application.csproj".
   1:7>Target "_CheckAndUnsetUnsupportedPrefer32Bit" in file "/usr/lib/dotnet/sdk/10.0.104/Sdks/Microsoft.NET.Sdk/targets/Microsoft.NET.RuntimeIdentifierInference.targets" from project "/home/tsgomes/mcad/services/cadastro-api/2-Application/Cadastro.Application/Cadastro.Application.csproj" (target "_CheckForInvalidConfigurationAndPlatform" depends on it):
   1:7>Done building target "_CheckAndUnsetUnsupportedPrefer32Bit" in project "Cadastro.Application.csproj".
   1:7>Target "_CheckForLanguageAndFeatureCombinationSupport" in file "/usr/lib/dotnet/sdk/10.0.104/Sdks/Microsoft.NET.Sdk/targets/Microsoft.NET.RuntimeIdentifierInference.targets" from project "/home/tsgomes/mcad/services/cadastro-api/2-Application/Cadastro.Application/Cadastro.Application.csproj" (target "_CheckForInvalidConfigurationAndPlatform" depends on it):
   1:7>Done building target "_CheckForLanguageAndFeatureCombinationSupport" in project "Cadastro.Application.csproj".
   1:7>Target "UpdateAspNetToFrameworkReference" in file "/usr/lib/dotnet/sdk/10.0.104/Sdks/Microsoft.NET.Sdk/targets/Microsoft.NET.Sdk.DefaultItems.Shared.targets" from project "/home/tsgomes/mcad/services/cadastro-api/2-Application/Cadastro.Application/Cadastro.Application.csproj" (target "ApplyImplicitVersions" depends on it):
       Using "CheckIfPackageReferenceShouldBeFrameworkReference" task from assembly "/usr/lib/dotnet/sdk/10.0.104/Sdks/Microsoft.NET.Sdk/targets/../tools/net10.0/Microsoft.NET.Build.Tasks.dll".
       Task "CheckIfPackageReferenceShouldBeFrameworkReference"
       Done executing task "CheckIfPackageReferenceShouldBeFrameworkReference".
       Task "CheckIfPackageReferenceShouldBeFrameworkReference"
       Done executing task "CheckIfPackageReferenceShouldBeFrameworkReference".
   1:7>Done building target "UpdateAspNetToFrameworkReference" in project "Cadastro.Application.csproj".
   1:7>Target "CheckForImplicitPackageReferenceOverrides" in file "/usr/lib/dotnet/sdk/10.0.104/Sdks/Microsoft.NET.Sdk/targets/Microsoft.NET.Sdk.DefaultItems.Shared.targets" from project "/home/tsgomes/mcad/services/cadastro-api/2-Application/Cadastro.Application/Cadastro.Application.csproj" (target "ApplyImplicitVersions" depends on it):
       Using "CheckForImplicitPackageReferenceOverrides" task from assembly "/usr/lib/dotnet/sdk/10.0.104/Sdks/Microsoft.NET.Sdk/targets/../tools/net10.0/Microsoft.NET.Build.Tasks.dll".
       Task "CheckForImplicitPackageReferenceOverrides"
       Done executing task "CheckForImplicitPackageReferenceOverrides".
   1:7>Done building target "CheckForImplicitPackageReferenceOverrides" in project "Cadastro.Application.csproj".
   1:7>Target "ApplyImplicitVersions" in file "/usr/lib/dotnet/sdk/10.0.104/Sdks/Microsoft.NET.Sdk/targets/Microsoft.NET.Sdk.DefaultItems.Shared.targets" from project "/home/tsgomes/mcad/services/cadastro-api/2-Application/Cadastro.Application/Cadastro.Application.csproj" (target "CollectPackageReferences" depends on it):
       Using "ApplyImplicitVersions" task from assembly "/usr/lib/dotnet/sdk/10.0.104/Sdks/Microsoft.NET.Sdk/targets/../tools/net10.0/Microsoft.NET.Build.Tasks.dll".
       Task "ApplyImplicitVersions"
       Done executing task "ApplyImplicitVersions".
   1:7>Done building target "ApplyImplicitVersions" in project "Cadastro.Application.csproj".
       Target "CheckForImplicitPackageReferenceOverrides" skipped. Previously built successfully.
   1:7>Target "_ComputeToolPackInputsToProcessFrameworkReferences" in file "/usr/lib/dotnet/sdk/10.0.104/Sdks/Microsoft.NET.Sdk/targets/Microsoft.NET.Publish.targets" from project "/home/tsgomes/mcad/services/cadastro-api/2-Application/Cadastro.Application/Cadastro.Application.csproj" (target "ProcessFrameworkReferences" depends on it):
   1:7>Done building target "_ComputeToolPackInputsToProcessFrameworkReferences" in project "Cadastro.Application.csproj".
   1:7>Target "ProcessFrameworkReferences" in file "/usr/lib/dotnet/sdk/10.0.104/Sdks/Microsoft.NET.Sdk/targets/Microsoft.NET.Sdk.FrameworkReferenceResolution.targets" from project "/home/tsgomes/mcad/services/cadastro-api/2-Application/Cadastro.Application/Cadastro.Application.csproj" (target "CollectPackageReferences" depends on it):
       Using "CheckForDuplicateFrameworkReferences" task from assembly "/usr/lib/dotnet/sdk/10.0.104/Sdks/Microsoft.NET.Sdk/targets/../tools/net10.0/Microsoft.NET.Build.Tasks.dll".
       Task "CheckForDuplicateFrameworkReferences"
       Done executing task "CheckForDuplicateFrameworkReferences".
       Using "ProcessFrameworkReferences" task from assembly "/usr/lib/dotnet/sdk/10.0.104/Sdks/Microsoft.NET.Sdk/targets/../tools/net10.0/Microsoft.NET.Build.Tasks.dll".
       Task "ProcessFrameworkReferences"
         Found 1 known framework references for target framework .NETCoreApp
         Found 5 known runtime packs for target framework .NETCoreApp
         Selected Microsoft.NETCore.App with RIDs 'linux-arm;linux-arm64;linux-musl-arm64;linux-musl-x64;linux-x64;osx-x64;tizen.4.0.0-armel;tizen.5.0.0-armel;win-arm64;win-x64;win-x86;linux-musl-arm;osx-arm64;linux-s390x;linux-loongarch64;linux-bionic-arm;linux-bionic-arm64;linux-bionic-x64;linux-bionic-x86;linux-ppc64le;freebsd-x64;freebsd-arm64'
         Selected targeting pack 'Microsoft.NETCore.App@8.0.25'
         Added runtime framework 'Microsoft.NETCore.App@8.0.0'
         Ignoring framework reference to Microsoft.WindowsDesktop.App as it is Windows-only and the current platform is not Windows.
         Ignoring framework reference to Microsoft.WindowsDesktop.App.WPF as it is Windows-only and the current platform is not Windows.
         Ignoring framework reference to Microsoft.WindowsDesktop.App.WindowsForms as it is Windows-only and the current platform is not Windows.
         Selected Microsoft.AspNetCore.App with RIDs 'win-x64;win-x86;osx-x64;linux-musl-x64;linux-musl-arm64;linux-x64;linux-arm;linux-arm64;linux-musl-arm;win-arm64;osx-arm64;linux-s390x;linux-loongarch64;linux-ppc64le;freebsd-x64;freebsd-arm64'
         Selected targeting pack 'Microsoft.AspNetCore.App@8.0.25'
         Added runtime framework 'Microsoft.AspNetCore.App@8.0.0'
       Done executing task "ProcessFrameworkReferences".
       Using "ResolveAppHosts" task from assembly "/usr/lib/dotnet/sdk/10.0.104/Sdks/Microsoft.NET.Sdk/targets/../tools/net10.0/Microsoft.NET.Build.Tasks.dll".
       Task "ResolveAppHosts"
       Done executing task "ResolveAppHosts".
   1:7>Done building target "ProcessFrameworkReferences" in project "Cadastro.Application.csproj".
   1:7>Target "_CheckForObsoleteDotNetCliToolReferences" in file "/usr/lib/dotnet/sdk/10.0.104/Sdks/Microsoft.NET.Sdk/targets/Microsoft.NET.ObsoleteReferences.targets" from project "/home/tsgomes/mcad/services/cadastro-api/2-Application/Cadastro.Application/Cadastro.Application.csproj" (target "CollectPackageReferences" depends on it):
   1:7>Done building target "_CheckForObsoleteDotNetCliToolReferences" in project "Cadastro.Application.csproj".
   1:7>Target "CollectPackageReferences" in file "/usr/lib/dotnet/sdk/10.0.104/NuGet.targets" from project "/home/tsgomes/mcad/services/cadastro-api/2-Application/Cadastro.Application/Cadastro.Application.csproj" (target "_GetRestoreProjectStyle" depends on it):
       Using "CheckForDuplicateNuGetItemsTask" task from assembly "/usr/lib/dotnet/sdk/10.0.104/NuGet.Build.Tasks.dll".
       Task "CheckForDuplicateNuGetItemsTask"
       Done executing task "CheckForDuplicateNuGetItemsTask".
   1:7>Done building target "CollectPackageReferences" in project "Cadastro.Application.csproj".
   1:7>Target "_GetRestoreProjectStyle" in file "/usr/lib/dotnet/sdk/10.0.104/NuGet.targets" from project "/home/tsgomes/mcad/services/cadastro-api/2-Application/Cadastro.Application/Cadastro.Application.csproj" (target "EnableIntermediateOutputPathMismatchWarning" depends on it):
       Using "GetRestoreProjectStyleTask" task from assembly "/usr/lib/dotnet/sdk/10.0.104/NuGet.Build.Tasks.dll".
       Task "GetRestoreProjectStyleTask"
       Done executing task "GetRestoreProjectStyleTask".
   1:7>Done building target "_GetRestoreProjectStyle" in project "Cadastro.Application.csproj".
   1:7>Target "EnableIntermediateOutputPathMismatchWarning" in file "/usr/lib/dotnet/sdk/10.0.104/NuGet.targets" from project "/home/tsgomes/mcad/services/cadastro-api/2-Application/Cadastro.Application/Cadastro.Application.csproj" (target "_CheckForInvalidConfigurationAndPlatform" depends on it):
   1:7>Done building target "EnableIntermediateOutputPathMismatchWarning" in project "Cadastro.Application.csproj".
       Target "ApplyImplicitVersions" skipped. Previously built successfully.
       Target "CheckForImplicitPackageReferenceOverrides" skipped. Previously built successfully.
   1:7>Target "CheckForDuplicateItems" in file "/usr/lib/dotnet/sdk/10.0.104/Sdks/Microsoft.NET.Sdk/targets/Microsoft.NET.Sdk.DefaultItems.Shared.targets" from project "/home/tsgomes/mcad/services/cadastro-api/2-Application/Cadastro.Application/Cadastro.Application.csproj" (target "_CheckForInvalidConfigurationAndPlatform" depends on it):
       Using "CheckForDuplicateItems" task from assembly "/usr/lib/dotnet/sdk/10.0.104/Sdks/Microsoft.NET.Sdk/targets/../tools/net10.0/Microsoft.NET.Build.Tasks.dll".
       Task "CheckForDuplicateItems"
       Done executing task "CheckForDuplicateItems".
       Task "CheckForDuplicateItems"
       Done executing task "CheckForDuplicateItems".
       Task "CheckForDuplicateItems"
       Done executing task "CheckForDuplicateItems".
   1:7>Done building target "CheckForDuplicateItems" in project "Cadastro.Application.csproj".
       Target "ProcessFrameworkReferences" skipped. Previously built successfully.
   1:7>Target "_CheckForInvalidConfigurationAndPlatform" in file "/usr/lib/dotnet/sdk/10.0.104/Microsoft.Common.CurrentVersion.targets" from project "/home/tsgomes/mcad/services/cadastro-api/2-Application/Cadastro.Application/Cadastro.Application.csproj" (target "BeforeBuild" depends on it):
       Task "Message"
         Configuration=Debug
       Done executing task "Message".
       Task "Message"
         Platform=AnyCPU
       Done executing task "Message".
   1:7>Done building target "_CheckForInvalidConfigurationAndPlatform" in project "Cadastro.Application.csproj".
   1:7>Target "ValidateCommandLineProperties" in file "/usr/lib/dotnet/sdk/10.0.104/Sdks/Microsoft.NET.Sdk/targets/Microsoft.NET.Sdk.targets" from project "/home/tsgomes/mcad/services/cadastro-api/2-Application/Cadastro.Application/Cadastro.Application.csproj" (target "BeforeBuild" depends on it):
   1:7>Done building target "ValidateCommandLineProperties" in project "Cadastro.Application.csproj".
   1:7>Target "BeforeBuild" in file "/usr/lib/dotnet/sdk/10.0.104/Microsoft.Common.CurrentVersion.targets" from project "/home/tsgomes/mcad/services/cadastro-api/2-Application/Cadastro.Application/Cadastro.Application.csproj" (target "Build" depends on it):
   1:7>Done building target "BeforeBuild" in project "Cadastro.Application.csproj".
   1:7>Target "BuildOnlySettings" in file "/usr/lib/dotnet/sdk/10.0.104/Microsoft.Common.CurrentVersion.targets" from project "/home/tsgomes/mcad/services/cadastro-api/2-Application/Cadastro.Application/Cadastro.Application.csproj" (target "CoreBuild" depends on it):
       /usr/lib/dotnet/sdk/10.0.104/Microsoft.Common.CurrentVersion.targets(1168,7): message : Property reassignment: $(BuildingProject)="true" (previous value: "false") at /usr/lib/dotnet/sdk/10.0.104/Microsoft.Common.CurrentVersion.targets (1168,7) [/home/tsgomes/mcad/services/cadastro-api/2-Application/Cadastro.Application/Cadastro.Application.csproj]
   1:7>Done building target "BuildOnlySettings" in project "Cadastro.Application.csproj".
   1:7>Target "GetFrameworkPaths" in file "/usr/lib/dotnet/sdk/10.0.104/Sdks/Microsoft.NET.Sdk/targets/Microsoft.NET.DisableStandardFrameworkResolution.targets" from project "/home/tsgomes/mcad/services/cadastro-api/2-Application/Cadastro.Application/Cadastro.Application.csproj" (target "PrepareForBuild" depends on it):
   1:7>Done building target "GetFrameworkPaths" in project "Cadastro.Application.csproj".
   1:7>Target "GetReferenceAssemblyPaths" in file "/usr/lib/dotnet/sdk/10.0.104/Sdks/Microsoft.NET.Sdk/targets/Microsoft.NET.DisableStandardFrameworkResolution.targets" from project "/home/tsgomes/mcad/services/cadastro-api/2-Application/Cadastro.Application/Cadastro.Application.csproj" (target "PrepareForBuild" depends on it):
   1:7>Done building target "GetReferenceAssemblyPaths" in project "Cadastro.Application.csproj".
   1:7>Target "PrepareForBuild" in file "/usr/lib/dotnet/sdk/10.0.104/Microsoft.Common.CurrentVersion.targets" from project "/home/tsgomes/mcad/services/cadastro-api/2-Application/Cadastro.Application/Cadastro.Application.csproj" (target "CoreBuild" depends on it):
       Using "FindAppConfigFile" task from assembly "Microsoft.Build.Tasks.Core, Version=15.1.0.0, Culture=neutral, PublicKeyToken=b03f5f7f11d50a3a".
       Task "FindAppConfigFile"
       Done executing task "FindAppConfigFile".
       Using "MakeDir" task from assembly "Microsoft.Build.Tasks.Core, Version=15.1.0.0, Culture=neutral, PublicKeyToken=b03f5f7f11d50a3a".
       Task "MakeDir"
       Done executing task "MakeDir".
   1:7>Done building target "PrepareForBuild" in project "Cadastro.Application.csproj".
   1:7>Target "GenerateTargetFrameworkDefineConstants" in file "/usr/lib/dotnet/sdk/10.0.104/Sdks/Microsoft.NET.Sdk/targets/Microsoft.NET.Sdk.BeforeCommon.targets" from project "/home/tsgomes/mcad/services/cadastro-api/2-Application/Cadastro.Application/Cadastro.Application.csproj" (target "AddImplicitDefineConstants" depends on it):
   1:7>Done building target "GenerateTargetFrameworkDefineConstants" in project "Cadastro.Application.csproj".
   1:7>Target "GenerateNETCompatibleDefineConstants" in file "/usr/lib/dotnet/sdk/10.0.104/Sdks/Microsoft.NET.Sdk/targets/Microsoft.NET.Sdk.BeforeCommon.targets" from project "/home/tsgomes/mcad/services/cadastro-api/2-Application/Cadastro.Application/Cadastro.Application.csproj" (target "AddImplicitDefineConstants" depends on it):
   1:7>Done building target "GenerateNETCompatibleDefineConstants" in project "Cadastro.Application.csproj".
   1:7>Target "AddImplicitDefineConstants" in file "/usr/lib/dotnet/sdk/10.0.104/Sdks/Microsoft.NET.Sdk/targets/Microsoft.NET.Sdk.BeforeCommon.targets" from project "/home/tsgomes/mcad/services/cadastro-api/2-Application/Cadastro.Application/Cadastro.Application.csproj" (target "CoreBuild" depends on it):
       /usr/lib/dotnet/sdk/10.0.104/Sdks/Microsoft.NET.Sdk/targets/Microsoft.NET.Sdk.BeforeCommon.targets(295,7): message : Property reassignment: $(DefineConstants)="TRACE;DEBUG;NET;NET8_0;NETCOREAPP;NET5_0_OR_GREATER;NET6_0_OR_GREATER;NET7_0_OR_GREATER;NET8_0_OR_GREATER;NETCOREAPP1_0_OR_GREATER;NETCOREAPP1_1_OR_GREATER;NETCOREAPP2_0_OR_GREATER;NETCOREAPP2_1_OR_GREATER;NETCOREAPP2_2_OR_GREATER;NETCOREAPP3_0_OR_GREATER;NETCOREAPP3_1_OR_GREATER" (previous value: "TRACE;DEBUG") at /usr/lib/dotnet/sdk/10.0.104/Sdks/Microsoft.NET.Sdk/targets/Microsoft.NET.Sdk.BeforeCommon.targets (295,7) [/home/tsgomes/mcad/services/cadastro-api/2-Application/Cadastro.Application/Cadastro.Application.csproj]
   1:7>Done building target "AddImplicitDefineConstants" in project "Cadastro.Application.csproj".
   1:7>Target "GenerateGlobalUsings" in file "/usr/lib/dotnet/sdk/10.0.104/Sdks/Microsoft.NET.Sdk/targets/Microsoft.NET.GenerateGlobalUsings.targets" from project "/home/tsgomes/mcad/services/cadastro-api/2-Application/Cadastro.Application/Cadastro.Application.csproj" (target "CoreBuild" depends on it):
       Using "GenerateGlobalUsings" task from assembly "/usr/lib/dotnet/sdk/10.0.104/Sdks/Microsoft.NET.Sdk/targets/../tools/net10.0/Microsoft.NET.Build.Tasks.dll".
       Task "GenerateGlobalUsings"
       Done executing task "GenerateGlobalUsings".
       Using "WriteLinesToFile" task from assembly "Microsoft.Build.Tasks.Core, Version=15.1.0.0, Culture=neutral, PublicKeyToken=b03f5f7f11d50a3a".
       Task "WriteLinesToFile"
         Skipping write to file "obj/Debug/net8.0/Cadastro.Application.GlobalUsings.g.cs" because content would not change.
       Done executing task "WriteLinesToFile".
   1:7>Done building target "GenerateGlobalUsings" in project "Cadastro.Application.csproj".
   1:7>Target "BeforeResolveReferences" in file "/usr/lib/dotnet/sdk/10.0.104/Microsoft.Common.CurrentVersion.targets" from project "/home/tsgomes/mcad/services/cadastro-api/2-Application/Cadastro.Application/Cadastro.Application.csproj" (target "ResolveReferences" depends on it):
   1:7>Done building target "BeforeResolveReferences" in project "Cadastro.Application.csproj".
   1:7>Target "IgnoreJavaScriptOutputAssembly" in file "/usr/lib/dotnet/sdk/10.0.104/Microsoft.Common.CurrentVersion.targets" from project "/home/tsgomes/mcad/services/cadastro-api/2-Application/Cadastro.Application/Cadastro.Application.csproj" (target "AssignProjectConfiguration" depends on it):
   1:7>Done building target "IgnoreJavaScriptOutputAssembly" in project "Cadastro.Application.csproj".
       Target "ProcessFrameworkReferences" skipped. Previously built successfully.
   1:7>Target "_DefaultMicrosoftNETPlatformLibrary" in file "/usr/lib/dotnet/sdk/10.0.104/Sdks/Microsoft.NET.Sdk/targets/Microsoft.NET.Sdk.Shared.targets" from project "/home/tsgomes/mcad/services/cadastro-api/2-Application/Cadastro.Application/Cadastro.Application.csproj" (target "ResolvePackageAssets" depends on it):
   1:7>Done building target "_DefaultMicrosoftNETPlatformLibrary" in project "Cadastro.Application.csproj".
   1:7>Target "_ComputePackageReferencePublish" in file "/usr/lib/dotnet/sdk/10.0.104/Sdks/Microsoft.NET.Sdk/targets/Microsoft.NET.Sdk.Shared.targets" from project "/home/tsgomes/mcad/services/cadastro-api/2-Application/Cadastro.Application/Cadastro.Application.csproj" (target "ResolvePackageAssets" depends on it):
   1:7>Done building target "_ComputePackageReferencePublish" in project "Cadastro.Application.csproj".
   1:7>Target "ResolvePackageAssets" in file "/usr/lib/dotnet/sdk/10.0.104/Sdks/Microsoft.NET.Sdk/targets/Microsoft.PackageDependencyResolution.targets" from project "/home/tsgomes/mcad/services/cadastro-api/2-Application/Cadastro.Application/Cadastro.Application.csproj" (target "ResolveLockFileReferences" depends on it):
       Using "ResolvePackageAssets" task from assembly "/usr/lib/dotnet/sdk/10.0.104/Sdks/Microsoft.NET.Sdk/targets/../tools/net10.0/Microsoft.NET.Build.Tasks.dll".
       Task "ResolvePackageAssets"
       Done executing task "ResolvePackageAssets".
   1:7>Done building target "ResolvePackageAssets" in project "Cadastro.Application.csproj".
   1:7>Target "ResolveLockFileReferences" in file "/usr/lib/dotnet/sdk/10.0.104/Sdks/Microsoft.NET.Sdk/targets/Microsoft.PackageDependencyResolution.targets" from project "/home/tsgomes/mcad/services/cadastro-api/2-Application/Cadastro.Application/Cadastro.Application.csproj" (target "ResolvePackageDependenciesForBuild" depends on it):
       Using "JoinItems" task from assembly "/usr/lib/dotnet/sdk/10.0.104/Sdks/Microsoft.NET.Sdk/targets/../tools/net10.0/Microsoft.NET.Build.Tasks.dll".
       Task "JoinItems"
       Done executing task "JoinItems".
   1:7>Done building target "ResolveLockFileReferences" in project "Cadastro.Application.csproj".
       Target "ResolvePackageAssets" skipped. Previously built successfully.
   1:7>Target "ResolveLockFileAnalyzers" in file "/usr/lib/dotnet/sdk/10.0.104/Sdks/Microsoft.NET.Sdk/targets/Microsoft.PackageDependencyResolution.targets" from project "/home/tsgomes/mcad/services/cadastro-api/2-Application/Cadastro.Application/Cadastro.Application.csproj" (target "ResolvePackageDependenciesForBuild" depends on it):
   1:7>Done building target "ResolveLockFileAnalyzers" in project "Cadastro.Application.csproj".
       Target "ResolvePackageAssets" skipped. Previously built successfully.
   1:7>Target "ResolveLockFileCopyLocalFiles" in file "/usr/lib/dotnet/sdk/10.0.104/Sdks/Microsoft.NET.Sdk/targets/Microsoft.PackageDependencyResolution.targets" from project "/home/tsgomes/mcad/services/cadastro-api/2-Application/Cadastro.Application/Cadastro.Application.csproj" (target "ResolvePackageDependenciesForBuild" depends on it):
   1:7>Done building target "ResolveLockFileCopyLocalFiles" in project "Cadastro.Application.csproj".
       Target "ResolvePackageAssets" skipped. Previously built successfully.
   1:7>Target "IncludeTransitiveProjectReferences" in file "/usr/lib/dotnet/sdk/10.0.104/Sdks/Microsoft.NET.Sdk/targets/Microsoft.PackageDependencyResolution.targets" from project "/home/tsgomes/mcad/services/cadastro-api/2-Application/Cadastro.Application/Cadastro.Application.csproj" (target "ResolvePackageDependenciesForBuild" depends on it):
   1:7>Done building target "IncludeTransitiveProjectReferences" in project "Cadastro.Application.csproj".
   1:7>Target "ResolvePackageDependenciesForBuild" in file "/usr/lib/dotnet/sdk/10.0.104/Sdks/Microsoft.NET.Sdk/targets/Microsoft.PackageDependencyResolution.targets" from project "/home/tsgomes/mcad/services/cadastro-api/2-Application/Cadastro.Application/Cadastro.Application.csproj" (target "AssignProjectConfiguration" depends on it):
   1:7>Done building target "ResolvePackageDependenciesForBuild" in project "Cadastro.Application.csproj".
   1:7>Target "AssignProjectConfiguration" in file "/usr/lib/dotnet/sdk/10.0.104/Microsoft.Common.CurrentVersion.targets" from project "/home/tsgomes/mcad/services/cadastro-api/2-Application/Cadastro.Application/Cadastro.Application.csproj" (target "ResolveReferences" depends on it):
       Using "AssignProjectConfiguration" task from assembly "Microsoft.Build.Tasks.Core, Version=15.1.0.0, Culture=neutral, PublicKeyToken=b03f5f7f11d50a3a".
       Task "AssignProjectConfiguration"
         Project reference "../../3-Domain/Cadastro.Domain/Cadastro.Domain.csproj" has not been resolved.
       Done executing task "AssignProjectConfiguration".
   1:7>Done building target "AssignProjectConfiguration" in project "Cadastro.Application.csproj".
       Target "AssignProjectConfiguration" skipped. Previously built successfully.
   1:7>Target "_SplitProjectReferencesByFileExistence" in file "/usr/lib/dotnet/sdk/10.0.104/Microsoft.Common.CurrentVersion.targets" from project "/home/tsgomes/mcad/services/cadastro-api/2-Application/Cadastro.Application/Cadastro.Application.csproj" (target "PrepareProjectReferences" depends on it):
   1:7>Done building target "_SplitProjectReferencesByFileExistence" in project "Cadastro.Application.csproj".
   1:7>Target "_AddOutputPathToGlobalPropertiesToRemove" in file "/usr/lib/dotnet/sdk/10.0.104/Microsoft.Common.CurrentVersion.targets" from project "/home/tsgomes/mcad/services/cadastro-api/2-Application/Cadastro.Application/Cadastro.Application.csproj" (target "_GetProjectReferenceTargetFrameworkProperties" depends on it):
   1:7>Done building target "_AddOutputPathToGlobalPropertiesToRemove" in project "Cadastro.Application.csproj".
   1:7>Target "_GetProjectReferenceTargetFrameworkProperties" in file "/usr/lib/dotnet/sdk/10.0.104/Microsoft.Common.CurrentVersion.targets" from project "/home/tsgomes/mcad/services/cadastro-api/2-Application/Cadastro.Application/Cadastro.Application.csproj" (target "PrepareProjectReferences" depends on it):
       Task "MSBuild"
         Removing Properties:
           TargetFramework
           RuntimeIdentifier
           SelfContained
     0>/usr/lib/dotnet/sdk/10.0.104/Sdks/Microsoft.NET.Sdk/Sdk/Sdk.props(49,11): message : Property 'MSBuildExtensionsPath' with value '/usr/lib/dotnet/sdk/10.0.104/' expanded from the environment.
       /usr/lib/dotnet/sdk/10.0.104/Current/Microsoft.Common.props(60,5): message : Property reassignment: $(MSBuildProjectExtensionsPath)="/home/tsgomes/mcad/services/cadastro-api/3-Domain/Cadastro.Domain/obj/" (previous value: "obj\") at /usr/lib/dotnet/sdk/10.0.104/Current/Microsoft.Common.props (60,5)
       /usr/lib/dotnet/sdk/10.0.104/Current/Microsoft.Common.props(84,119): message : Property 'MSBuildUserExtensionsPath' with value '/home/tsgomes/.local/share/Microsoft\MSBuild' expanded from the environment.
       /usr/lib/dotnet/sdk/10.0.104/Sdks/Microsoft.NET.Sdk/targets/Microsoft.NET.Sdk.props(90,5): message : Property reassignment: $(AssemblySearchPaths)="{CandidateAssemblyFiles};{HintPathFromItem}" (previous value: "{CandidateAssemblyFiles}") at /usr/lib/dotnet/sdk/10.0.104/Sdks/Microsoft.NET.Sdk/targets/Microsoft.NET.Sdk.props (90,5)
       /usr/lib/dotnet/sdk/10.0.104/Sdks/Microsoft.NET.Sdk/targets/Microsoft.NET.Sdk.props(91,5): message : Property reassignment: $(AssemblySearchPaths)="{CandidateAssemblyFiles};{HintPathFromItem};{TargetFrameworkDirectory}" (previous value: "{CandidateAssemblyFiles};{HintPathFromItem}") at /usr/lib/dotnet/sdk/10.0.104/Sdks/Microsoft.NET.Sdk/targets/Microsoft.NET.Sdk.props (91,5)
       /usr/lib/dotnet/sdk/10.0.104/Sdks/Microsoft.NET.Sdk/targets/Microsoft.NET.Sdk.props(92,5): message : Property reassignment: $(AssemblySearchPaths)="{CandidateAssemblyFiles};{HintPathFromItem};{TargetFrameworkDirectory};{RawFileName}" (previous value: "{CandidateAssemblyFiles};{HintPathFromItem};{TargetFrameworkDirectory}") at /usr/lib/dotnet/sdk/10.0.104/Sdks/Microsoft.NET.Sdk/targets/Microsoft.NET.Sdk.props (92,5)
       /usr/lib/dotnet/sdk/10.0.104/Sdks/Microsoft.NET.Sdk/targets/Microsoft.NET.Sdk.ImportPublishProfile.targets(28,5): message : Property reassignment: $(PublishProfileImported)="false" (previous value: "true") at /usr/lib/dotnet/sdk/10.0.104/Sdks/Microsoft.NET.Sdk/targets/Microsoft.NET.Sdk.ImportPublishProfile.targets (28,5)
       /usr/lib/dotnet/sdk/10.0.104/Sdks/Microsoft.NET.Sdk/targets/Microsoft.NET.TargetFrameworkInference.targets(81,5): message : Property reassignment: $(TargetPlatformVersion)="" (previous value: "0.0") at /usr/lib/dotnet/sdk/10.0.104/Sdks/Microsoft.NET.Sdk/targets/Microsoft.NET.TargetFrameworkInference.targets (81,5)
       /usr/lib/dotnet/sdk/10.0.104/Sdks/Microsoft.NET.Sdk/targets/Microsoft.NET.DefaultOutputPaths.targets(127,5): message : Property reassignment: $(DefaultItemExcludes)=";bin\Debug//**;obj\Debug//**" (previous value: ";bin\Debug//**") at /usr/lib/dotnet/sdk/10.0.104/Sdks/Microsoft.NET.Sdk/targets/Microsoft.NET.DefaultOutputPaths.targets (127,5)
       /usr/lib/dotnet/sdk/10.0.104/Sdks/Microsoft.NET.Sdk/targets/Microsoft.NET.DefaultOutputPaths.targets(142,5): message : Property reassignment: $(OutputPath)="bin\Debug/net8.0/" (previous value: "bin\Debug/") at /usr/lib/dotnet/sdk/10.0.104/Sdks/Microsoft.NET.Sdk/targets/Microsoft.NET.DefaultOutputPaths.targets (142,5)
       /usr/lib/dotnet/sdk/10.0.104/Sdks/Microsoft.NET.Sdk/targets/Microsoft.NET.DefaultOutputPaths.targets(147,5): message : Property reassignment: $(IntermediateOutputPath)="obj\Debug/net8.0/" (previous value: "obj\Debug/") at /usr/lib/dotnet/sdk/10.0.104/Sdks/Microsoft.NET.Sdk/targets/Microsoft.NET.DefaultOutputPaths.targets (147,5)
       /usr/lib/dotnet/sdk/10.0.104/Sdks/Microsoft.NET.Sdk/targets/Microsoft.NET.Sdk.BeforeCommon.targets(371,5): message : Property reassignment: $(RoslynTargetsPath)="/usr/lib/dotnet/sdk/10.0.104/Sdks/Microsoft.NET.Sdk/targets/../../../Roslyn" (previous value: "/usr/lib/dotnet/sdk/10.0.104/Roslyn") at /usr/lib/dotnet/sdk/10.0.104/Sdks/Microsoft.NET.Sdk/targets/Microsoft.NET.Sdk.BeforeCommon.targets (371,5)
       /usr/lib/dotnet/sdk/10.0.104/Roslyn/Microsoft.Managed.Core.targets(6,5): message : Property reassignment: $(_BuildTasksDirectory)="/usr/lib/dotnet/sdk/10.0.104/Sdks/Microsoft.NET.Sdk/targets/../../../Roslyn/" (previous value: "/usr/lib/dotnet/sdk/10.0.104/Roslyn/") at /usr/lib/dotnet/sdk/10.0.104/Roslyn/Microsoft.Managed.Core.targets (6,5)
       /usr/lib/dotnet/sdk/10.0.104/Roslyn/Microsoft.CSharp.Core.targets(200,5): message : Property reassignment: $(CommandLineArgsForDesignTimeEvaluation)="-langversion:12.0 -define:TRACE" (previous value: "-langversion:12.0") at /usr/lib/dotnet/sdk/10.0.104/Roslyn/Microsoft.CSharp.Core.targets (200,5)
       /home/tsgomes/.local/share/Microsoft/MSBuild/Current/Microsoft.Common.targets/ImportBefore/SonarQube.Integration.ImportBefore.targets(12,5): message : Property reassignment: $(SonarQubeBuildDirectory)="/home/tsgomes/mcad" (previous value: "") at /home/tsgomes/.local/share/Microsoft/MSBuild/Current/Microsoft.Common.targets/ImportBefore/SonarQube.Integration.ImportBefore.targets (12,5)
       /usr/lib/dotnet/sdk/10.0.104/Microsoft.Common.CurrentVersion.targets(175,5): message : Property reassignment: $(_DebugSymbolsProduced)="true" (previous value: "false") at /usr/lib/dotnet/sdk/10.0.104/Microsoft.Common.CurrentVersion.targets (175,5)
       /usr/lib/dotnet/sdk/10.0.104/Microsoft.Common.CurrentVersion.targets(185,5): message : Property reassignment: $(_DocumentationFileProduced)="false" (previous value: "true") at /usr/lib/dotnet/sdk/10.0.104/Microsoft.Common.CurrentVersion.targets (185,5)
       /usr/lib/dotnet/sdk/10.0.104/Microsoft.Common.CurrentVersion.targets(392,5): message : Property reassignment: $(MSBuildCopyMarkerName)="Cadastro.8B32CD0D" (previous value: "Cadastro.Domain.csproj") at /usr/lib/dotnet/sdk/10.0.104/Microsoft.Common.CurrentVersion.targets (392,5)
       /usr/lib/dotnet/sdk/10.0.104/Microsoft.Common.CurrentVersion.targets(393,5): message : Property reassignment: $(MSBuildCopyMarkerName)="Cadastro.8B32CD0D.Up2Date" (previous value: "Cadastro.8B32CD0D") at /usr/lib/dotnet/sdk/10.0.104/Microsoft.Common.CurrentVersion.targets (393,5)
       /usr/lib/dotnet/sdk/10.0.104/Microsoft.Common.CurrentVersion.targets(541,5): message : Property reassignment: $(ProcessorArchitecture)="msil" (previous value: "") at /usr/lib/dotnet/sdk/10.0.104/Microsoft.Common.CurrentVersion.targets (541,5)
       /usr/lib/dotnet/sdk/10.0.104/Microsoft.Common.CurrentVersion.targets(580,5): message : Property reassignment: $(DelaySign)="" (previous value: "false") at /usr/lib/dotnet/sdk/10.0.104/Microsoft.Common.CurrentVersion.targets (580,5)
       /usr/lib/dotnet/sdk/10.0.104/Microsoft.Common.CurrentVersion.targets(2606,5): message : Property 'LocalAppData' with value '/home/tsgomes/.local/share' expanded from the environment.
       /usr/lib/dotnet/sdk/10.0.104/Microsoft.Common.CurrentVersion.targets(3934,5): message : Property reassignment: $(_SGenGenerateSerializationAssembliesConfig)="Auto" (previous value: "") at /usr/lib/dotnet/sdk/10.0.104/Microsoft.Common.CurrentVersion.targets (3934,5)
       /usr/lib/dotnet/sdk/10.0.104/Microsoft.Common.CurrentVersion.targets(3935,5): message : Property reassignment: $(_SGenGenerateSerializationAssembliesConfig)="Off" (previous value: "Auto") at /usr/lib/dotnet/sdk/10.0.104/Microsoft.Common.CurrentVersion.targets (3935,5)
       /usr/lib/dotnet/sdk/10.0.104/Microsoft.Common.CurrentVersion.targets(5146,5): message : Property reassignment: $(_TargetsThatPrepareProjectReferences)="
       /usr/lib/dotnet/sdk/10.0.104/Microsoft.Common.CurrentVersion.targets(5146,5): message :       AssignProjectConfiguration;
       /usr/lib/dotnet/sdk/10.0.104/Microsoft.Common.CurrentVersion.targets(5146,5): message :       _SplitProjectReferencesByFileExistence
       /usr/lib/dotnet/sdk/10.0.104/Microsoft.Common.CurrentVersion.targets(5146,5): message :     " (previous value: "_SplitProjectReferencesByFileExistence") at /usr/lib/dotnet/sdk/10.0.104/Microsoft.Common.CurrentVersion.targets (5146,5)
       /usr/lib/dotnet/sdk/10.0.104/Microsoft.Common.CurrentVersion.targets(6959,5): message : Property 'MSBuildExtensionsPath32' with value '/usr/lib/dotnet/sdk/10.0.104' expanded from the environment.
       The "NuGetInteractive" property is a global property, and cannot be modified.
       /usr/lib/dotnet/sdk/10.0.104/Sdks/Microsoft.NET.Sdk/targets/Microsoft.PackageDependencyResolution.targets(29,5): message : Property reassignment: $(ProjectAssetsCacheFile)="/home/tsgomes/mcad/services/cadastro-api/3-Domain/Cadastro.Domain/obj/Debug/net8.0/Cadastro.Domain.assets.cache" (previous value: "obj\Debug/net8.0/Cadastro.Domain.assets.cache") at /usr/lib/dotnet/sdk/10.0.104/Sdks/Microsoft.NET.Sdk/targets/Microsoft.PackageDependencyResolution.targets (29,5)
       /usr/lib/dotnet/sdk/10.0.104/Sdks/Microsoft.NET.Sdk/targets/Microsoft.PackageDependencyResolution.targets(80,5): message : Property reassignment: $(ResolveAssemblyReferencesDependsOn)="
       /usr/lib/dotnet/sdk/10.0.104/Sdks/Microsoft.NET.Sdk/targets/Microsoft.PackageDependencyResolution.targets(80,5): message :       
       /usr/lib/dotnet/sdk/10.0.104/Sdks/Microsoft.NET.Sdk/targets/Microsoft.PackageDependencyResolution.targets(80,5): message :       ResolveProjectReferences;
       /usr/lib/dotnet/sdk/10.0.104/Sdks/Microsoft.NET.Sdk/targets/Microsoft.PackageDependencyResolution.targets(80,5): message :       FindInvalidProjectReferences;
       /usr/lib/dotnet/sdk/10.0.104/Sdks/Microsoft.NET.Sdk/targets/Microsoft.PackageDependencyResolution.targets(80,5): message :       GetFrameworkPaths;
       /usr/lib/dotnet/sdk/10.0.104/Sdks/Microsoft.NET.Sdk/targets/Microsoft.PackageDependencyResolution.targets(80,5): message :       GetReferenceAssemblyPaths;
       /usr/lib/dotnet/sdk/10.0.104/Sdks/Microsoft.NET.Sdk/targets/Microsoft.PackageDependencyResolution.targets(80,5): message :       PrepareForBuild;
       /usr/lib/dotnet/sdk/10.0.104/Sdks/Microsoft.NET.Sdk/targets/Microsoft.PackageDependencyResolution.targets(80,5): message :       ResolveSDKReferences;
       /usr/lib/dotnet/sdk/10.0.104/Sdks/Microsoft.NET.Sdk/targets/Microsoft.PackageDependencyResolution.targets(80,5): message :       ExpandSDKReferences;
       /usr/lib/dotnet/sdk/10.0.104/Sdks/Microsoft.NET.Sdk/targets/Microsoft.PackageDependencyResolution.targets(80,5): message :     ;
       /usr/lib/dotnet/sdk/10.0.104/Sdks/Microsoft.NET.Sdk/targets/Microsoft.PackageDependencyResolution.targets(80,5): message :       ResolvePackageDependenciesForBuild;
       /usr/lib/dotnet/sdk/10.0.104/Sdks/Microsoft.NET.Sdk/targets/Microsoft.PackageDependencyResolution.targets(80,5): message :       _HandlePackageFileConflicts;
       /usr/lib/dotnet/sdk/10.0.104/Sdks/Microsoft.NET.Sdk/targets/Microsoft.PackageDependencyResolution.targets(80,5): message :     " (previous value: "
       /usr/lib/dotnet/sdk/10.0.104/Sdks/Microsoft.NET.Sdk/targets/Microsoft.PackageDependencyResolution.targets(80,5): message :       ResolveProjectReferences;
       /usr/lib/dotnet/sdk/10.0.104/Sdks/Microsoft.NET.Sdk/targets/Microsoft.PackageDependencyResolution.targets(80,5): message :       FindInvalidProjectReferences;
       /usr/lib/dotnet/sdk/10.0.104/Sdks/Microsoft.NET.Sdk/targets/Microsoft.PackageDependencyResolution.targets(80,5): message :       GetFrameworkPaths;
       /usr/lib/dotnet/sdk/10.0.104/Sdks/Microsoft.NET.Sdk/targets/Microsoft.PackageDependencyResolution.targets(80,5): message :       GetReferenceAssemblyPaths;
       /usr/lib/dotnet/sdk/10.0.104/Sdks/Microsoft.NET.Sdk/targets/Microsoft.PackageDependencyResolution.targets(80,5): message :       PrepareForBuild;
       /usr/lib/dotnet/sdk/10.0.104/Sdks/Microsoft.NET.Sdk/targets/Microsoft.PackageDependencyResolution.targets(80,5): message :       ResolveSDKReferences;
       /usr/lib/dotnet/sdk/10.0.104/Sdks/Microsoft.NET.Sdk/targets/Microsoft.PackageDependencyResolution.targets(80,5): message :       ExpandSDKReferences;
       /usr/lib/dotnet/sdk/10.0.104/Sdks/Microsoft.NET.Sdk/targets/Microsoft.PackageDependencyResolution.targets(80,5): message :     ") at /usr/lib/dotnet/sdk/10.0.104/Sdks/Microsoft.NET.Sdk/targets/Microsoft.PackageDependencyResolution.targets (80,5)
       /usr/lib/dotnet/sdk/10.0.104/Sdks/Microsoft.NET.Sdk/targets/Microsoft.PackageDependencyResolution.targets(86,5): message : Property reassignment: $(PrepareResourcesDependsOn)="
       /usr/lib/dotnet/sdk/10.0.104/Sdks/Microsoft.NET.Sdk/targets/Microsoft.PackageDependencyResolution.targets(86,5): message :       ResolvePackageDependenciesForBuild;
       /usr/lib/dotnet/sdk/10.0.104/Sdks/Microsoft.NET.Sdk/targets/Microsoft.PackageDependencyResolution.targets(86,5): message :       _HandlePackageFileConflicts;
       /usr/lib/dotnet/sdk/10.0.104/Sdks/Microsoft.NET.Sdk/targets/Microsoft.PackageDependencyResolution.targets(86,5): message :       
       /usr/lib/dotnet/sdk/10.0.104/Sdks/Microsoft.NET.Sdk/targets/Microsoft.PackageDependencyResolution.targets(86,5): message :       ;
       /usr/lib/dotnet/sdk/10.0.104/Sdks/Microsoft.NET.Sdk/targets/Microsoft.PackageDependencyResolution.targets(86,5): message :       PrepareResourceNames;
       /usr/lib/dotnet/sdk/10.0.104/Sdks/Microsoft.NET.Sdk/targets/Microsoft.PackageDependencyResolution.targets(86,5): message :       ResGen;
       /usr/lib/dotnet/sdk/10.0.104/Sdks/Microsoft.NET.Sdk/targets/Microsoft.PackageDependencyResolution.targets(86,5): message :       CompileLicxFiles
       /usr/lib/dotnet/sdk/10.0.104/Sdks/Microsoft.NET.Sdk/targets/Microsoft.PackageDependencyResolution.targets(86,5): message :     
       /usr/lib/dotnet/sdk/10.0.104/Sdks/Microsoft.NET.Sdk/targets/Microsoft.PackageDependencyResolution.targets(86,5): message :     " (previous value: "
       /usr/lib/dotnet/sdk/10.0.104/Sdks/Microsoft.NET.Sdk/targets/Microsoft.PackageDependencyResolution.targets(86,5): message :       ;
       /usr/lib/dotnet/sdk/10.0.104/Sdks/Microsoft.NET.Sdk/targets/Microsoft.PackageDependencyResolution.targets(86,5): message :       PrepareResourceNames;
       /usr/lib/dotnet/sdk/10.0.104/Sdks/Microsoft.NET.Sdk/targets/Microsoft.PackageDependencyResolution.targets(86,5): message :       ResGen;
       /usr/lib/dotnet/sdk/10.0.104/Sdks/Microsoft.NET.Sdk/targets/Microsoft.PackageDependencyResolution.targets(86,5): message :       CompileLicxFiles
       /usr/lib/dotnet/sdk/10.0.104/Sdks/Microsoft.NET.Sdk/targets/Microsoft.PackageDependencyResolution.targets(86,5): message :     ") at /usr/lib/dotnet/sdk/10.0.104/Sdks/Microsoft.NET.Sdk/targets/Microsoft.PackageDependencyResolution.targets (86,5)
       /usr/lib/dotnet/sdk/10.0.104/Sdks/Microsoft.NET.Sdk/targets/Microsoft.NET.Sdk.DefaultItems.targets(35,5): message : Property reassignment: $(DefaultItemExcludes)=";bin\Debug//**;obj\Debug//**;bin\/**" (previous value: ";bin\Debug//**;obj\Debug//**") at /usr/lib/dotnet/sdk/10.0.104/Sdks/Microsoft.NET.Sdk/targets/Microsoft.NET.Sdk.DefaultItems.targets (35,5)
       /usr/lib/dotnet/sdk/10.0.104/Sdks/Microsoft.NET.Sdk/targets/Microsoft.NET.Sdk.DefaultItems.targets(37,5): message : Property reassignment: $(DefaultItemExcludes)=";bin\Debug//**;obj\Debug//**;bin\/**;obj\/**" (previous value: ";bin\Debug//**;obj\Debug//**;bin\/**") at /usr/lib/dotnet/sdk/10.0.104/Sdks/Microsoft.NET.Sdk/targets/Microsoft.NET.Sdk.DefaultItems.targets (37,5)
       /usr/lib/dotnet/sdk/10.0.104/Sdks/Microsoft.NET.Sdk/targets/Microsoft.NET.Sdk.DefaultItems.targets(40,5): message : Property reassignment: $(DefaultItemExcludes)=";bin\Debug//**;obj\Debug//**;bin\/**;obj\/**;**/*.user" (previous value: ";bin\Debug//**;obj\Debug//**;bin\/**;obj\/**") at /usr/lib/dotnet/sdk/10.0.104/Sdks/Microsoft.NET.Sdk/targets/Microsoft.NET.Sdk.DefaultItems.targets (40,5)
       /usr/lib/dotnet/sdk/10.0.104/Sdks/Microsoft.NET.Sdk/targets/Microsoft.NET.Sdk.DefaultItems.targets(41,5): message : Property reassignment: $(DefaultItemExcludes)=";bin\Debug//**;obj\Debug//**;bin\/**;obj\/**;**/*.user;**/*.*proj" (previous value: ";bin\Debug//**;obj\Debug//**;bin\/**;obj\/**;**/*.user") at /usr/lib/dotnet/sdk/10.0.104/Sdks/Microsoft.NET.Sdk/targets/Microsoft.NET.Sdk.DefaultItems.targets (41,5)
       /usr/lib/dotnet/sdk/10.0.104/Sdks/Microsoft.NET.Sdk/targets/Microsoft.NET.Sdk.DefaultItems.targets(42,5): message : Property reassignment: $(DefaultItemExcludes)=";bin\Debug//**;obj\Debug//**;bin\/**;obj\/**;**/*.user;**/*.*proj;**/*.sln" (previous value: ";bin\Debug//**;obj\Debug//**;bin\/**;obj\/**;**/*.user;**/*.*proj") at /usr/lib/dotnet/sdk/10.0.104/Sdks/Microsoft.NET.Sdk/targets/Microsoft.NET.Sdk.DefaultItems.targets (42,5)
       /usr/lib/dotnet/sdk/10.0.104/Sdks/Microsoft.NET.Sdk/targets/Microsoft.NET.Sdk.DefaultItems.targets(43,5): message : Property reassignment: $(DefaultItemExcludes)=";bin\Debug//**;obj\Debug//**;bin\/**;obj\/**;**/*.user;**/*.*proj;**/*.sln;**/*.slnx" (previous value: ";bin\Debug//**;obj\Debug//**;bin\/**;obj\/**;**/*.user;**/*.*proj;**/*.sln") at /usr/lib/dotnet/sdk/10.0.104/Sdks/Microsoft.NET.Sdk/targets/Microsoft.NET.Sdk.DefaultItems.targets (43,5)
       /usr/lib/dotnet/sdk/10.0.104/Sdks/Microsoft.NET.Sdk/targets/Microsoft.NET.Sdk.DefaultItems.targets(44,5): message : Property reassignment: $(DefaultItemExcludes)=";bin\Debug//**;obj\Debug//**;bin\/**;obj\/**;**/*.user;**/*.*proj;**/*.sln;**/*.slnx;**/*.vssscc" (previous value: ";bin\Debug//**;obj\Debug//**;bin\/**;obj\/**;**/*.user;**/*.*proj;**/*.sln;**/*.slnx") at /usr/lib/dotnet/sdk/10.0.104/Sdks/Microsoft.NET.Sdk/targets/Microsoft.NET.Sdk.DefaultItems.targets (44,5)
       /usr/lib/dotnet/sdk/10.0.104/Sdks/Microsoft.NET.Sdk/targets/Microsoft.NET.Sdk.DefaultItems.targets(45,5): message : Property reassignment: $(DefaultItemExcludes)=";bin\Debug//**;obj\Debug//**;bin\/**;obj\/**;**/*.user;**/*.*proj;**/*.sln;**/*.slnx;**/*.vssscc;**/.DS_Store" (previous value: ";bin\Debug//**;obj\Debug//**;bin\/**;obj\/**;**/*.user;**/*.*proj;**/*.sln;**/*.slnx;**/*.vssscc") at /usr/lib/dotnet/sdk/10.0.104/Sdks/Microsoft.NET.Sdk/targets/Microsoft.NET.Sdk.DefaultItems.targets (45,5)
       /usr/lib/dotnet/sdk/10.0.104/Sdks/Microsoft.NET.Sdk/targets/Microsoft.NET.Sdk.FrameworkReferenceResolution.targets(14,5): message : Property reassignment: $(ResolveAssemblyReferencesDependsOn)="
       /usr/lib/dotnet/sdk/10.0.104/Sdks/Microsoft.NET.Sdk/targets/Microsoft.NET.Sdk.FrameworkReferenceResolution.targets(14,5): message :       
       /usr/lib/dotnet/sdk/10.0.104/Sdks/Microsoft.NET.Sdk/targets/Microsoft.NET.Sdk.FrameworkReferenceResolution.targets(14,5): message :       
       /usr/lib/dotnet/sdk/10.0.104/Sdks/Microsoft.NET.Sdk/targets/Microsoft.NET.Sdk.FrameworkReferenceResolution.targets(14,5): message :       ResolveProjectReferences;
       /usr/lib/dotnet/sdk/10.0.104/Sdks/Microsoft.NET.Sdk/targets/Microsoft.NET.Sdk.FrameworkReferenceResolution.targets(14,5): message :       FindInvalidProjectReferences;
       /usr/lib/dotnet/sdk/10.0.104/Sdks/Microsoft.NET.Sdk/targets/Microsoft.NET.Sdk.FrameworkReferenceResolution.targets(14,5): message :       GetFrameworkPaths;
       /usr/lib/dotnet/sdk/10.0.104/Sdks/Microsoft.NET.Sdk/targets/Microsoft.NET.Sdk.FrameworkReferenceResolution.targets(14,5): message :       GetReferenceAssemblyPaths;
       /usr/lib/dotnet/sdk/10.0.104/Sdks/Microsoft.NET.Sdk/targets/Microsoft.NET.Sdk.FrameworkReferenceResolution.targets(14,5): message :       PrepareForBuild;
       /usr/lib/dotnet/sdk/10.0.104/Sdks/Microsoft.NET.Sdk/targets/Microsoft.NET.Sdk.FrameworkReferenceResolution.targets(14,5): message :       ResolveSDKReferences;
       /usr/lib/dotnet/sdk/10.0.104/Sdks/Microsoft.NET.Sdk/targets/Microsoft.NET.Sdk.FrameworkReferenceResolution.targets(14,5): message :       ExpandSDKReferences;
       /usr/lib/dotnet/sdk/10.0.104/Sdks/Microsoft.NET.Sdk/targets/Microsoft.NET.Sdk.FrameworkReferenceResolution.targets(14,5): message :     ;
       /usr/lib/dotnet/sdk/10.0.104/Sdks/Microsoft.NET.Sdk/targets/Microsoft.NET.Sdk.FrameworkReferenceResolution.targets(14,5): message :       ResolvePackageDependenciesForBuild;
       /usr/lib/dotnet/sdk/10.0.104/Sdks/Microsoft.NET.Sdk/targets/Microsoft.NET.Sdk.FrameworkReferenceResolution.targets(14,5): message :       _HandlePackageFileConflicts;
       /usr/lib/dotnet/sdk/10.0.104/Sdks/Microsoft.NET.Sdk/targets/Microsoft.NET.Sdk.FrameworkReferenceResolution.targets(14,5): message :     ;
       /usr/lib/dotnet/sdk/10.0.104/Sdks/Microsoft.NET.Sdk/targets/Microsoft.NET.Sdk.FrameworkReferenceResolution.targets(14,5): message :       ResolveTargetingPackAssets;
       /usr/lib/dotnet/sdk/10.0.104/Sdks/Microsoft.NET.Sdk/targets/Microsoft.NET.Sdk.FrameworkReferenceResolution.targets(14,5): message :     " (previous value: "
       /usr/lib/dotnet/sdk/10.0.104/Sdks/Microsoft.NET.Sdk/targets/Microsoft.NET.Sdk.FrameworkReferenceResolution.targets(14,5): message :       
       /usr/lib/dotnet/sdk/10.0.104/Sdks/Microsoft.NET.Sdk/targets/Microsoft.NET.Sdk.FrameworkReferenceResolution.targets(14,5): message :       ResolveProjectReferences;
       /usr/lib/dotnet/sdk/10.0.104/Sdks/Microsoft.NET.Sdk/targets/Microsoft.NET.Sdk.FrameworkReferenceResolution.targets(14,5): message :       FindInvalidProjectReferences;
       /usr/lib/dotnet/sdk/10.0.104/Sdks/Microsoft.NET.Sdk/targets/Microsoft.NET.Sdk.FrameworkReferenceResolution.targets(14,5): message :       GetFrameworkPaths;
       /usr/lib/dotnet/sdk/10.0.104/Sdks/Microsoft.NET.Sdk/targets/Microsoft.NET.Sdk.FrameworkReferenceResolution.targets(14,5): message :       GetReferenceAssemblyPaths;
       /usr/lib/dotnet/sdk/10.0.104/Sdks/Microsoft.NET.Sdk/targets/Microsoft.NET.Sdk.FrameworkReferenceResolution.targets(14,5): message :       PrepareForBuild;
       /usr/lib/dotnet/sdk/10.0.104/Sdks/Microsoft.NET.Sdk/targets/Microsoft.NET.Sdk.FrameworkReferenceResolution.targets(14,5): message :       ResolveSDKReferences;
       /usr/lib/dotnet/sdk/10.0.104/Sdks/Microsoft.NET.Sdk/targets/Microsoft.NET.Sdk.FrameworkReferenceResolution.targets(14,5): message :       ExpandSDKReferences;
       /usr/lib/dotnet/sdk/10.0.104/Sdks/Microsoft.NET.Sdk/targets/Microsoft.NET.Sdk.FrameworkReferenceResolution.targets(14,5): message :     ;
       /usr/lib/dotnet/sdk/10.0.104/Sdks/Microsoft.NET.Sdk/targets/Microsoft.NET.Sdk.FrameworkReferenceResolution.targets(14,5): message :       ResolvePackageDependenciesForBuild;
       /usr/lib/dotnet/sdk/10.0.104/Sdks/Microsoft.NET.Sdk/targets/Microsoft.NET.Sdk.FrameworkReferenceResolution.targets(14,5): message :       _HandlePackageFileConflicts;
       /usr/lib/dotnet/sdk/10.0.104/Sdks/Microsoft.NET.Sdk/targets/Microsoft.NET.Sdk.FrameworkReferenceResolution.targets(14,5): message :     ") at /usr/lib/dotnet/sdk/10.0.104/Sdks/Microsoft.NET.Sdk/targets/Microsoft.NET.Sdk.FrameworkReferenceResolution.targets (14,5)
       /usr/lib/dotnet/sdk/10.0.104/Sdks/Microsoft.NET.Sdk/targets/Microsoft.NET.Sdk.targets(44,5): message : Property reassignment: $(_GenerateRuntimeConfigurationPropertyInputsCache)="/home/tsgomes/mcad/services/cadastro-api/3-Domain/Cadastro.Domain/obj/Debug/net8.0/Cadastro.Domain.genruntimeconfig.cache" (previous value: "obj\Debug/net8.0/Cadastro.Domain.genruntimeconfig.cache") at /usr/lib/dotnet/sdk/10.0.104/Sdks/Microsoft.NET.Sdk/targets/Microsoft.NET.Sdk.targets (44,5)
       /usr/lib/dotnet/sdk/10.0.104/Sdks/Microsoft.NET.Sdk/targets/Microsoft.NET.Sdk.targets(46,5): message : Property reassignment: $(_GeneratePublishDependencyFilePropertyInputsCache)="/home/tsgomes/mcad/services/cadastro-api/3-Domain/Cadastro.Domain/obj/Debug/net8.0/Cadastro.Domain.genpublishdeps.cache" (previous value: "obj\Debug/net8.0/Cadastro.Domain.genpublishdeps.cache") at /usr/lib/dotnet/sdk/10.0.104/Sdks/Microsoft.NET.Sdk/targets/Microsoft.NET.Sdk.targets (46,5)
       /usr/lib/dotnet/sdk/10.0.104/Sdks/Microsoft.NET.Sdk/targets/Microsoft.NET.Sdk.targets(48,5): message : Property reassignment: $(_GenerateSingleFileBundlePropertyInputsCache)="/home/tsgomes/mcad/services/cadastro-api/3-Domain/Cadastro.Domain/obj/Debug/net8.0/Cadastro.Domain.genbundle.cache" (previous value: "obj\Debug/net8.0/Cadastro.Domain.genbundle.cache") at /usr/lib/dotnet/sdk/10.0.104/Sdks/Microsoft.NET.Sdk/targets/Microsoft.NET.Sdk.targets (48,5)
       /usr/lib/dotnet/sdk/10.0.104/Sdks/Microsoft.NET.Sdk/targets/Microsoft.NET.Sdk.targets(81,5): message : Property reassignment: $(GenerateRuntimeConfigDevFile)="false" (previous value: "true") at /usr/lib/dotnet/sdk/10.0.104/Sdks/Microsoft.NET.Sdk/targets/Microsoft.NET.Sdk.targets (81,5)
       /usr/lib/dotnet/sdk/10.0.104/Sdks/Microsoft.NET.Sdk/targets/Microsoft.NET.Sdk.targets(97,5): message : Property 'HOME' with value '/home/tsgomes' expanded from the environment.
       /usr/lib/dotnet/sdk/10.0.104/Sdks/Microsoft.NET.Sdk/targets/Microsoft.NET.Sdk.targets(99,5): message : Property reassignment: $(_DefaultUserProfileRuntimeStorePath)="/home/tsgomes/.dotnet/store" (previous value: "/home/tsgomes") at /usr/lib/dotnet/sdk/10.0.104/Sdks/Microsoft.NET.Sdk/targets/Microsoft.NET.Sdk.targets (99,5)
       /usr/lib/dotnet/sdk/10.0.104/Sdks/Microsoft.NET.Sdk/targets/Microsoft.NET.Sdk.targets(144,5): message : Property reassignment: $(AvailablePlatforms)="Any CPU,x86,x64,ARM32" (previous value: "Any CPU,x86,x64") at /usr/lib/dotnet/sdk/10.0.104/Sdks/Microsoft.NET.Sdk/targets/Microsoft.NET.Sdk.targets (144,5)
       /usr/lib/dotnet/sdk/10.0.104/Sdks/Microsoft.NET.Sdk/targets/Microsoft.NET.Sdk.targets(148,5): message : Property reassignment: $(AvailablePlatforms)="Any CPU,x86,x64,ARM32,ARM64" (previous value: "Any CPU,x86,x64,ARM32") at /usr/lib/dotnet/sdk/10.0.104/Sdks/Microsoft.NET.Sdk/targets/Microsoft.NET.Sdk.targets (148,5)
       /usr/lib/dotnet/sdk/10.0.104/Sdks/Microsoft.NET.Sdk/targets/Microsoft.NET.Sdk.targets(204,5): message : Property reassignment: $(CoreBuildDependsOn)="
       /usr/lib/dotnet/sdk/10.0.104/Sdks/Microsoft.NET.Sdk/targets/Microsoft.NET.Sdk.targets(204,5): message :       _CheckForBuildWithNoBuild;
       /usr/lib/dotnet/sdk/10.0.104/Sdks/Microsoft.NET.Sdk/targets/Microsoft.NET.Sdk.targets(204,5): message :       
       /usr/lib/dotnet/sdk/10.0.104/Sdks/Microsoft.NET.Sdk/targets/Microsoft.NET.Sdk.targets(204,5): message :       BuildOnlySettings;
       /usr/lib/dotnet/sdk/10.0.104/Sdks/Microsoft.NET.Sdk/targets/Microsoft.NET.Sdk.targets(204,5): message :       PrepareForBuild;
       /usr/lib/dotnet/sdk/10.0.104/Sdks/Microsoft.NET.Sdk/targets/Microsoft.NET.Sdk.targets(204,5): message :       PreBuildEvent;
       /usr/lib/dotnet/sdk/10.0.104/Sdks/Microsoft.NET.Sdk/targets/Microsoft.NET.Sdk.targets(204,5): message :       ResolveReferences;
       /usr/lib/dotnet/sdk/10.0.104/Sdks/Microsoft.NET.Sdk/targets/Microsoft.NET.Sdk.targets(204,5): message :       PrepareResources;
       /usr/lib/dotnet/sdk/10.0.104/Sdks/Microsoft.NET.Sdk/targets/Microsoft.NET.Sdk.targets(204,5): message :       ResolveKeySource;
       /usr/lib/dotnet/sdk/10.0.104/Sdks/Microsoft.NET.Sdk/targets/Microsoft.NET.Sdk.targets(204,5): message :       Compile;
       /usr/lib/dotnet/sdk/10.0.104/Sdks/Microsoft.NET.Sdk/targets/Microsoft.NET.Sdk.targets(204,5): message :       ExportWindowsMDFile;
       /usr/lib/dotnet/sdk/10.0.104/Sdks/Microsoft.NET.Sdk/targets/Microsoft.NET.Sdk.targets(204,5): message :       UnmanagedUnregistration;
       /usr/lib/dotnet/sdk/10.0.104/Sdks/Microsoft.NET.Sdk/targets/Microsoft.NET.Sdk.targets(204,5): message :       GenerateSerializationAssemblies;
       /usr/lib/dotnet/sdk/10.0.104/Sdks/Microsoft.NET.Sdk/targets/Microsoft.NET.Sdk.targets(204,5): message :       CreateSatelliteAssemblies;
       /usr/lib/dotnet/sdk/10.0.104/Sdks/Microsoft.NET.Sdk/targets/Microsoft.NET.Sdk.targets(204,5): message :       GenerateManifests;
       /usr/lib/dotnet/sdk/10.0.104/Sdks/Microsoft.NET.Sdk/targets/Microsoft.NET.Sdk.targets(204,5): message :       GetTargetPath;
       /usr/lib/dotnet/sdk/10.0.104/Sdks/Microsoft.NET.Sdk/targets/Microsoft.NET.Sdk.targets(204,5): message :       PrepareForRun;
       /usr/lib/dotnet/sdk/10.0.104/Sdks/Microsoft.NET.Sdk/targets/Microsoft.NET.Sdk.targets(204,5): message :       UnmanagedRegistration;
       /usr/lib/dotnet/sdk/10.0.104/Sdks/Microsoft.NET.Sdk/targets/Microsoft.NET.Sdk.targets(204,5): message :       IncrementalClean;
       /usr/lib/dotnet/sdk/10.0.104/Sdks/Microsoft.NET.Sdk/targets/Microsoft.NET.Sdk.targets(204,5): message :       PostBuildEvent
       /usr/lib/dotnet/sdk/10.0.104/Sdks/Microsoft.NET.Sdk/targets/Microsoft.NET.Sdk.targets(204,5): message :     ;
       /usr/lib/dotnet/sdk/10.0.104/Sdks/Microsoft.NET.Sdk/targets/Microsoft.NET.Sdk.targets(204,5): message :       GenerateBuildDependencyFile;
       /usr/lib/dotnet/sdk/10.0.104/Sdks/Microsoft.NET.Sdk/targets/Microsoft.NET.Sdk.targets(204,5): message :       GenerateBuildRuntimeConfigurationFiles
       /usr/lib/dotnet/sdk/10.0.104/Sdks/Microsoft.NET.Sdk/targets/Microsoft.NET.Sdk.targets(204,5): message :     " (previous value: "
       /usr/lib/dotnet/sdk/10.0.104/Sdks/Microsoft.NET.Sdk/targets/Microsoft.NET.Sdk.targets(204,5): message :       BuildOnlySettings;
       /usr/lib/dotnet/sdk/10.0.104/Sdks/Microsoft.NET.Sdk/targets/Microsoft.NET.Sdk.targets(204,5): message :       PrepareForBuild;
       /usr/lib/dotnet/sdk/10.0.104/Sdks/Microsoft.NET.Sdk/targets/Microsoft.NET.Sdk.targets(204,5): message :       PreBuildEvent;
       /usr/lib/dotnet/sdk/10.0.104/Sdks/Microsoft.NET.Sdk/targets/Microsoft.NET.Sdk.targets(204,5): message :       ResolveReferences;
       /usr/lib/dotnet/sdk/10.0.104/Sdks/Microsoft.NET.Sdk/targets/Microsoft.NET.Sdk.targets(204,5): message :       PrepareResources;
       /usr/lib/dotnet/sdk/10.0.104/Sdks/Microsoft.NET.Sdk/targets/Microsoft.NET.Sdk.targets(204,5): message :       ResolveKeySource;
       /usr/lib/dotnet/sdk/10.0.104/Sdks/Microsoft.NET.Sdk/targets/Microsoft.NET.Sdk.targets(204,5): message :       Compile;
       /usr/lib/dotnet/sdk/10.0.104/Sdks/Microsoft.NET.Sdk/targets/Microsoft.NET.Sdk.targets(204,5): message :       ExportWindowsMDFile;
       /usr/lib/dotnet/sdk/10.0.104/Sdks/Microsoft.NET.Sdk/targets/Microsoft.NET.Sdk.targets(204,5): message :       UnmanagedUnregistration;
       /usr/lib/dotnet/sdk/10.0.104/Sdks/Microsoft.NET.Sdk/targets/Microsoft.NET.Sdk.targets(204,5): message :       GenerateSerializationAssemblies;
       /usr/lib/dotnet/sdk/10.0.104/Sdks/Microsoft.NET.Sdk/targets/Microsoft.NET.Sdk.targets(204,5): message :       CreateSatelliteAssemblies;
       /usr/lib/dotnet/sdk/10.0.104/Sdks/Microsoft.NET.Sdk/targets/Microsoft.NET.Sdk.targets(204,5): message :       GenerateManifests;
       /usr/lib/dotnet/sdk/10.0.104/Sdks/Microsoft.NET.Sdk/targets/Microsoft.NET.Sdk.targets(204,5): message :       GetTargetPath;
       /usr/lib/dotnet/sdk/10.0.104/Sdks/Microsoft.NET.Sdk/targets/Microsoft.NET.Sdk.targets(204,5): message :       PrepareForRun;
       /usr/lib/dotnet/sdk/10.0.104/Sdks/Microsoft.NET.Sdk/targets/Microsoft.NET.Sdk.targets(204,5): message :       UnmanagedRegistration;
       /usr/lib/dotnet/sdk/10.0.104/Sdks/Microsoft.NET.Sdk/targets/Microsoft.NET.Sdk.targets(204,5): message :       IncrementalClean;
       /usr/lib/dotnet/sdk/10.0.104/Sdks/Microsoft.NET.Sdk/targets/Microsoft.NET.Sdk.targets(204,5): message :       PostBuildEvent
       /usr/lib/dotnet/sdk/10.0.104/Sdks/Microsoft.NET.Sdk/targets/Microsoft.NET.Sdk.targets(204,5): message :     ") at /usr/lib/dotnet/sdk/10.0.104/Sdks/Microsoft.NET.Sdk/targets/Microsoft.NET.Sdk.targets (204,5)
       /usr/lib/dotnet/sdk/10.0.104/Sdks/Microsoft.NET.Sdk/targets/Microsoft.NET.Sdk.targets(213,5): message : Property reassignment: $(CoreCleanDependsOn)="
       /usr/lib/dotnet/sdk/10.0.104/Sdks/Microsoft.NET.Sdk/targets/Microsoft.NET.Sdk.targets(213,5): message :       _SdkBeforeClean;
       /usr/lib/dotnet/sdk/10.0.104/Sdks/Microsoft.NET.Sdk/targets/Microsoft.NET.Sdk.targets(213,5): message :       
       /usr/lib/dotnet/sdk/10.0.104/Sdks/Microsoft.NET.Sdk/targets/Microsoft.NET.Sdk.targets(213,5): message :     " (previous value: "") at /usr/lib/dotnet/sdk/10.0.104/Sdks/Microsoft.NET.Sdk/targets/Microsoft.NET.Sdk.targets (213,5)
       /usr/lib/dotnet/sdk/10.0.104/Sdks/Microsoft.NET.Sdk/targets/Microsoft.NET.Sdk.targets(220,5): message : Property reassignment: $(RebuildDependsOn)="
       /usr/lib/dotnet/sdk/10.0.104/Sdks/Microsoft.NET.Sdk/targets/Microsoft.NET.Sdk.targets(220,5): message :       _SdkBeforeRebuild;
       /usr/lib/dotnet/sdk/10.0.104/Sdks/Microsoft.NET.Sdk/targets/Microsoft.NET.Sdk.targets(220,5): message :       
       /usr/lib/dotnet/sdk/10.0.104/Sdks/Microsoft.NET.Sdk/targets/Microsoft.NET.Sdk.targets(220,5): message :       BeforeRebuild;
       /usr/lib/dotnet/sdk/10.0.104/Sdks/Microsoft.NET.Sdk/targets/Microsoft.NET.Sdk.targets(220,5): message :       Clean;
       /usr/lib/dotnet/sdk/10.0.104/Sdks/Microsoft.NET.Sdk/targets/Microsoft.NET.Sdk.targets(220,5): message :       Build;
       /usr/lib/dotnet/sdk/10.0.104/Sdks/Microsoft.NET.Sdk/targets/Microsoft.NET.Sdk.targets(220,5): message :       AfterRebuild;
       /usr/lib/dotnet/sdk/10.0.104/Sdks/Microsoft.NET.Sdk/targets/Microsoft.NET.Sdk.targets(220,5): message :     
       /usr/lib/dotnet/sdk/10.0.104/Sdks/Microsoft.NET.Sdk/targets/Microsoft.NET.Sdk.targets(220,5): message :     " (previous value: "
       /usr/lib/dotnet/sdk/10.0.104/Sdks/Microsoft.NET.Sdk/targets/Microsoft.NET.Sdk.targets(220,5): message :       BeforeRebuild;
       /usr/lib/dotnet/sdk/10.0.104/Sdks/Microsoft.NET.Sdk/targets/Microsoft.NET.Sdk.targets(220,5): message :       Clean;
       /usr/lib/dotnet/sdk/10.0.104/Sdks/Microsoft.NET.Sdk/targets/Microsoft.NET.Sdk.targets(220,5): message :       Build;
       /usr/lib/dotnet/sdk/10.0.104/Sdks/Microsoft.NET.Sdk/targets/Microsoft.NET.Sdk.targets(220,5): message :       AfterRebuild;
       /usr/lib/dotnet/sdk/10.0.104/Sdks/Microsoft.NET.Sdk/targets/Microsoft.NET.Sdk.targets(220,5): message :     ") at /usr/lib/dotnet/sdk/10.0.104/Sdks/Microsoft.NET.Sdk/targets/Microsoft.NET.Sdk.targets (220,5)
       /usr/lib/dotnet/sdk/10.0.104/Sdks/Microsoft.NET.Sdk/targets/Microsoft.NET.Sdk.targets(799,5): message : Property reassignment: $(CompileDependsOn)="
       /usr/lib/dotnet/sdk/10.0.104/Sdks/Microsoft.NET.Sdk/targets/Microsoft.NET.Sdk.targets(799,5): message :       
       /usr/lib/dotnet/sdk/10.0.104/Sdks/Microsoft.NET.Sdk/targets/Microsoft.NET.Sdk.targets(799,5): message :       ResolveReferences;
       /usr/lib/dotnet/sdk/10.0.104/Sdks/Microsoft.NET.Sdk/targets/Microsoft.NET.Sdk.targets(799,5): message :       ResolveKeySource;
       /usr/lib/dotnet/sdk/10.0.104/Sdks/Microsoft.NET.Sdk/targets/Microsoft.NET.Sdk.targets(799,5): message :       SetWin32ManifestProperties;
       /usr/lib/dotnet/sdk/10.0.104/Sdks/Microsoft.NET.Sdk/targets/Microsoft.NET.Sdk.targets(799,5): message :       _SetPreferNativeArm64Win32ManifestProperties;
       /usr/lib/dotnet/sdk/10.0.104/Sdks/Microsoft.NET.Sdk/targets/Microsoft.NET.Sdk.targets(799,5): message :       FindReferenceAssembliesForReferences;
       /usr/lib/dotnet/sdk/10.0.104/Sdks/Microsoft.NET.Sdk/targets/Microsoft.NET.Sdk.targets(799,5): message :       _GenerateCompileInputs;
       /usr/lib/dotnet/sdk/10.0.104/Sdks/Microsoft.NET.Sdk/targets/Microsoft.NET.Sdk.targets(799,5): message :       BeforeCompile;
       /usr/lib/dotnet/sdk/10.0.104/Sdks/Microsoft.NET.Sdk/targets/Microsoft.NET.Sdk.targets(799,5): message :       _TimeStampBeforeCompile;
       /usr/lib/dotnet/sdk/10.0.104/Sdks/Microsoft.NET.Sdk/targets/Microsoft.NET.Sdk.targets(799,5): message :       _GenerateCompileDependencyCache;
       /usr/lib/dotnet/sdk/10.0.104/Sdks/Microsoft.NET.Sdk/targets/Microsoft.NET.Sdk.targets(799,5): message :       CoreCompile;
       /usr/lib/dotnet/sdk/10.0.104/Sdks/Microsoft.NET.Sdk/targets/Microsoft.NET.Sdk.targets(799,5): message :       _TimeStampAfterCompile;
       /usr/lib/dotnet/sdk/10.0.104/Sdks/Microsoft.NET.Sdk/targets/Microsoft.NET.Sdk.targets(799,5): message :       AfterCompile;
       /usr/lib/dotnet/sdk/10.0.104/Sdks/Microsoft.NET.Sdk/targets/Microsoft.NET.Sdk.targets(799,5): message :     ;
       /usr/lib/dotnet/sdk/10.0.104/Sdks/Microsoft.NET.Sdk/targets/Microsoft.NET.Sdk.targets(799,5): message :       _CreateAppHost;
       /usr/lib/dotnet/sdk/10.0.104/Sdks/Microsoft.NET.Sdk/targets/Microsoft.NET.Sdk.targets(799,5): message :       _CreateComHost;
       /usr/lib/dotnet/sdk/10.0.104/Sdks/Microsoft.NET.Sdk/targets/Microsoft.NET.Sdk.targets(799,5): message :       _GetIjwHostPaths;
       /usr/lib/dotnet/sdk/10.0.104/Sdks/Microsoft.NET.Sdk/targets/Microsoft.NET.Sdk.targets(799,5): message :     " (previous value: "
       /usr/lib/dotnet/sdk/10.0.104/Sdks/Microsoft.NET.Sdk/targets/Microsoft.NET.Sdk.targets(799,5): message :       ResolveReferences;
       /usr/lib/dotnet/sdk/10.0.104/Sdks/Microsoft.NET.Sdk/targets/Microsoft.NET.Sdk.targets(799,5): message :       ResolveKeySource;
       /usr/lib/dotnet/sdk/10.0.104/Sdks/Microsoft.NET.Sdk/targets/Microsoft.NET.Sdk.targets(799,5): message :       SetWin32ManifestProperties;
       /usr/lib/dotnet/sdk/10.0.104/Sdks/Microsoft.NET.Sdk/targets/Microsoft.NET.Sdk.targets(799,5): message :       _SetPreferNativeArm64Win32ManifestProperties;
       /usr/lib/dotnet/sdk/10.0.104/Sdks/Microsoft.NET.Sdk/targets/Microsoft.NET.Sdk.targets(799,5): message :       FindReferenceAssembliesForReferences;
       /usr/lib/dotnet/sdk/10.0.104/Sdks/Microsoft.NET.Sdk/targets/Microsoft.NET.Sdk.targets(799,5): message :       _GenerateCompileInputs;
       /usr/lib/dotnet/sdk/10.0.104/Sdks/Microsoft.NET.Sdk/targets/Microsoft.NET.Sdk.targets(799,5): message :       BeforeCompile;
       /usr/lib/dotnet/sdk/10.0.104/Sdks/Microsoft.NET.Sdk/targets/Microsoft.NET.Sdk.targets(799,5): message :       _TimeStampBeforeCompile;
       /usr/lib/dotnet/sdk/10.0.104/Sdks/Microsoft.NET.Sdk/targets/Microsoft.NET.Sdk.targets(799,5): message :       _GenerateCompileDependencyCache;
       /usr/lib/dotnet/sdk/10.0.104/Sdks/Microsoft.NET.Sdk/targets/Microsoft.NET.Sdk.targets(799,5): message :       CoreCompile;
       /usr/lib/dotnet/sdk/10.0.104/Sdks/Microsoft.NET.Sdk/targets/Microsoft.NET.Sdk.targets(799,5): message :       _TimeStampAfterCompile;
       /usr/lib/dotnet/sdk/10.0.104/Sdks/Microsoft.NET.Sdk/targets/Microsoft.NET.Sdk.targets(799,5): message :       AfterCompile;
       /usr/lib/dotnet/sdk/10.0.104/Sdks/Microsoft.NET.Sdk/targets/Microsoft.NET.Sdk.targets(799,5): message :     ") at /usr/lib/dotnet/sdk/10.0.104/Sdks/Microsoft.NET.Sdk/targets/Microsoft.NET.Sdk.targets (799,5)
       /usr/lib/dotnet/sdk/10.0.104/Sdks/Microsoft.NET.Sdk/targets/Microsoft.NET.Sdk.targets(1131,5): message : Property reassignment: $(CreateSatelliteAssembliesDependsOn)="
       /usr/lib/dotnet/sdk/10.0.104/Sdks/Microsoft.NET.Sdk/targets/Microsoft.NET.Sdk.targets(1131,5): message :       
       /usr/lib/dotnet/sdk/10.0.104/Sdks/Microsoft.NET.Sdk/targets/Microsoft.NET.Sdk.targets(1131,5): message :       ;
       /usr/lib/dotnet/sdk/10.0.104/Sdks/Microsoft.NET.Sdk/targets/Microsoft.NET.Sdk.targets(1131,5): message :       _GenerateSatelliteAssemblyInputs;
       /usr/lib/dotnet/sdk/10.0.104/Sdks/Microsoft.NET.Sdk/targets/Microsoft.NET.Sdk.targets(1131,5): message :       ComputeIntermediateSatelliteAssemblies;
       /usr/lib/dotnet/sdk/10.0.104/Sdks/Microsoft.NET.Sdk/targets/Microsoft.NET.Sdk.targets(1131,5): message :       GenerateSatelliteAssemblies
       /usr/lib/dotnet/sdk/10.0.104/Sdks/Microsoft.NET.Sdk/targets/Microsoft.NET.Sdk.targets(1131,5): message :     ;
       /usr/lib/dotnet/sdk/10.0.104/Sdks/Microsoft.NET.Sdk/targets/Microsoft.NET.Sdk.targets(1131,5): message :       CoreGenerateSatelliteAssemblies
       /usr/lib/dotnet/sdk/10.0.104/Sdks/Microsoft.NET.Sdk/targets/Microsoft.NET.Sdk.targets(1131,5): message :     " (previous value: "
       /usr/lib/dotnet/sdk/10.0.104/Sdks/Microsoft.NET.Sdk/targets/Microsoft.NET.Sdk.targets(1131,5): message :       ;
       /usr/lib/dotnet/sdk/10.0.104/Sdks/Microsoft.NET.Sdk/targets/Microsoft.NET.Sdk.targets(1131,5): message :       _GenerateSatelliteAssemblyInputs;
       /usr/lib/dotnet/sdk/10.0.104/Sdks/Microsoft.NET.Sdk/targets/Microsoft.NET.Sdk.targets(1131,5): message :       ComputeIntermediateSatelliteAssemblies;
       /usr/lib/dotnet/sdk/10.0.104/Sdks/Microsoft.NET.Sdk/targets/Microsoft.NET.Sdk.targets(1131,5): message :       GenerateSatelliteAssemblies
       /usr/lib/dotnet/sdk/10.0.104/Sdks/Microsoft.NET.Sdk/targets/Microsoft.NET.Sdk.targets(1131,5): message :     ") at /usr/lib/dotnet/sdk/10.0.104/Sdks/Microsoft.NET.Sdk/targets/Microsoft.NET.Sdk.targets (1131,5)
       /usr/lib/dotnet/sdk/10.0.104/Sdks/Microsoft.SourceLink.GitLab/build/Microsoft.SourceLink.GitLab.targets(12,5): message : Property reassignment: $(SourceLinkUrlInitializerTargets)=";_InitializeGitHubSourceLinkUrl;_InitializeGitLabSourceLinkUrl" (previous value: ";_InitializeGitHubSourceLinkUrl") at /usr/lib/dotnet/sdk/10.0.104/Sdks/Microsoft.SourceLink.GitLab/build/Microsoft.SourceLink.GitLab.targets (12,5)
       /usr/lib/dotnet/sdk/10.0.104/Sdks/Microsoft.SourceLink.GitLab/build/Microsoft.SourceLink.GitLab.targets(13,5): message : Property reassignment: $(SourceControlManagerUrlTranslationTargets)=";TranslateGitHubUrlsInSourceControlInformation;TranslateGitLabUrlsInSourceControlInformation" (previous value: ";TranslateGitHubUrlsInSourceControlInformation") at /usr/lib/dotnet/sdk/10.0.104/Sdks/Microsoft.SourceLink.GitLab/build/Microsoft.SourceLink.GitLab.targets (13,5)
       /usr/lib/dotnet/sdk/10.0.104/Sdks/Microsoft.SourceLink.AzureRepos.Git/build/Microsoft.SourceLink.AzureRepos.Git.targets(12,5): message : Property reassignment: $(SourceLinkUrlInitializerTargets)=";_InitializeGitHubSourceLinkUrl;_InitializeGitLabSourceLinkUrl;_InitializeAzureReposGitSourceLinkUrl" (previous value: ";_InitializeGitHubSourceLinkUrl;_InitializeGitLabSourceLinkUrl") at /usr/lib/dotnet/sdk/10.0.104/Sdks/Microsoft.SourceLink.AzureRepos.Git/build/Microsoft.SourceLink.AzureRepos.Git.targets (12,5)
       /usr/lib/dotnet/sdk/10.0.104/Sdks/Microsoft.SourceLink.AzureRepos.Git/build/Microsoft.SourceLink.AzureRepos.Git.targets(13,5): message : Property reassignment: $(SourceControlManagerUrlTranslationTargets)=";TranslateGitHubUrlsInSourceControlInformation;TranslateGitLabUrlsInSourceControlInformation;TranslateAzureReposGitUrlsInSourceControlInformation" (previous value: ";TranslateGitHubUrlsInSourceControlInformation;TranslateGitLabUrlsInSourceControlInformation") at /usr/lib/dotnet/sdk/10.0.104/Sdks/Microsoft.SourceLink.AzureRepos.Git/build/Microsoft.SourceLink.AzureRepos.Git.targets (13,5)
       /usr/lib/dotnet/sdk/10.0.104/Sdks/Microsoft.SourceLink.Bitbucket.Git/build/Microsoft.SourceLink.Bitbucket.Git.targets(12,5): message : Property reassignment: $(SourceLinkUrlInitializerTargets)=";_InitializeGitHubSourceLinkUrl;_InitializeGitLabSourceLinkUrl;_InitializeAzureReposGitSourceLinkUrl;_InitializeBitbucketGitSourceLinkUrl" (previous value: ";_InitializeGitHubSourceLinkUrl;_InitializeGitLabSourceLinkUrl;_InitializeAzureReposGitSourceLinkUrl") at /usr/lib/dotnet/sdk/10.0.104/Sdks/Microsoft.SourceLink.Bitbucket.Git/build/Microsoft.SourceLink.Bitbucket.Git.targets (12,5)
       /usr/lib/dotnet/sdk/10.0.104/Sdks/Microsoft.SourceLink.Bitbucket.Git/build/Microsoft.SourceLink.Bitbucket.Git.targets(13,5): message : Property reassignment: $(SourceControlManagerUrlTranslationTargets)=";TranslateGitHubUrlsInSourceControlInformation;TranslateGitLabUrlsInSourceControlInformation;TranslateAzureReposGitUrlsInSourceControlInformation;TranslateBitbucketGitUrlsInSourceControlInformation" (previous value: ";TranslateGitHubUrlsInSourceControlInformation;TranslateGitLabUrlsInSourceControlInformation;TranslateAzureReposGitUrlsInSourceControlInformation") at /usr/lib/dotnet/sdk/10.0.104/Sdks/Microsoft.SourceLink.Bitbucket.Git/build/Microsoft.SourceLink.Bitbucket.Git.targets (13,5)
       /usr/lib/dotnet/sdk/10.0.104/Sdks/Microsoft.NET.Sdk/targets/Microsoft.NET.DesignerSupport.targets(21,5): message : Property reassignment: $(DesignerRuntimeImplementationProjectOutputGroupDependsOn)="
       /usr/lib/dotnet/sdk/10.0.104/Sdks/Microsoft.NET.Sdk/targets/Microsoft.NET.DesignerSupport.targets(21,5): message :       
       /usr/lib/dotnet/sdk/10.0.104/Sdks/Microsoft.NET.Sdk/targets/Microsoft.NET.DesignerSupport.targets(21,5): message :       ;
       /usr/lib/dotnet/sdk/10.0.104/Sdks/Microsoft.NET.Sdk/targets/Microsoft.NET.DesignerSupport.targets(21,5): message :       
       /usr/lib/dotnet/sdk/10.0.104/Sdks/Microsoft.NET.Sdk/targets/Microsoft.NET.DesignerSupport.targets(21,5): message :       ;
       /usr/lib/dotnet/sdk/10.0.104/Sdks/Microsoft.NET.Sdk/targets/Microsoft.NET.DesignerSupport.targets(21,5): message :       BuildOnlySettings;
       /usr/lib/dotnet/sdk/10.0.104/Sdks/Microsoft.NET.Sdk/targets/Microsoft.NET.DesignerSupport.targets(21,5): message :       PrepareForBuild;
       /usr/lib/dotnet/sdk/10.0.104/Sdks/Microsoft.NET.Sdk/targets/Microsoft.NET.DesignerSupport.targets(21,5): message :       AssignTargetPaths;
       /usr/lib/dotnet/sdk/10.0.104/Sdks/Microsoft.NET.Sdk/targets/Microsoft.NET.DesignerSupport.targets(21,5): message :       ResolveReferences
       /usr/lib/dotnet/sdk/10.0.104/Sdks/Microsoft.NET.Sdk/targets/Microsoft.NET.DesignerSupport.targets(21,5): message :     
       /usr/lib/dotnet/sdk/10.0.104/Sdks/Microsoft.NET.Sdk/targets/Microsoft.NET.DesignerSupport.targets(21,5): message :     ;
       /usr/lib/dotnet/sdk/10.0.104/Sdks/Microsoft.NET.Sdk/targets/Microsoft.NET.DesignerSupport.targets(21,5): message :       _GenerateDesignerDepsFile;
       /usr/lib/dotnet/sdk/10.0.104/Sdks/Microsoft.NET.Sdk/targets/Microsoft.NET.DesignerSupport.targets(21,5): message :       _GenerateDesignerRuntimeConfigFile;
       /usr/lib/dotnet/sdk/10.0.104/Sdks/Microsoft.NET.Sdk/targets/Microsoft.NET.DesignerSupport.targets(21,5): message :       GetCopyToOutputDirectoryItems;
       /usr/lib/dotnet/sdk/10.0.104/Sdks/Microsoft.NET.Sdk/targets/Microsoft.NET.DesignerSupport.targets(21,5): message :       _GatherDesignerShadowCopyFiles;
       /usr/lib/dotnet/sdk/10.0.104/Sdks/Microsoft.NET.Sdk/targets/Microsoft.NET.DesignerSupport.targets(21,5): message :     " (previous value: "
       /usr/lib/dotnet/sdk/10.0.104/Sdks/Microsoft.NET.Sdk/targets/Microsoft.NET.DesignerSupport.targets(21,5): message :       ;
       /usr/lib/dotnet/sdk/10.0.104/Sdks/Microsoft.NET.Sdk/targets/Microsoft.NET.DesignerSupport.targets(21,5): message :       
       /usr/lib/dotnet/sdk/10.0.104/Sdks/Microsoft.NET.Sdk/targets/Microsoft.NET.DesignerSupport.targets(21,5): message :       ;
       /usr/lib/dotnet/sdk/10.0.104/Sdks/Microsoft.NET.Sdk/targets/Microsoft.NET.DesignerSupport.targets(21,5): message :       BuildOnlySettings;
       /usr/lib/dotnet/sdk/10.0.104/Sdks/Microsoft.NET.Sdk/targets/Microsoft.NET.DesignerSupport.targets(21,5): message :       PrepareForBuild;
       /usr/lib/dotnet/sdk/10.0.104/Sdks/Microsoft.NET.Sdk/targets/Microsoft.NET.DesignerSupport.targets(21,5): message :       AssignTargetPaths;
       /usr/lib/dotnet/sdk/10.0.104/Sdks/Microsoft.NET.Sdk/targets/Microsoft.NET.DesignerSupport.targets(21,5): message :       ResolveReferences
       /usr/lib/dotnet/sdk/10.0.104/Sdks/Microsoft.NET.Sdk/targets/Microsoft.NET.DesignerSupport.targets(21,5): message :     
       /usr/lib/dotnet/sdk/10.0.104/Sdks/Microsoft.NET.Sdk/targets/Microsoft.NET.DesignerSupport.targets(21,5): message :     ") at /usr/lib/dotnet/sdk/10.0.104/Sdks/Microsoft.NET.Sdk/targets/Microsoft.NET.DesignerSupport.targets (21,5)
       /usr/lib/dotnet/sdk/10.0.104/Sdks/Microsoft.NET.Sdk/targets/Microsoft.NET.Sdk.CSharp.targets(31,5): message : Property reassignment: $(DefineConstants)="TRACE;DEBUG" (previous value: "TRACE") at /usr/lib/dotnet/sdk/10.0.104/Sdks/Microsoft.NET.Sdk/targets/Microsoft.NET.Sdk.CSharp.targets (31,5)
       /usr/lib/dotnet/sdk/10.0.104/Sdks/Microsoft.NET.Sdk/targets/Microsoft.NET.Sdk.CSharp.targets(45,5): message : Property reassignment: $(WarningsAsErrors)=";NU1605;SYSLIB0011" (previous value: ";NU1605") at /usr/lib/dotnet/sdk/10.0.104/Sdks/Microsoft.NET.Sdk/targets/Microsoft.NET.Sdk.CSharp.targets (45,5)
       /usr/lib/dotnet/sdk/10.0.104/NuGet.Build.Tasks.Pack.targets(34,5): message : Property reassignment: $(PackageDescription)="Package Description" (previous value: "") at /usr/lib/dotnet/sdk/10.0.104/NuGet.Build.Tasks.Pack.targets (34,5)
       /usr/lib/dotnet/sdk/10.0.104/NuGet.Build.Tasks.Pack.targets(59,5): message : Property reassignment: $(GenerateNuspecDependsOn)="Build;_LoadPackInputItems; _GetTargetFrameworksOutput; _WalkEachTargetPerFramework; _GetPackageFiles; " (previous value: "_LoadPackInputItems; _GetTargetFrameworksOutput; _WalkEachTargetPerFramework; _GetPackageFiles; ") at /usr/lib/dotnet/sdk/10.0.104/NuGet.Build.Tasks.Pack.targets (59,5)
       /usr/lib/dotnet/sdk/10.0.104/Sdks/Microsoft.NET.Sdk/Sdk/Sdk.targets(59,5): message : Property reassignment: $(_IsNotSetContainersTargetsDir)="true" (previous value: "false") at /usr/lib/dotnet/sdk/10.0.104/Sdks/Microsoft.NET.Sdk/Sdk/Sdk.targets (59,5)
       /usr/lib/dotnet/sdk/10.0.104/Containers/build/Microsoft.NET.Build.Containers.targets(5,5): message : Property reassignment: $(_IsSDKContainerAllowedVersion)="true" (previous value: "false") at /usr/lib/dotnet/sdk/10.0.104/Containers/build/Microsoft.NET.Build.Containers.targets (5,5)
       /usr/lib/dotnet/sdk/10.0.104/Containers/build/Microsoft.NET.Build.Containers.targets(15,5): message : Property reassignment: $(_ContainerIsTargetingNet8TFM)="true" (previous value: "false") at /usr/lib/dotnet/sdk/10.0.104/Containers/build/Microsoft.NET.Build.Containers.targets (15,5)
       Overriding target "ResolveFrameworkReferences" in project "/usr/lib/dotnet/sdk/10.0.104/Microsoft.Common.CurrentVersion.targets" with target "ResolveFrameworkReferences" from project "/usr/lib/dotnet/sdk/10.0.104/Sdks/Microsoft.NET.Sdk/targets/Microsoft.NET.Sdk.FrameworkReferenceResolution.targets".
       Overriding target "GenerateSupportedTargetFrameworkAlias" in project "/usr/lib/dotnet/sdk/10.0.104/Microsoft.Common.CurrentVersion.targets" with target "GenerateSupportedTargetFrameworkAlias" from project "/usr/lib/dotnet/sdk/10.0.104/Sdks/Microsoft.NET.Sdk/targets/Microsoft.NET.Sdk.targets".
       Overriding target "GetReferenceAssemblyPaths" in project "/usr/lib/dotnet/sdk/10.0.104/Microsoft.Common.CurrentVersion.targets" with target "GetReferenceAssemblyPaths" from project "/usr/lib/dotnet/sdk/10.0.104/Sdks/Microsoft.NET.Sdk/targets/Microsoft.NET.DisableStandardFrameworkResolution.targets".
       Overriding target "GetFrameworkPaths" in project "/usr/lib/dotnet/sdk/10.0.104/Microsoft.Common.CurrentVersion.targets" with target "GetFrameworkPaths" from project "/usr/lib/dotnet/sdk/10.0.104/Sdks/Microsoft.NET.Sdk/targets/Microsoft.NET.DisableStandardFrameworkResolution.targets".
       Overriding target "DesignerRuntimeImplementationProjectOutputGroup" in project "/usr/lib/dotnet/sdk/10.0.104/Microsoft.Common.CurrentVersion.targets" with target "DesignerRuntimeImplementationProjectOutputGroup" from project "/usr/lib/dotnet/sdk/10.0.104/Sdks/Microsoft.NET.Sdk/targets/Microsoft.NET.DesignerSupport.targets".
       Overriding target "Publish" in project "/usr/lib/dotnet/sdk/10.0.104/Microsoft.Common.CurrentVersion.targets" with target "Publish" from project "/usr/lib/dotnet/sdk/10.0.104/Sdks/Microsoft.NET.Sdk/targets/Microsoft.NET.Publish.targets".
       Overriding target "ResolveReadyToRunCompilers" in project "/usr/lib/dotnet/sdk/10.0.104/Sdks/Microsoft.NET.Sdk/targets/Microsoft.NET.CrossGen.targets" with target "ResolveReadyToRunCompilers" from project "/usr/lib/dotnet/sdk/10.0.104/Sdks/Microsoft.NET.Sdk/targets/Microsoft.NET.Publish.targets".
       Overriding target "GetCopyToPublishDirectoryItems" in project "/usr/lib/dotnet/sdk/10.0.104/Microsoft.Common.CurrentVersion.targets" with target "GetCopyToPublishDirectoryItems" from project "/usr/lib/dotnet/sdk/10.0.104/Sdks/Microsoft.NET.Sdk/targets/Microsoft.NET.Publish.targets".
       Overriding target "Run" in project "/usr/lib/dotnet/sdk/10.0.104/Microsoft.Common.CurrentVersion.targets" with target "Run" from project "/usr/lib/dotnet/sdk/10.0.104/Sdks/Microsoft.NET.Sdk/targets/Microsoft.NET.Sdk.targets".
   1:7>Project "/home/tsgomes/mcad/services/cadastro-api/2-Application/Cadastro.Application/Cadastro.Application.csproj" (1:7) is building "/home/tsgomes/mcad/services/cadastro-api/3-Domain/Cadastro.Domain/Cadastro.Domain.csproj" (2:5) on node 1 (GetTargetFrameworks target(s)).
   2:5>Target "_CalculateIsVSTestTestProject" in file "/usr/lib/dotnet/sdk/10.0.104/Sdks/Microsoft.NET.Sdk/targets/Microsoft.NET.Sdk.targets" from project "/home/tsgomes/mcad/services/cadastro-api/3-Domain/Cadastro.Domain/Cadastro.Domain.csproj" (target "GetTargetFrameworksWithPlatformForSingleTargetFramework" depends on it):
   2:5>Done building target "_CalculateIsVSTestTestProject" in project "Cadastro.Domain.csproj".
   2:5>Target "GetTargetFrameworksWithPlatformForSingleTargetFramework" in file "/usr/lib/dotnet/sdk/10.0.104/Microsoft.Common.CurrentVersion.targets" from project "/home/tsgomes/mcad/services/cadastro-api/3-Domain/Cadastro.Domain/Cadastro.Domain.csproj" (target "GetTargetFrameworks" depends on it):
       Using "CombineTargetFrameworkInfoProperties" task from assembly "Microsoft.Build.Tasks.Core, Version=15.1.0.0, Culture=neutral, PublicKeyToken=b03f5f7f11d50a3a".
       Task "CombineTargetFrameworkInfoProperties"
       Done executing task "CombineTargetFrameworkInfoProperties".
   2:5>Done building target "GetTargetFrameworksWithPlatformForSingleTargetFramework" in project "Cadastro.Domain.csproj".
   2:5>Target "GetTargetFrameworks" in file "/usr/lib/dotnet/sdk/10.0.104/Microsoft.Common.CurrentVersion.targets" from project "/home/tsgomes/mcad/services/cadastro-api/3-Domain/Cadastro.Domain/Cadastro.Domain.csproj" (entry point):
       Using "CombineXmlElements" task from assembly "Microsoft.Build.Tasks.Core, Version=15.1.0.0, Culture=neutral, PublicKeyToken=b03f5f7f11d50a3a".
       Task "CombineXmlElements"
       Done executing task "CombineXmlElements".
   2:5>Done building target "GetTargetFrameworks" in project "Cadastro.Domain.csproj".
   2:5>Done Building Project "/home/tsgomes/mcad/services/cadastro-api/3-Domain/Cadastro.Domain/Cadastro.Domain.csproj" (GetTargetFrameworks target(s)).
   1:7>Done executing task "MSBuild".
       Using "GetReferenceNearestTargetFrameworkTask" task from assembly "/usr/lib/dotnet/sdk/10.0.104/NuGet.Build.Tasks.dll".
       Task "GetReferenceNearestTargetFrameworkTask"
       Done executing task "GetReferenceNearestTargetFrameworkTask".
       Using "SetRidAgnosticValueForProjects" task from assembly "Microsoft.Build.Tasks.Core, Version=15.1.0.0, Culture=neutral, PublicKeyToken=b03f5f7f11d50a3a".
       Task "SetRidAgnosticValueForProjects"
       Done executing task "SetRidAgnosticValueForProjects".
   1:7>Done building target "_GetProjectReferenceTargetFrameworkProperties" in project "Cadastro.Application.csproj".
   1:7>Target "_CalculateIsVSTestTestProject" in file "/usr/lib/dotnet/sdk/10.0.104/Sdks/Microsoft.NET.Sdk/targets/Microsoft.NET.Sdk.targets" from project "/home/tsgomes/mcad/services/cadastro-api/2-Application/Cadastro.Application/Cadastro.Application.csproj" (target "ValidateExecutableReferences" depends on it):
   1:7>Done building target "_CalculateIsVSTestTestProject" in project "Cadastro.Application.csproj".
   1:7>Target "ValidateExecutableReferences" in file "/usr/lib/dotnet/sdk/10.0.104/Sdks/Microsoft.NET.Sdk/targets/Microsoft.NET.Sdk.targets" from project "/home/tsgomes/mcad/services/cadastro-api/2-Application/Cadastro.Application/Cadastro.Application.csproj" (target "PrepareProjectReferences" depends on it):
       Using "ValidateExecutableReferences" task from assembly "/usr/lib/dotnet/sdk/10.0.104/Sdks/Microsoft.NET.Sdk/targets/../tools/net10.0/Microsoft.NET.Build.Tasks.dll".
       Task "ValidateExecutableReferences"
       Done executing task "ValidateExecutableReferences".
   1:7>Done building target "ValidateExecutableReferences" in project "Cadastro.Application.csproj".
   1:7>Target "PrepareProjectReferences" in file "/usr/lib/dotnet/sdk/10.0.104/Microsoft.Common.CurrentVersion.targets" from project "/home/tsgomes/mcad/services/cadastro-api/2-Application/Cadastro.Application/Cadastro.Application.csproj" (target "ResolveProjectReferences" depends on it):
   1:7>Done building target "PrepareProjectReferences" in project "Cadastro.Application.csproj".
   1:7>Target "ResolveProjectReferences" in file "/usr/lib/dotnet/sdk/10.0.104/Microsoft.Common.CurrentVersion.targets" from project "/home/tsgomes/mcad/services/cadastro-api/2-Application/Cadastro.Application/Cadastro.Application.csproj" (target "ResolveReferences" depends on it):
       Task "MSBuild"
         Removing Properties for project "../../3-Domain/Cadastro.Domain/Cadastro.Domain.csproj":
           TargetFramework
           RuntimeIdentifier
           SelfContained
   1:7>Project "/home/tsgomes/mcad/services/cadastro-api/2-Application/Cadastro.Application/Cadastro.Application.csproj" (1:7) is building "/home/tsgomes/mcad/services/cadastro-api/3-Domain/Cadastro.Domain/Cadastro.Domain.csproj" (2:6) on node 1 (default targets).
   2:6>Target "_CollectTargetFrameworkForTelemetry" in file "/usr/lib/dotnet/sdk/10.0.104/Sdks/Microsoft.NET.Sdk/targets/Microsoft.NET.TargetFrameworkInference.targets" from project "/home/tsgomes/mcad/services/cadastro-api/3-Domain/Cadastro.Domain/Cadastro.Domain.csproj" (target "_CheckForInvalidConfigurationAndPlatform" depends on it):
   2:6>Using "AllowEmptyTelemetry" task from assembly "/usr/lib/dotnet/sdk/10.0.104/Sdks/Microsoft.NET.Sdk/targets/../tools/net10.0/Microsoft.NET.Build.Tasks.dll".
       Task "AllowEmptyTelemetry"
       Done executing task "AllowEmptyTelemetry".
   2:6>Done building target "_CollectTargetFrameworkForTelemetry" in project "Cadastro.Domain.csproj".
   2:6>Target "_CheckForUnsupportedNETCoreVersion" in file "/usr/lib/dotnet/sdk/10.0.104/Sdks/Microsoft.NET.Sdk/targets/Microsoft.NET.TargetFrameworkInference.targets" from project "/home/tsgomes/mcad/services/cadastro-api/3-Domain/Cadastro.Domain/Cadastro.Domain.csproj" (target "_CheckForInvalidConfigurationAndPlatform" depends on it):
   2:6>Done building target "_CheckForUnsupportedNETCoreVersion" in project "Cadastro.Domain.csproj".
   2:6>Target "_CheckForUnsupportedCppNETCoreVersion" in file "/usr/lib/dotnet/sdk/10.0.104/Sdks/Microsoft.NET.Sdk/targets/Microsoft.NET.TargetFrameworkInference.targets" from project "/home/tsgomes/mcad/services/cadastro-api/3-Domain/Cadastro.Domain/Cadastro.Domain.csproj" (target "_CheckForInvalidConfigurationAndPlatform" depends on it):
   2:6>Done building target "_CheckForUnsupportedCppNETCoreVersion" in project "Cadastro.Domain.csproj".
   2:6>Target "_CheckForUnsupportedArtifactsPath" in file "/usr/lib/dotnet/sdk/10.0.104/Sdks/Microsoft.NET.Sdk/targets/Microsoft.NET.DefaultOutputPaths.targets" from project "/home/tsgomes/mcad/services/cadastro-api/3-Domain/Cadastro.Domain/Cadastro.Domain.csproj" (target "_CheckForInvalidConfigurationAndPlatform" depends on it):
   2:6>Done building target "_CheckForUnsupportedArtifactsPath" in project "Cadastro.Domain.csproj".
   2:6>Target "_CheckForUnsupportedHostingUsage" in file "/usr/lib/dotnet/sdk/10.0.104/Sdks/Microsoft.NET.Sdk/targets/Microsoft.NET.RuntimeIdentifierInference.targets" from project "/home/tsgomes/mcad/services/cadastro-api/3-Domain/Cadastro.Domain/Cadastro.Domain.csproj" (target "_CheckForInvalidConfigurationAndPlatform" depends on it):
   2:6>Done building target "_CheckForUnsupportedHostingUsage" in project "Cadastro.Domain.csproj".
   2:6>Target "_CheckAndUnsetUnsupportedPrefer32Bit" in file "/usr/lib/dotnet/sdk/10.0.104/Sdks/Microsoft.NET.Sdk/targets/Microsoft.NET.RuntimeIdentifierInference.targets" from project "/home/tsgomes/mcad/services/cadastro-api/3-Domain/Cadastro.Domain/Cadastro.Domain.csproj" (target "_CheckForInvalidConfigurationAndPlatform" depends on it):
   2:6>Done building target "_CheckAndUnsetUnsupportedPrefer32Bit" in project "Cadastro.Domain.csproj".
   2:6>Target "_CheckForLanguageAndFeatureCombinationSupport" in file "/usr/lib/dotnet/sdk/10.0.104/Sdks/Microsoft.NET.Sdk/targets/Microsoft.NET.RuntimeIdentifierInference.targets" from project "/home/tsgomes/mcad/services/cadastro-api/3-Domain/Cadastro.Domain/Cadastro.Domain.csproj" (target "_CheckForInvalidConfigurationAndPlatform" depends on it):
   2:6>Done building target "_CheckForLanguageAndFeatureCombinationSupport" in project "Cadastro.Domain.csproj".
   2:6>Target "CheckForImplicitPackageReferenceOverrides" in file "/usr/lib/dotnet/sdk/10.0.104/Sdks/Microsoft.NET.Sdk/targets/Microsoft.NET.Sdk.DefaultItems.Shared.targets" from project "/home/tsgomes/mcad/services/cadastro-api/3-Domain/Cadastro.Domain/Cadastro.Domain.csproj" (target "CollectPackageReferences" depends on it):
       Using "CheckForImplicitPackageReferenceOverrides" task from assembly "/usr/lib/dotnet/sdk/10.0.104/Sdks/Microsoft.NET.Sdk/targets/../tools/net10.0/Microsoft.NET.Build.Tasks.dll".
       Task "CheckForImplicitPackageReferenceOverrides"
       Done executing task "CheckForImplicitPackageReferenceOverrides".
   2:6>Done building target "CheckForImplicitPackageReferenceOverrides" in project "Cadastro.Domain.csproj".
   2:6>Target "_ComputeToolPackInputsToProcessFrameworkReferences" in file "/usr/lib/dotnet/sdk/10.0.104/Sdks/Microsoft.NET.Sdk/targets/Microsoft.NET.Publish.targets" from project "/home/tsgomes/mcad/services/cadastro-api/3-Domain/Cadastro.Domain/Cadastro.Domain.csproj" (target "ProcessFrameworkReferences" depends on it):
   2:6>Done building target "_ComputeToolPackInputsToProcessFrameworkReferences" in project "Cadastro.Domain.csproj".
   2:6>Target "ProcessFrameworkReferences" in file "/usr/lib/dotnet/sdk/10.0.104/Sdks/Microsoft.NET.Sdk/targets/Microsoft.NET.Sdk.FrameworkReferenceResolution.targets" from project "/home/tsgomes/mcad/services/cadastro-api/3-Domain/Cadastro.Domain/Cadastro.Domain.csproj" (target "CollectPackageReferences" depends on it):
       Using "CheckForDuplicateFrameworkReferences" task from assembly "/usr/lib/dotnet/sdk/10.0.104/Sdks/Microsoft.NET.Sdk/targets/../tools/net10.0/Microsoft.NET.Build.Tasks.dll".
       Task "CheckForDuplicateFrameworkReferences"
       Done executing task "CheckForDuplicateFrameworkReferences".
       Using "ProcessFrameworkReferences" task from assembly "/usr/lib/dotnet/sdk/10.0.104/Sdks/Microsoft.NET.Sdk/targets/../tools/net10.0/Microsoft.NET.Build.Tasks.dll".
       Task "ProcessFrameworkReferences"
         Found 1 known framework references for target framework .NETCoreApp
         Found 5 known runtime packs for target framework .NETCoreApp
         Selected Microsoft.NETCore.App with RIDs 'linux-arm;linux-arm64;linux-musl-arm64;linux-musl-x64;linux-x64;osx-x64;tizen.4.0.0-armel;tizen.5.0.0-armel;win-arm64;win-x64;win-x86;linux-musl-arm;osx-arm64;linux-s390x;linux-loongarch64;linux-bionic-arm;linux-bionic-arm64;linux-bionic-x64;linux-bionic-x86;linux-ppc64le;freebsd-x64;freebsd-arm64'
         Selected targeting pack 'Microsoft.NETCore.App@8.0.25'
         Added runtime framework 'Microsoft.NETCore.App@8.0.0'
         Ignoring framework reference to Microsoft.WindowsDesktop.App as it is Windows-only and the current platform is not Windows.
         Ignoring framework reference to Microsoft.WindowsDesktop.App.WPF as it is Windows-only and the current platform is not Windows.
         Ignoring framework reference to Microsoft.WindowsDesktop.App.WindowsForms as it is Windows-only and the current platform is not Windows.
         Selected Microsoft.AspNetCore.App with RIDs 'win-x64;win-x86;osx-x64;linux-musl-x64;linux-musl-arm64;linux-x64;linux-arm;linux-arm64;linux-musl-arm;win-arm64;osx-arm64;linux-s390x;linux-loongarch64;linux-ppc64le;freebsd-x64;freebsd-arm64'
         Selected targeting pack 'Microsoft.AspNetCore.App@8.0.25'
         Added runtime framework 'Microsoft.AspNetCore.App@8.0.0'
       Done executing task "ProcessFrameworkReferences".
       Using "ResolveAppHosts" task from assembly "/usr/lib/dotnet/sdk/10.0.104/Sdks/Microsoft.NET.Sdk/targets/../tools/net10.0/Microsoft.NET.Build.Tasks.dll".
       Task "ResolveAppHosts"
       Done executing task "ResolveAppHosts".
   2:6>Done building target "ProcessFrameworkReferences" in project "Cadastro.Domain.csproj".
   2:6>Target "_CheckForObsoleteDotNetCliToolReferences" in file "/usr/lib/dotnet/sdk/10.0.104/Sdks/Microsoft.NET.Sdk/targets/Microsoft.NET.ObsoleteReferences.targets" from project "/home/tsgomes/mcad/services/cadastro-api/3-Domain/Cadastro.Domain/Cadastro.Domain.csproj" (target "CollectPackageReferences" depends on it):
   2:6>Done building target "_CheckForObsoleteDotNetCliToolReferences" in project "Cadastro.Domain.csproj".
   2:6>Target "CollectPackageReferences" in file "/usr/lib/dotnet/sdk/10.0.104/NuGet.targets" from project "/home/tsgomes/mcad/services/cadastro-api/3-Domain/Cadastro.Domain/Cadastro.Domain.csproj" (target "_GetRestoreProjectStyle" depends on it):
       Using "CheckForDuplicateNuGetItemsTask" task from assembly "/usr/lib/dotnet/sdk/10.0.104/NuGet.Build.Tasks.dll".
       Task "CheckForDuplicateNuGetItemsTask"
       Done executing task "CheckForDuplicateNuGetItemsTask".
   2:6>Done building target "CollectPackageReferences" in project "Cadastro.Domain.csproj".
   2:6>Target "_GetRestoreProjectStyle" in file "/usr/lib/dotnet/sdk/10.0.104/NuGet.targets" from project "/home/tsgomes/mcad/services/cadastro-api/3-Domain/Cadastro.Domain/Cadastro.Domain.csproj" (target "EnableIntermediateOutputPathMismatchWarning" depends on it):
       Using "GetRestoreProjectStyleTask" task from assembly "/usr/lib/dotnet/sdk/10.0.104/NuGet.Build.Tasks.dll".
       Task "GetRestoreProjectStyleTask"
       Done executing task "GetRestoreProjectStyleTask".
   2:6>Done building target "_GetRestoreProjectStyle" in project "Cadastro.Domain.csproj".
   2:6>Target "EnableIntermediateOutputPathMismatchWarning" in file "/usr/lib/dotnet/sdk/10.0.104/NuGet.targets" from project "/home/tsgomes/mcad/services/cadastro-api/3-Domain/Cadastro.Domain/Cadastro.Domain.csproj" (target "_CheckForInvalidConfigurationAndPlatform" depends on it):
   2:6>Done building target "EnableIntermediateOutputPathMismatchWarning" in project "Cadastro.Domain.csproj".
       Target "CheckForImplicitPackageReferenceOverrides" skipped. Previously built successfully.
   2:6>Target "CheckForDuplicateItems" in file "/usr/lib/dotnet/sdk/10.0.104/Sdks/Microsoft.NET.Sdk/targets/Microsoft.NET.Sdk.DefaultItems.Shared.targets" from project "/home/tsgomes/mcad/services/cadastro-api/3-Domain/Cadastro.Domain/Cadastro.Domain.csproj" (target "_CheckForInvalidConfigurationAndPlatform" depends on it):
       Using "CheckForDuplicateItems" task from assembly "/usr/lib/dotnet/sdk/10.0.104/Sdks/Microsoft.NET.Sdk/targets/../tools/net10.0/Microsoft.NET.Build.Tasks.dll".
       Task "CheckForDuplicateItems"
       Done executing task "CheckForDuplicateItems".
       Task "CheckForDuplicateItems"
       Done executing task "CheckForDuplicateItems".
       Task "CheckForDuplicateItems"
       Done executing task "CheckForDuplicateItems".
   2:6>Done building target "CheckForDuplicateItems" in project "Cadastro.Domain.csproj".
       Target "ProcessFrameworkReferences" skipped. Previously built successfully.
   2:6>Target "_CheckForInvalidConfigurationAndPlatform" in file "/usr/lib/dotnet/sdk/10.0.104/Microsoft.Common.CurrentVersion.targets" from project "/home/tsgomes/mcad/services/cadastro-api/3-Domain/Cadastro.Domain/Cadastro.Domain.csproj" (target "BeforeBuild" depends on it):
       Task "Message"
         Configuration=Debug
       Done executing task "Message".
       Task "Message"
         Platform=AnyCPU
       Done executing task "Message".
   2:6>Done building target "_CheckForInvalidConfigurationAndPlatform" in project "Cadastro.Domain.csproj".
   2:6>Target "ValidateCommandLineProperties" in file "/usr/lib/dotnet/sdk/10.0.104/Sdks/Microsoft.NET.Sdk/targets/Microsoft.NET.Sdk.targets" from project "/home/tsgomes/mcad/services/cadastro-api/3-Domain/Cadastro.Domain/Cadastro.Domain.csproj" (target "BeforeBuild" depends on it):
   2:6>Done building target "ValidateCommandLineProperties" in project "Cadastro.Domain.csproj".
   2:6>Target "BeforeBuild" in file "/usr/lib/dotnet/sdk/10.0.104/Microsoft.Common.CurrentVersion.targets" from project "/home/tsgomes/mcad/services/cadastro-api/3-Domain/Cadastro.Domain/Cadastro.Domain.csproj" (target "Build" depends on it):
   2:6>Done building target "BeforeBuild" in project "Cadastro.Domain.csproj".
   2:6>Target "BuildOnlySettings" in file "/usr/lib/dotnet/sdk/10.0.104/Microsoft.Common.CurrentVersion.targets" from project "/home/tsgomes/mcad/services/cadastro-api/3-Domain/Cadastro.Domain/Cadastro.Domain.csproj" (target "CoreBuild" depends on it):
       /usr/lib/dotnet/sdk/10.0.104/Microsoft.Common.CurrentVersion.targets(1168,7): message : Property reassignment: $(BuildingProject)="true" (previous value: "false") at /usr/lib/dotnet/sdk/10.0.104/Microsoft.Common.CurrentVersion.targets (1168,7) [/home/tsgomes/mcad/services/cadastro-api/3-Domain/Cadastro.Domain/Cadastro.Domain.csproj]
   2:6>Done building target "BuildOnlySettings" in project "Cadastro.Domain.csproj".
   2:6>Target "GetFrameworkPaths" in file "/usr/lib/dotnet/sdk/10.0.104/Sdks/Microsoft.NET.Sdk/targets/Microsoft.NET.DisableStandardFrameworkResolution.targets" from project "/home/tsgomes/mcad/services/cadastro-api/3-Domain/Cadastro.Domain/Cadastro.Domain.csproj" (target "PrepareForBuild" depends on it):
   2:6>Done building target "GetFrameworkPaths" in project "Cadastro.Domain.csproj".
   2:6>Target "GetReferenceAssemblyPaths" in file "/usr/lib/dotnet/sdk/10.0.104/Sdks/Microsoft.NET.Sdk/targets/Microsoft.NET.DisableStandardFrameworkResolution.targets" from project "/home/tsgomes/mcad/services/cadastro-api/3-Domain/Cadastro.Domain/Cadastro.Domain.csproj" (target "PrepareForBuild" depends on it):
   2:6>Done building target "GetReferenceAssemblyPaths" in project "Cadastro.Domain.csproj".
   2:6>Target "PrepareForBuild" in file "/usr/lib/dotnet/sdk/10.0.104/Microsoft.Common.CurrentVersion.targets" from project "/home/tsgomes/mcad/services/cadastro-api/3-Domain/Cadastro.Domain/Cadastro.Domain.csproj" (target "CoreBuild" depends on it):
       Task "FindAppConfigFile"
       Done executing task "FindAppConfigFile".
       Task "MakeDir"
       Done executing task "MakeDir".
   2:6>Done building target "PrepareForBuild" in project "Cadastro.Domain.csproj".
   2:6>Target "GenerateTargetFrameworkDefineConstants" in file "/usr/lib/dotnet/sdk/10.0.104/Sdks/Microsoft.NET.Sdk/targets/Microsoft.NET.Sdk.BeforeCommon.targets" from project "/home/tsgomes/mcad/services/cadastro-api/3-Domain/Cadastro.Domain/Cadastro.Domain.csproj" (target "AddImplicitDefineConstants" depends on it):
   2:6>Done building target "GenerateTargetFrameworkDefineConstants" in project "Cadastro.Domain.csproj".
   2:6>Target "GenerateNETCompatibleDefineConstants" in file "/usr/lib/dotnet/sdk/10.0.104/Sdks/Microsoft.NET.Sdk/targets/Microsoft.NET.Sdk.BeforeCommon.targets" from project "/home/tsgomes/mcad/services/cadastro-api/3-Domain/Cadastro.Domain/Cadastro.Domain.csproj" (target "AddImplicitDefineConstants" depends on it):
   2:6>Done building target "GenerateNETCompatibleDefineConstants" in project "Cadastro.Domain.csproj".
   2:6>Target "AddImplicitDefineConstants" in file "/usr/lib/dotnet/sdk/10.0.104/Sdks/Microsoft.NET.Sdk/targets/Microsoft.NET.Sdk.BeforeCommon.targets" from project "/home/tsgomes/mcad/services/cadastro-api/3-Domain/Cadastro.Domain/Cadastro.Domain.csproj" (target "CoreBuild" depends on it):
       /usr/lib/dotnet/sdk/10.0.104/Sdks/Microsoft.NET.Sdk/targets/Microsoft.NET.Sdk.BeforeCommon.targets(295,7): message : Property reassignment: $(DefineConstants)="TRACE;DEBUG;NET;NET8_0;NETCOREAPP;NET5_0_OR_GREATER;NET6_0_OR_GREATER;NET7_0_OR_GREATER;NET8_0_OR_GREATER;NETCOREAPP1_0_OR_GREATER;NETCOREAPP1_1_OR_GREATER;NETCOREAPP2_0_OR_GREATER;NETCOREAPP2_1_OR_GREATER;NETCOREAPP2_2_OR_GREATER;NETCOREAPP3_0_OR_GREATER;NETCOREAPP3_1_OR_GREATER" (previous value: "TRACE;DEBUG") at /usr/lib/dotnet/sdk/10.0.104/Sdks/Microsoft.NET.Sdk/targets/Microsoft.NET.Sdk.BeforeCommon.targets (295,7) [/home/tsgomes/mcad/services/cadastro-api/3-Domain/Cadastro.Domain/Cadastro.Domain.csproj]
   2:6>Done building target "AddImplicitDefineConstants" in project "Cadastro.Domain.csproj".
   2:6>Target "GenerateGlobalUsings" in file "/usr/lib/dotnet/sdk/10.0.104/Sdks/Microsoft.NET.Sdk/targets/Microsoft.NET.GenerateGlobalUsings.targets" from project "/home/tsgomes/mcad/services/cadastro-api/3-Domain/Cadastro.Domain/Cadastro.Domain.csproj" (target "CoreBuild" depends on it):
       Using "GenerateGlobalUsings" task from assembly "/usr/lib/dotnet/sdk/10.0.104/Sdks/Microsoft.NET.Sdk/targets/../tools/net10.0/Microsoft.NET.Build.Tasks.dll".
       Task "GenerateGlobalUsings"
       Done executing task "GenerateGlobalUsings".
       Task "WriteLinesToFile"
         Skipping write to file "obj/Debug/net8.0/Cadastro.Domain.GlobalUsings.g.cs" because content would not change.
       Done executing task "WriteLinesToFile".
   2:6>Done building target "GenerateGlobalUsings" in project "Cadastro.Domain.csproj".
   2:6>Target "BeforeResolveReferences" in file "/usr/lib/dotnet/sdk/10.0.104/Microsoft.Common.CurrentVersion.targets" from project "/home/tsgomes/mcad/services/cadastro-api/3-Domain/Cadastro.Domain/Cadastro.Domain.csproj" (target "ResolveReferences" depends on it):
   2:6>Done building target "BeforeResolveReferences" in project "Cadastro.Domain.csproj".
   2:6>Target "IgnoreJavaScriptOutputAssembly" in file "/usr/lib/dotnet/sdk/10.0.104/Microsoft.Common.CurrentVersion.targets" from project "/home/tsgomes/mcad/services/cadastro-api/3-Domain/Cadastro.Domain/Cadastro.Domain.csproj" (target "AssignProjectConfiguration" depends on it):
   2:6>Done building target "IgnoreJavaScriptOutputAssembly" in project "Cadastro.Domain.csproj".
       Target "ProcessFrameworkReferences" skipped. Previously built successfully.
   2:6>Target "_DefaultMicrosoftNETPlatformLibrary" in file "/usr/lib/dotnet/sdk/10.0.104/Sdks/Microsoft.NET.Sdk/targets/Microsoft.NET.Sdk.Shared.targets" from project "/home/tsgomes/mcad/services/cadastro-api/3-Domain/Cadastro.Domain/Cadastro.Domain.csproj" (target "ResolvePackageAssets" depends on it):
   2:6>Done building target "_DefaultMicrosoftNETPlatformLibrary" in project "Cadastro.Domain.csproj".
   2:6>Target "_ComputePackageReferencePublish" in file "/usr/lib/dotnet/sdk/10.0.104/Sdks/Microsoft.NET.Sdk/targets/Microsoft.NET.Sdk.Shared.targets" from project "/home/tsgomes/mcad/services/cadastro-api/3-Domain/Cadastro.Domain/Cadastro.Domain.csproj" (target "ResolvePackageAssets" depends on it):
   2:6>Done building target "_ComputePackageReferencePublish" in project "Cadastro.Domain.csproj".
   2:6>Target "ResolvePackageAssets" in file "/usr/lib/dotnet/sdk/10.0.104/Sdks/Microsoft.NET.Sdk/targets/Microsoft.PackageDependencyResolution.targets" from project "/home/tsgomes/mcad/services/cadastro-api/3-Domain/Cadastro.Domain/Cadastro.Domain.csproj" (target "ResolveLockFileReferences" depends on it):
       Using "ResolvePackageAssets" task from assembly "/usr/lib/dotnet/sdk/10.0.104/Sdks/Microsoft.NET.Sdk/targets/../tools/net10.0/Microsoft.NET.Build.Tasks.dll".
       Task "ResolvePackageAssets"
       Done executing task "ResolvePackageAssets".
   2:6>Done building target "ResolvePackageAssets" in project "Cadastro.Domain.csproj".
   2:6>Target "ResolveLockFileReferences" in file "/usr/lib/dotnet/sdk/10.0.104/Sdks/Microsoft.NET.Sdk/targets/Microsoft.PackageDependencyResolution.targets" from project "/home/tsgomes/mcad/services/cadastro-api/3-Domain/Cadastro.Domain/Cadastro.Domain.csproj" (target "ResolvePackageDependenciesForBuild" depends on it):
       Using "JoinItems" task from assembly "/usr/lib/dotnet/sdk/10.0.104/Sdks/Microsoft.NET.Sdk/targets/../tools/net10.0/Microsoft.NET.Build.Tasks.dll".
       Task "JoinItems"
       Done executing task "JoinItems".
   2:6>Done building target "ResolveLockFileReferences" in project "Cadastro.Domain.csproj".
       Target "ResolvePackageAssets" skipped. Previously built successfully.
   2:6>Target "ResolveLockFileAnalyzers" in file "/usr/lib/dotnet/sdk/10.0.104/Sdks/Microsoft.NET.Sdk/targets/Microsoft.PackageDependencyResolution.targets" from project "/home/tsgomes/mcad/services/cadastro-api/3-Domain/Cadastro.Domain/Cadastro.Domain.csproj" (target "ResolvePackageDependenciesForBuild" depends on it):
   2:6>Done building target "ResolveLockFileAnalyzers" in project "Cadastro.Domain.csproj".
       Target "ResolvePackageAssets" skipped. Previously built successfully.
   2:6>Target "ResolveLockFileCopyLocalFiles" in file "/usr/lib/dotnet/sdk/10.0.104/Sdks/Microsoft.NET.Sdk/targets/Microsoft.PackageDependencyResolution.targets" from project "/home/tsgomes/mcad/services/cadastro-api/3-Domain/Cadastro.Domain/Cadastro.Domain.csproj" (target "ResolvePackageDependenciesForBuild" depends on it):
   2:6>Done building target "ResolveLockFileCopyLocalFiles" in project "Cadastro.Domain.csproj".
       Target "ResolvePackageAssets" skipped. Previously built successfully.
   2:6>Target "IncludeTransitiveProjectReferences" in file "/usr/lib/dotnet/sdk/10.0.104/Sdks/Microsoft.NET.Sdk/targets/Microsoft.PackageDependencyResolution.targets" from project "/home/tsgomes/mcad/services/cadastro-api/3-Domain/Cadastro.Domain/Cadastro.Domain.csproj" (target "ResolvePackageDependenciesForBuild" depends on it):
   2:6>Done building target "IncludeTransitiveProjectReferences" in project "Cadastro.Domain.csproj".
   2:6>Target "ResolvePackageDependenciesForBuild" in file "/usr/lib/dotnet/sdk/10.0.104/Sdks/Microsoft.NET.Sdk/targets/Microsoft.PackageDependencyResolution.targets" from project "/home/tsgomes/mcad/services/cadastro-api/3-Domain/Cadastro.Domain/Cadastro.Domain.csproj" (target "AssignProjectConfiguration" depends on it):
   2:6>Done building target "ResolvePackageDependenciesForBuild" in project "Cadastro.Domain.csproj".
   2:6>Target "_SplitProjectReferencesByFileExistence" in file "/usr/lib/dotnet/sdk/10.0.104/Microsoft.Common.CurrentVersion.targets" from project "/home/tsgomes/mcad/services/cadastro-api/3-Domain/Cadastro.Domain/Cadastro.Domain.csproj" (target "PrepareProjectReferences" depends on it):
   2:6>Done building target "_SplitProjectReferencesByFileExistence" in project "Cadastro.Domain.csproj".
   2:6>Target "_AddOutputPathToGlobalPropertiesToRemove" in file "/usr/lib/dotnet/sdk/10.0.104/Microsoft.Common.CurrentVersion.targets" from project "/home/tsgomes/mcad/services/cadastro-api/3-Domain/Cadastro.Domain/Cadastro.Domain.csproj" (target "_GetProjectReferenceTargetFrameworkProperties" depends on it):
   2:6>Done building target "_AddOutputPathToGlobalPropertiesToRemove" in project "Cadastro.Domain.csproj".
   2:6>Target "_GetProjectReferenceTargetFrameworkProperties" in file "/usr/lib/dotnet/sdk/10.0.104/Microsoft.Common.CurrentVersion.targets" from project "/home/tsgomes/mcad/services/cadastro-api/3-Domain/Cadastro.Domain/Cadastro.Domain.csproj" (target "PrepareProjectReferences" depends on it):
       Task "MSBuild"
       Done executing task "MSBuild".
       Task "SetRidAgnosticValueForProjects"
       Done executing task "SetRidAgnosticValueForProjects".
   2:6>Done building target "_GetProjectReferenceTargetFrameworkProperties" in project "Cadastro.Domain.csproj".
       Target "_CalculateIsVSTestTestProject" skipped. Previously built successfully.
   2:6>Target "ValidateExecutableReferences" in file "/usr/lib/dotnet/sdk/10.0.104/Sdks/Microsoft.NET.Sdk/targets/Microsoft.NET.Sdk.targets" from project "/home/tsgomes/mcad/services/cadastro-api/3-Domain/Cadastro.Domain/Cadastro.Domain.csproj" (target "PrepareProjectReferences" depends on it):
       Using "ValidateExecutableReferences" task from assembly "/usr/lib/dotnet/sdk/10.0.104/Sdks/Microsoft.NET.Sdk/targets/../tools/net10.0/Microsoft.NET.Build.Tasks.dll".
       Task "ValidateExecutableReferences"
       Done executing task "ValidateExecutableReferences".
   2:6>Done building target "ValidateExecutableReferences" in project "Cadastro.Domain.csproj".
   2:6>Target "PrepareProjectReferences" in file "/usr/lib/dotnet/sdk/10.0.104/Microsoft.Common.CurrentVersion.targets" from project "/home/tsgomes/mcad/services/cadastro-api/3-Domain/Cadastro.Domain/Cadastro.Domain.csproj" (target "ResolveProjectReferences" depends on it):
   2:6>Done building target "PrepareProjectReferences" in project "Cadastro.Domain.csproj".
   2:6>Target "ResolveProjectReferences" in file "/usr/lib/dotnet/sdk/10.0.104/Microsoft.Common.CurrentVersion.targets" from project "/home/tsgomes/mcad/services/cadastro-api/3-Domain/Cadastro.Domain/Cadastro.Domain.csproj" (target "ResolveReferences" depends on it):
   2:6>Done building target "ResolveProjectReferences" in project "Cadastro.Domain.csproj".
       Target "ResolveProjectReferences" skipped. Previously built successfully.
       Target "GetFrameworkPaths" skipped. Previously built successfully.
       Target "GetReferenceAssemblyPaths" skipped. Previously built successfully.
       Target "PrepareForBuild" skipped. Previously built successfully.
   2:6>Target "ResolveSDKReferences" in file "/usr/lib/dotnet/sdk/10.0.104/Microsoft.Common.CurrentVersion.targets" from project "/home/tsgomes/mcad/services/cadastro-api/3-Domain/Cadastro.Domain/Cadastro.Domain.csproj" (target "ResolveAssemblyReferences" depends on it):
   2:6>Done building target "ResolveSDKReferences" in project "Cadastro.Domain.csproj".
       Target "ResolveSDKReferences" skipped. Previously built successfully.
   2:6>Target "ExpandSDKReferences" in file "/usr/lib/dotnet/sdk/10.0.104/Microsoft.Common.CurrentVersion.targets" from project "/home/tsgomes/mcad/services/cadastro-api/3-Domain/Cadastro.Domain/Cadastro.Domain.csproj" (target "ResolveAssemblyReferences" depends on it):
   2:6>Done building target "ExpandSDKReferences" in project "Cadastro.Domain.csproj".
       Target "ResolvePackageDependenciesForBuild" skipped. Previously built successfully.
       Target "GetFrameworkPaths" skipped. Previously built successfully.
       Target "GetReferenceAssemblyPaths" skipped. Previously built successfully.
       Target "ProcessFrameworkReferences" skipped. Previously built successfully.
       Target "ResolvePackageAssets" skipped. Previously built successfully.
   2:6>Target "ResolveFrameworkReferences" in file "/usr/lib/dotnet/sdk/10.0.104/Sdks/Microsoft.NET.Sdk/targets/Microsoft.NET.Sdk.FrameworkReferenceResolution.targets" from project "/home/tsgomes/mcad/services/cadastro-api/3-Domain/Cadastro.Domain/Cadastro.Domain.csproj" (target "ResolveTargetingPackAssets" depends on it):
       Using "GetPackageDirectory" task from assembly "/usr/lib/dotnet/sdk/10.0.104/Sdks/Microsoft.NET.Sdk/targets/../tools/net10.0/Microsoft.NET.Build.Tasks.dll".
       Task "GetPackageDirectory"
       Done executing task "GetPackageDirectory".
       Task "GetPackageDirectory"
       Done executing task "GetPackageDirectory".
       Task "GetPackageDirectory"
       Done executing task "GetPackageDirectory".
       Task "GetPackageDirectory"
       Done executing task "GetPackageDirectory".
       Task "GetPackageDirectory"
       Done executing task "GetPackageDirectory".
       Task "GetPackageDirectory"
       Done executing task "GetPackageDirectory".
       Task "GetPackageDirectory"
       Done executing task "GetPackageDirectory".
       Task "GetPackageDirectory"
       Done executing task "GetPackageDirectory".
       Task "GetPackageDirectory"
       Done executing task "GetPackageDirectory".
       Task "GetPackageDirectory"
       Done executing task "GetPackageDirectory".
       Using "ResolveFrameworkReferences" task from assembly "/usr/lib/dotnet/sdk/10.0.104/Sdks/Microsoft.NET.Sdk/targets/../tools/net10.0/Microsoft.NET.Build.Tasks.dll".
       Task "ResolveFrameworkReferences"
       Done executing task "ResolveFrameworkReferences".
   2:6>Done building target "ResolveFrameworkReferences" in project "Cadastro.Domain.csproj".
   2:6>Target "ResolveTargetingPackAssets" in file "/usr/lib/dotnet/sdk/10.0.104/Sdks/Microsoft.NET.Sdk/targets/Microsoft.NET.Sdk.FrameworkReferenceResolution.targets" from project "/home/tsgomes/mcad/services/cadastro-api/3-Domain/Cadastro.Domain/Cadastro.Domain.csproj" (target "_HandlePackageFileConflicts" depends on it):
       Using "ResolveTargetingPackAssets" task from assembly "/usr/lib/dotnet/sdk/10.0.104/Sdks/Microsoft.NET.Sdk/targets/../tools/net10.0/Microsoft.NET.Build.Tasks.dll".
       Task "ResolveTargetingPackAssets"
       Done executing task "ResolveTargetingPackAssets".
   2:6>Done building target "ResolveTargetingPackAssets" in project "Cadastro.Domain.csproj".
   2:6>Target "ResolveOffByDefaultAnalyzers" in file "/usr/lib/dotnet/sdk/10.0.104/Sdks/Microsoft.NET.Sdk/targets/Microsoft.NET.Sdk.FrameworkReferenceResolution.targets" from project "/home/tsgomes/mcad/services/cadastro-api/3-Domain/Cadastro.Domain/Cadastro.Domain.csproj" (target "_HandlePackageFileConflicts" depends on it):
   2:6>Done building target "ResolveOffByDefaultAnalyzers" in project "Cadastro.Domain.csproj".
   2:6>Target "_HandlePackageFileConflicts" in file "/usr/lib/dotnet/sdk/10.0.104/Sdks/Microsoft.NET.Sdk/targets/Microsoft.NET.ConflictResolution.targets" from project "/home/tsgomes/mcad/services/cadastro-api/3-Domain/Cadastro.Domain/Cadastro.Domain.csproj" (target "ResolveAssemblyReferences" depends on it):
       Using "ResolvePackageFileConflicts" task from assembly "/usr/lib/dotnet/sdk/10.0.104/Sdks/Microsoft.NET.Sdk/targets/../tools/net10.0/Microsoft.NET.Build.Tasks.dll".
       Task "ResolvePackageFileConflicts"
         Encountered conflict between 'Platform:mscorlib.dll' and 'Platform:mscorlib.dll'. Could not determine winner due to equal file and assembly versions.
         Encountered conflict between 'Platform:Microsoft.VisualBasic.dll' and 'Platform:Microsoft.VisualBasic.dll'. Could not determine winner due to equal file and assembly versions.
         Encountered conflict between 'Platform:System.dll' and 'Platform:System.dll'. Could not determine winner due to equal file and assembly versions.
         Encountered conflict between 'Platform:System.ComponentModel.DataAnnotations.dll' and 'Platform:System.ComponentModel.DataAnnotations.dll'. Could not determine winner due to equal file and assembly versions.
         Encountered conflict between 'Platform:System.Configuration.dll' and 'Platform:System.Configuration.dll'. Could not determine winner due to equal file and assembly versions.
         Encountered conflict between 'Platform:System.Core.dll' and 'Platform:System.Core.dll'. Could not determine winner due to equal file and assembly versions.
         Encountered conflict between 'Platform:System.Data.dll' and 'Platform:System.Data.dll'. Could not determine winner due to equal file and assembly versions.
         Encountered conflict between 'Platform:System.Drawing.dll' and 'Platform:System.Drawing.dll'. Could not determine winner due to equal file and assembly versions.
         Encountered conflict between 'Platform:System.IO.Compression.FileSystem.dll' and 'Platform:System.IO.Compression.FileSystem.dll'. Could not determine winner due to equal file and assembly versions.
         Encountered conflict between 'Platform:System.Net.dll' and 'Platform:System.Net.dll'. Could not determine winner due to equal file and assembly versions.
         Encountered conflict between 'Platform:System.Numerics.dll' and 'Platform:System.Numerics.dll'. Could not determine winner due to equal file and assembly versions.
         Encountered conflict between 'Platform:System.Runtime.Serialization.dll' and 'Platform:System.Runtime.Serialization.dll'. Could not determine winner due to equal file and assembly versions.
         Encountered conflict between 'Platform:System.Security.dll' and 'Platform:System.Security.dll'. Could not determine winner due to equal file and assembly versions.
         Encountered conflict between 'Platform:System.ServiceProcess.dll' and 'Platform:System.ServiceProcess.dll'. Could not determine winner due to equal file and assembly versions.
         Encountered conflict between 'Platform:System.ServiceModel.Web.dll' and 'Platform:System.ServiceModel.Web.dll'. Could not determine winner due to equal file and assembly versions.
         Encountered conflict between 'Platform:System.Transactions.dll' and 'Platform:System.Transactions.dll'. Could not determine winner due to equal file and assembly versions.
         Encountered conflict between 'Platform:System.Web.dll' and 'Platform:System.Web.dll'. Could not determine winner due to equal file and assembly versions.
         Encountered conflict between 'Platform:System.Windows.dll' and 'Platform:System.Windows.dll'. Could not determine winner due to equal file and assembly versions.
         Encountered conflict between 'Platform:System.Xml.dll' and 'Platform:System.Xml.dll'. Could not determine winner due to equal file and assembly versions.
         Encountered conflict between 'Platform:System.Xml.Serialization.dll' and 'Platform:System.Xml.Serialization.dll'. Could not determine winner due to equal file and assembly versions.
         Encountered conflict between 'Platform:System.Xml.Linq.dll' and 'Platform:System.Xml.Linq.dll'. Could not determine winner due to equal file and assembly versions.
         Encountered conflict between 'Platform:WindowsBase.dll' and 'Platform:WindowsBase.dll'. Could not determine winner due to equal file and assembly versions.
         Encountered conflict between 'Platform:netstandard.dll' and 'Platform:netstandard.dll'. Could not determine winner due to equal file and assembly versions.
         Encountered conflict between 'Platform:System.Private.CoreLib.dll' and 'Platform:System.Private.CoreLib.dll'. Could not determine winner due to equal file and assembly versions.
         Encountered conflict between 'Platform:System.Private.DataContractSerialization.dll' and 'Platform:System.Private.DataContractSerialization.dll'. Could not determine winner due to equal file and assembly versions.
         Encountered conflict between 'Platform:System.Private.Uri.dll' and 'Platform:System.Private.Uri.dll'. Could not determine winner due to equal file and assembly versions.
         Encountered conflict between 'Platform:System.Private.Xml.dll' and 'Platform:System.Private.Xml.dll'. Could not determine winner due to equal file and assembly versions.
         Encountered conflict between 'Platform:System.Private.Xml.Linq.dll' and 'Platform:System.Private.Xml.Linq.dll'. Could not determine winner due to equal file and assembly versions.
         Encountered conflict between 'Platform:mscordaccore_amd64_amd64_8.0.2526.11203.dll' and 'Platform:mscordaccore_amd64_amd64_8.0.2526.11203.dll'. Could not determine winner due to equal file and assembly versions.
       Done executing task "ResolvePackageFileConflicts".
   2:6>Done building target "_HandlePackageFileConflicts" in project "Cadastro.Domain.csproj".
       Target "ResolveTargetingPackAssets" skipped. Previously built successfully.
   2:6>Target "ResolveAssemblyReferences" in file "/usr/lib/dotnet/sdk/10.0.104/Microsoft.Common.CurrentVersion.targets" from project "/home/tsgomes/mcad/services/cadastro-api/3-Domain/Cadastro.Domain/Cadastro.Domain.csproj" (target "ResolveReferences" depends on it):
       Using "ResolveAssemblyReference" task from assembly "Microsoft.Build.Tasks.Core, Version=15.1.0.0, Culture=neutral, PublicKeyToken=b03f5f7f11d50a3a".
       Task "ResolveAssemblyReference"
         TargetFrameworkMoniker:
             .NETCoreApp,Version=v8.0
         TargetFrameworkMonikerDisplayName:
             .NET 8.0
         TargetedRuntimeVersion:
             
         Assemblies:
             /usr/lib/dotnet/packs/Microsoft.NETCore.App.Ref/8.0.25/ref/net8.0/Microsoft.CSharp.dll
                 Private = 'false'
             /usr/lib/dotnet/packs/Microsoft.NETCore.App.Ref/8.0.25/ref/net8.0/Microsoft.VisualBasic.Core.dll
                 Private = 'false'
             /usr/lib/dotnet/packs/Microsoft.NETCore.App.Ref/8.0.25/ref/net8.0/Microsoft.VisualBasic.dll
                 Private = 'false'
             /usr/lib/dotnet/packs/Microsoft.NETCore.App.Ref/8.0.25/ref/net8.0/Microsoft.Win32.Primitives.dll
                 Private = 'false'
             /usr/lib/dotnet/packs/Microsoft.NETCore.App.Ref/8.0.25/ref/net8.0/Microsoft.Win32.Registry.dll
                 Private = 'false'
             /usr/lib/dotnet/packs/Microsoft.NETCore.App.Ref/8.0.25/ref/net8.0/System.AppContext.dll
                 Private = 'false'
             /usr/lib/dotnet/packs/Microsoft.NETCore.App.Ref/8.0.25/ref/net8.0/System.Buffers.dll
                 Private = 'false'
             /usr/lib/dotnet/packs/Microsoft.NETCore.App.Ref/8.0.25/ref/net8.0/System.Collections.Concurrent.dll
                 Private = 'false'
             /usr/lib/dotnet/packs/Microsoft.NETCore.App.Ref/8.0.25/ref/net8.0/System.Collections.Immutable.dll
                 Private = 'false'
             /usr/lib/dotnet/packs/Microsoft.NETCore.App.Ref/8.0.25/ref/net8.0/System.Collections.NonGeneric.dll
                 Private = 'false'
             /usr/lib/dotnet/packs/Microsoft.NETCore.App.Ref/8.0.25/ref/net8.0/System.Collections.Specialized.dll
                 Private = 'false'
             /usr/lib/dotnet/packs/Microsoft.NETCore.App.Ref/8.0.25/ref/net8.0/System.Collections.dll
                 Private = 'false'
             /usr/lib/dotnet/packs/Microsoft.NETCore.App.Ref/8.0.25/ref/net8.0/System.ComponentModel.Annotations.dll
                 Private = 'false'
             /usr/lib/dotnet/packs/Microsoft.NETCore.App.Ref/8.0.25/ref/net8.0/System.ComponentModel.DataAnnotations.dll
                 Private = 'false'
             /usr/lib/dotnet/packs/Microsoft.NETCore.App.Ref/8.0.25/ref/net8.0/System.ComponentModel.EventBasedAsync.dll
                 Private = 'false'
             /usr/lib/dotnet/packs/Microsoft.NETCore.App.Ref/8.0.25/ref/net8.0/System.ComponentModel.Primitives.dll
                 Private = 'false'
             /usr/lib/dotnet/packs/Microsoft.NETCore.App.Ref/8.0.25/ref/net8.0/System.ComponentModel.TypeConverter.dll
                 Private = 'false'
             /usr/lib/dotnet/packs/Microsoft.NETCore.App.Ref/8.0.25/ref/net8.0/System.ComponentModel.dll
                 Private = 'false'
             /usr/lib/dotnet/packs/Microsoft.NETCore.App.Ref/8.0.25/ref/net8.0/System.Configuration.dll
                 Private = 'false'
             /usr/lib/dotnet/packs/Microsoft.NETCore.App.Ref/8.0.25/ref/net8.0/System.Console.dll
                 Private = 'false'
             /usr/lib/dotnet/packs/Microsoft.NETCore.App.Ref/8.0.25/ref/net8.0/System.Core.dll
                 Private = 'false'
             /usr/lib/dotnet/packs/Microsoft.NETCore.App.Ref/8.0.25/ref/net8.0/System.Data.Common.dll
                 Private = 'false'
             /usr/lib/dotnet/packs/Microsoft.NETCore.App.Ref/8.0.25/ref/net8.0/System.Data.DataSetExtensions.dll
                 Private = 'false'
             /usr/lib/dotnet/packs/Microsoft.NETCore.App.Ref/8.0.25/ref/net8.0/System.Data.dll
                 Private = 'false'
             /usr/lib/dotnet/packs/Microsoft.NETCore.App.Ref/8.0.25/ref/net8.0/System.Diagnostics.Contracts.dll
                 Private = 'false'
             /usr/lib/dotnet/packs/Microsoft.NETCore.App.Ref/8.0.25/ref/net8.0/System.Diagnostics.Debug.dll
                 Private = 'false'
             /usr/lib/dotnet/packs/Microsoft.NETCore.App.Ref/8.0.25/ref/net8.0/System.Diagnostics.DiagnosticSource.dll
                 Private = 'false'
             /usr/lib/dotnet/packs/Microsoft.NETCore.App.Ref/8.0.25/ref/net8.0/System.Diagnostics.FileVersionInfo.dll
                 Private = 'false'
             /usr/lib/dotnet/packs/Microsoft.NETCore.App.Ref/8.0.25/ref/net8.0/System.Diagnostics.Process.dll
                 Private = 'false'
             /usr/lib/dotnet/packs/Microsoft.NETCore.App.Ref/8.0.25/ref/net8.0/System.Diagnostics.StackTrace.dll
                 Private = 'false'
             /usr/lib/dotnet/packs/Microsoft.NETCore.App.Ref/8.0.25/ref/net8.0/System.Diagnostics.TextWriterTraceListener.dll
                 Private = 'false'
             /usr/lib/dotnet/packs/Microsoft.NETCore.App.Ref/8.0.25/ref/net8.0/System.Diagnostics.Tools.dll
                 Private = 'false'
             /usr/lib/dotnet/packs/Microsoft.NETCore.App.Ref/8.0.25/ref/net8.0/System.Diagnostics.TraceSource.dll
                 Private = 'false'
             /usr/lib/dotnet/packs/Microsoft.NETCore.App.Ref/8.0.25/ref/net8.0/System.Diagnostics.Tracing.dll
                 Private = 'false'
             /usr/lib/dotnet/packs/Microsoft.NETCore.App.Ref/8.0.25/ref/net8.0/System.Drawing.Primitives.dll
                 Private = 'false'
             /usr/lib/dotnet/packs/Microsoft.NETCore.App.Ref/8.0.25/ref/net8.0/System.Drawing.dll
                 Private = 'false'
             /usr/lib/dotnet/packs/Microsoft.NETCore.App.Ref/8.0.25/ref/net8.0/System.Dynamic.Runtime.dll
                 Private = 'false'
             /usr/lib/dotnet/packs/Microsoft.NETCore.App.Ref/8.0.25/ref/net8.0/System.Formats.Asn1.dll
                 Private = 'false'
             /usr/lib/dotnet/packs/Microsoft.NETCore.App.Ref/8.0.25/ref/net8.0/System.Formats.Tar.dll
                 Private = 'false'
             /usr/lib/dotnet/packs/Microsoft.NETCore.App.Ref/8.0.25/ref/net8.0/System.Globalization.Calendars.dll
                 Private = 'false'
             /usr/lib/dotnet/packs/Microsoft.NETCore.App.Ref/8.0.25/ref/net8.0/System.Globalization.Extensions.dll
                 Private = 'false'
             /usr/lib/dotnet/packs/Microsoft.NETCore.App.Ref/8.0.25/ref/net8.0/System.Globalization.dll
                 Private = 'false'
             /usr/lib/dotnet/packs/Microsoft.NETCore.App.Ref/8.0.25/ref/net8.0/System.IO.Compression.Brotli.dll
                 Private = 'false'
             /usr/lib/dotnet/packs/Microsoft.NETCore.App.Ref/8.0.25/ref/net8.0/System.IO.Compression.FileSystem.dll
                 Private = 'false'
             /usr/lib/dotnet/packs/Microsoft.NETCore.App.Ref/8.0.25/ref/net8.0/System.IO.Compression.ZipFile.dll
                 Private = 'false'
             /usr/lib/dotnet/packs/Microsoft.NETCore.App.Ref/8.0.25/ref/net8.0/System.IO.Compression.dll
                 Private = 'false'
             /usr/lib/dotnet/packs/Microsoft.NETCore.App.Ref/8.0.25/ref/net8.0/System.IO.FileSystem.AccessControl.dll
                 Private = 'false'
             /usr/lib/dotnet/packs/Microsoft.NETCore.App.Ref/8.0.25/ref/net8.0/System.IO.FileSystem.DriveInfo.dll
                 Private = 'false'
             /usr/lib/dotnet/packs/Microsoft.NETCore.App.Ref/8.0.25/ref/net8.0/System.IO.FileSystem.Primitives.dll
                 Private = 'false'
             /usr/lib/dotnet/packs/Microsoft.NETCore.App.Ref/8.0.25/ref/net8.0/System.IO.FileSystem.Watcher.dll
                 Private = 'false'
             /usr/lib/dotnet/packs/Microsoft.NETCore.App.Ref/8.0.25/ref/net8.0/System.IO.FileSystem.dll
                 Private = 'false'
             /usr/lib/dotnet/packs/Microsoft.NETCore.App.Ref/8.0.25/ref/net8.0/System.IO.IsolatedStorage.dll
                 Private = 'false'
             /usr/lib/dotnet/packs/Microsoft.NETCore.App.Ref/8.0.25/ref/net8.0/System.IO.MemoryMappedFiles.dll
                 Private = 'false'
             /usr/lib/dotnet/packs/Microsoft.NETCore.App.Ref/8.0.25/ref/net8.0/System.IO.Pipes.AccessControl.dll
                 Private = 'false'
             /usr/lib/dotnet/packs/Microsoft.NETCore.App.Ref/8.0.25/ref/net8.0/System.IO.Pipes.dll
                 Private = 'false'
             /usr/lib/dotnet/packs/Microsoft.NETCore.App.Ref/8.0.25/ref/net8.0/System.IO.UnmanagedMemoryStream.dll
                 Private = 'false'
             /usr/lib/dotnet/packs/Microsoft.NETCore.App.Ref/8.0.25/ref/net8.0/System.IO.dll
                 Private = 'false'
             /usr/lib/dotnet/packs/Microsoft.NETCore.App.Ref/8.0.25/ref/net8.0/System.Linq.Expressions.dll
                 Private = 'false'
             /usr/lib/dotnet/packs/Microsoft.NETCore.App.Ref/8.0.25/ref/net8.0/System.Linq.Parallel.dll
                 Private = 'false'
             /usr/lib/dotnet/packs/Microsoft.NETCore.App.Ref/8.0.25/ref/net8.0/System.Linq.Queryable.dll
                 Private = 'false'
             /usr/lib/dotnet/packs/Microsoft.NETCore.App.Ref/8.0.25/ref/net8.0/System.Linq.dll
                 Private = 'false'
             /usr/lib/dotnet/packs/Microsoft.NETCore.App.Ref/8.0.25/ref/net8.0/System.Memory.dll
                 Private = 'false'
             /usr/lib/dotnet/packs/Microsoft.NETCore.App.Ref/8.0.25/ref/net8.0/System.Net.Http.Json.dll
                 Private = 'false'
             /usr/lib/dotnet/packs/Microsoft.NETCore.App.Ref/8.0.25/ref/net8.0/System.Net.Http.dll
                 Private = 'false'
             /usr/lib/dotnet/packs/Microsoft.NETCore.App.Ref/8.0.25/ref/net8.0/System.Net.HttpListener.dll
                 Private = 'false'
             /usr/lib/dotnet/packs/Microsoft.NETCore.App.Ref/8.0.25/ref/net8.0/System.Net.Mail.dll
                 Private = 'false'
             /usr/lib/dotnet/packs/Microsoft.NETCore.App.Ref/8.0.25/ref/net8.0/System.Net.NameResolution.dll
                 Private = 'false'
             /usr/lib/dotnet/packs/Microsoft.NETCore.App.Ref/8.0.25/ref/net8.0/System.Net.NetworkInformation.dll
                 Private = 'false'
             /usr/lib/dotnet/packs/Microsoft.NETCore.App.Ref/8.0.25/ref/net8.0/System.Net.Ping.dll
                 Private = 'false'
             /usr/lib/dotnet/packs/Microsoft.NETCore.App.Ref/8.0.25/ref/net8.0/System.Net.Primitives.dll
                 Private = 'false'
             /usr/lib/dotnet/packs/Microsoft.NETCore.App.Ref/8.0.25/ref/net8.0/System.Net.Quic.dll
                 Private = 'false'
             /usr/lib/dotnet/packs/Microsoft.NETCore.App.Ref/8.0.25/ref/net8.0/System.Net.Requests.dll
                 Private = 'false'
             /usr/lib/dotnet/packs/Microsoft.NETCore.App.Ref/8.0.25/ref/net8.0/System.Net.Security.dll
                 Private = 'false'
             /usr/lib/dotnet/packs/Microsoft.NETCore.App.Ref/8.0.25/ref/net8.0/System.Net.ServicePoint.dll
                 Private = 'false'
             /usr/lib/dotnet/packs/Microsoft.NETCore.App.Ref/8.0.25/ref/net8.0/System.Net.Sockets.dll
                 Private = 'false'
             /usr/lib/dotnet/packs/Microsoft.NETCore.App.Ref/8.0.25/ref/net8.0/System.Net.WebClient.dll
                 Private = 'false'
             /usr/lib/dotnet/packs/Microsoft.NETCore.App.Ref/8.0.25/ref/net8.0/System.Net.WebHeaderCollection.dll
                 Private = 'false'
             /usr/lib/dotnet/packs/Microsoft.NETCore.App.Ref/8.0.25/ref/net8.0/System.Net.WebProxy.dll
                 Private = 'false'
             /usr/lib/dotnet/packs/Microsoft.NETCore.App.Ref/8.0.25/ref/net8.0/System.Net.WebSockets.Client.dll
                 Private = 'false'
             /usr/lib/dotnet/packs/Microsoft.NETCore.App.Ref/8.0.25/ref/net8.0/System.Net.WebSockets.dll
                 Private = 'false'
             /usr/lib/dotnet/packs/Microsoft.NETCore.App.Ref/8.0.25/ref/net8.0/System.Net.dll
                 Private = 'false'
             /usr/lib/dotnet/packs/Microsoft.NETCore.App.Ref/8.0.25/ref/net8.0/System.Numerics.Vectors.dll
                 Private = 'false'
             /usr/lib/dotnet/packs/Microsoft.NETCore.App.Ref/8.0.25/ref/net8.0/System.Numerics.dll
                 Private = 'false'
             /usr/lib/dotnet/packs/Microsoft.NETCore.App.Ref/8.0.25/ref/net8.0/System.ObjectModel.dll
                 Private = 'false'
             /usr/lib/dotnet/packs/Microsoft.NETCore.App.Ref/8.0.25/ref/net8.0/System.Reflection.DispatchProxy.dll
                 Private = 'false'
             /usr/lib/dotnet/packs/Microsoft.NETCore.App.Ref/8.0.25/ref/net8.0/System.Reflection.Emit.ILGeneration.dll
                 Private = 'false'
             /usr/lib/dotnet/packs/Microsoft.NETCore.App.Ref/8.0.25/ref/net8.0/System.Reflection.Emit.Lightweight.dll
                 Private = 'false'
             /usr/lib/dotnet/packs/Microsoft.NETCore.App.Ref/8.0.25/ref/net8.0/System.Reflection.Emit.dll
                 Private = 'false'
             /usr/lib/dotnet/packs/Microsoft.NETCore.App.Ref/8.0.25/ref/net8.0/System.Reflection.Extensions.dll
                 Private = 'false'
             /usr/lib/dotnet/packs/Microsoft.NETCore.App.Ref/8.0.25/ref/net8.0/System.Reflection.Metadata.dll
                 Private = 'false'
             /usr/lib/dotnet/packs/Microsoft.NETCore.App.Ref/8.0.25/ref/net8.0/System.Reflection.Primitives.dll
                 Private = 'false'
             /usr/lib/dotnet/packs/Microsoft.NETCore.App.Ref/8.0.25/ref/net8.0/System.Reflection.TypeExtensions.dll
                 Private = 'false'
             /usr/lib/dotnet/packs/Microsoft.NETCore.App.Ref/8.0.25/ref/net8.0/System.Reflection.dll
                 Private = 'false'
             /usr/lib/dotnet/packs/Microsoft.NETCore.App.Ref/8.0.25/ref/net8.0/System.Resources.Reader.dll
                 Private = 'false'
             /usr/lib/dotnet/packs/Microsoft.NETCore.App.Ref/8.0.25/ref/net8.0/System.Resources.ResourceManager.dll
                 Private = 'false'
             /usr/lib/dotnet/packs/Microsoft.NETCore.App.Ref/8.0.25/ref/net8.0/System.Resources.Writer.dll
                 Private = 'false'
             /usr/lib/dotnet/packs/Microsoft.NETCore.App.Ref/8.0.25/ref/net8.0/System.Runtime.CompilerServices.Unsafe.dll
                 Private = 'false'
             /usr/lib/dotnet/packs/Microsoft.NETCore.App.Ref/8.0.25/ref/net8.0/System.Runtime.CompilerServices.VisualC.dll
                 Private = 'false'
             /usr/lib/dotnet/packs/Microsoft.NETCore.App.Ref/8.0.25/ref/net8.0/System.Runtime.Extensions.dll
                 Private = 'false'
             /usr/lib/dotnet/packs/Microsoft.NETCore.App.Ref/8.0.25/ref/net8.0/System.Runtime.Handles.dll
                 Private = 'false'
             /usr/lib/dotnet/packs/Microsoft.NETCore.App.Ref/8.0.25/ref/net8.0/System.Runtime.InteropServices.JavaScript.dll
                 Private = 'false'
             /usr/lib/dotnet/packs/Microsoft.NETCore.App.Ref/8.0.25/ref/net8.0/System.Runtime.InteropServices.RuntimeInformation.dll
                 Private = 'false'
             /usr/lib/dotnet/packs/Microsoft.NETCore.App.Ref/8.0.25/ref/net8.0/System.Runtime.InteropServices.dll
                 Private = 'false'
             /usr/lib/dotnet/packs/Microsoft.NETCore.App.Ref/8.0.25/ref/net8.0/System.Runtime.Intrinsics.dll
                 Private = 'false'
             /usr/lib/dotnet/packs/Microsoft.NETCore.App.Ref/8.0.25/ref/net8.0/System.Runtime.Loader.dll
                 Private = 'false'
             /usr/lib/dotnet/packs/Microsoft.NETCore.App.Ref/8.0.25/ref/net8.0/System.Runtime.Numerics.dll
                 Private = 'false'
             /usr/lib/dotnet/packs/Microsoft.NETCore.App.Ref/8.0.25/ref/net8.0/System.Runtime.Serialization.Formatters.dll
                 Private = 'false'
             /usr/lib/dotnet/packs/Microsoft.NETCore.App.Ref/8.0.25/ref/net8.0/System.Runtime.Serialization.Json.dll
                 Private = 'false'
             /usr/lib/dotnet/packs/Microsoft.NETCore.App.Ref/8.0.25/ref/net8.0/System.Runtime.Serialization.Primitives.dll
                 Private = 'false'
             /usr/lib/dotnet/packs/Microsoft.NETCore.App.Ref/8.0.25/ref/net8.0/System.Runtime.Serialization.Xml.dll
                 Private = 'false'
             /usr/lib/dotnet/packs/Microsoft.NETCore.App.Ref/8.0.25/ref/net8.0/System.Runtime.Serialization.dll
                 Private = 'false'
             /usr/lib/dotnet/packs/Microsoft.NETCore.App.Ref/8.0.25/ref/net8.0/System.Runtime.dll
                 Private = 'false'
             /usr/lib/dotnet/packs/Microsoft.NETCore.App.Ref/8.0.25/ref/net8.0/System.Security.AccessControl.dll
                 Private = 'false'
             /usr/lib/dotnet/packs/Microsoft.NETCore.App.Ref/8.0.25/ref/net8.0/System.Security.Claims.dll
                 Private = 'false'
             /usr/lib/dotnet/packs/Microsoft.NETCore.App.Ref/8.0.25/ref/net8.0/System.Security.Cryptography.Algorithms.dll
                 Private = 'false'
             /usr/lib/dotnet/packs/Microsoft.NETCore.App.Ref/8.0.25/ref/net8.0/System.Security.Cryptography.Cng.dll
                 Private = 'false'
             /usr/lib/dotnet/packs/Microsoft.NETCore.App.Ref/8.0.25/ref/net8.0/System.Security.Cryptography.Csp.dll
                 Private = 'false'
             /usr/lib/dotnet/packs/Microsoft.NETCore.App.Ref/8.0.25/ref/net8.0/System.Security.Cryptography.Encoding.dll
                 Private = 'false'
             /usr/lib/dotnet/packs/Microsoft.NETCore.App.Ref/8.0.25/ref/net8.0/System.Security.Cryptography.OpenSsl.dll
                 Private = 'false'
             /usr/lib/dotnet/packs/Microsoft.NETCore.App.Ref/8.0.25/ref/net8.0/System.Security.Cryptography.Primitives.dll
                 Private = 'false'
             /usr/lib/dotnet/packs/Microsoft.NETCore.App.Ref/8.0.25/ref/net8.0/System.Security.Cryptography.X509Certificates.dll
                 Private = 'false'
             /usr/lib/dotnet/packs/Microsoft.NETCore.App.Ref/8.0.25/ref/net8.0/System.Security.Cryptography.dll
                 Private = 'false'
             /usr/lib/dotnet/packs/Microsoft.NETCore.App.Ref/8.0.25/ref/net8.0/System.Security.Principal.Windows.dll
                 Private = 'false'
             /usr/lib/dotnet/packs/Microsoft.NETCore.App.Ref/8.0.25/ref/net8.0/System.Security.Principal.dll
                 Private = 'false'
             /usr/lib/dotnet/packs/Microsoft.NETCore.App.Ref/8.0.25/ref/net8.0/System.Security.SecureString.dll
                 Private = 'false'
             /usr/lib/dotnet/packs/Microsoft.NETCore.App.Ref/8.0.25/ref/net8.0/System.Security.dll
                 Private = 'false'
             /usr/lib/dotnet/packs/Microsoft.NETCore.App.Ref/8.0.25/ref/net8.0/System.ServiceModel.Web.dll
                 Private = 'false'
             /usr/lib/dotnet/packs/Microsoft.NETCore.App.Ref/8.0.25/ref/net8.0/System.ServiceProcess.dll
                 Private = 'false'
             /usr/lib/dotnet/packs/Microsoft.NETCore.App.Ref/8.0.25/ref/net8.0/System.Text.Encoding.CodePages.dll
                 Private = 'false'
             /usr/lib/dotnet/packs/Microsoft.NETCore.App.Ref/8.0.25/ref/net8.0/System.Text.Encoding.Extensions.dll
                 Private = 'false'
             /usr/lib/dotnet/packs/Microsoft.NETCore.App.Ref/8.0.25/ref/net8.0/System.Text.Encoding.dll
                 Private = 'false'
             /usr/lib/dotnet/packs/Microsoft.NETCore.App.Ref/8.0.25/ref/net8.0/System.Text.Encodings.Web.dll
                 Private = 'false'
             /usr/lib/dotnet/packs/Microsoft.NETCore.App.Ref/8.0.25/ref/net8.0/System.Text.Json.dll
                 Private = 'false'
             /usr/lib/dotnet/packs/Microsoft.NETCore.App.Ref/8.0.25/ref/net8.0/System.Text.RegularExpressions.dll
                 Private = 'false'
             /usr/lib/dotnet/packs/Microsoft.NETCore.App.Ref/8.0.25/ref/net8.0/System.Threading.Channels.dll
                 Private = 'false'
             /usr/lib/dotnet/packs/Microsoft.NETCore.App.Ref/8.0.25/ref/net8.0/System.Threading.Overlapped.dll
                 Private = 'false'
             /usr/lib/dotnet/packs/Microsoft.NETCore.App.Ref/8.0.25/ref/net8.0/System.Threading.Tasks.Dataflow.dll
                 Private = 'false'
             /usr/lib/dotnet/packs/Microsoft.NETCore.App.Ref/8.0.25/ref/net8.0/System.Threading.Tasks.Extensions.dll
                 Private = 'false'
             /usr/lib/dotnet/packs/Microsoft.NETCore.App.Ref/8.0.25/ref/net8.0/System.Threading.Tasks.Parallel.dll
                 Private = 'false'
             /usr/lib/dotnet/packs/Microsoft.NETCore.App.Ref/8.0.25/ref/net8.0/System.Threading.Tasks.dll
                 Private = 'false'
             /usr/lib/dotnet/packs/Microsoft.NETCore.App.Ref/8.0.25/ref/net8.0/System.Threading.Thread.dll
                 Private = 'false'
             /usr/lib/dotnet/packs/Microsoft.NETCore.App.Ref/8.0.25/ref/net8.0/System.Threading.ThreadPool.dll
                 Private = 'false'
             /usr/lib/dotnet/packs/Microsoft.NETCore.App.Ref/8.0.25/ref/net8.0/System.Threading.Timer.dll
                 Private = 'false'
             /usr/lib/dotnet/packs/Microsoft.NETCore.App.Ref/8.0.25/ref/net8.0/System.Threading.dll
                 Private = 'false'
             /usr/lib/dotnet/packs/Microsoft.NETCore.App.Ref/8.0.25/ref/net8.0/System.Transactions.Local.dll
                 Private = 'false'
             /usr/lib/dotnet/packs/Microsoft.NETCore.App.Ref/8.0.25/ref/net8.0/System.Transactions.dll
                 Private = 'false'
             /usr/lib/dotnet/packs/Microsoft.NETCore.App.Ref/8.0.25/ref/net8.0/System.ValueTuple.dll
                 Private = 'false'
             /usr/lib/dotnet/packs/Microsoft.NETCore.App.Ref/8.0.25/ref/net8.0/System.Web.HttpUtility.dll
                 Private = 'false'
             /usr/lib/dotnet/packs/Microsoft.NETCore.App.Ref/8.0.25/ref/net8.0/System.Web.dll
                 Private = 'false'
             /usr/lib/dotnet/packs/Microsoft.NETCore.App.Ref/8.0.25/ref/net8.0/System.Windows.dll
                 Private = 'false'
             /usr/lib/dotnet/packs/Microsoft.NETCore.App.Ref/8.0.25/ref/net8.0/System.Xml.Linq.dll
                 Private = 'false'
             /usr/lib/dotnet/packs/Microsoft.NETCore.App.Ref/8.0.25/ref/net8.0/System.Xml.ReaderWriter.dll
                 Private = 'false'
             /usr/lib/dotnet/packs/Microsoft.NETCore.App.Ref/8.0.25/ref/net8.0/System.Xml.Serialization.dll
                 Private = 'false'
             /usr/lib/dotnet/packs/Microsoft.NETCore.App.Ref/8.0.25/ref/net8.0/System.Xml.XDocument.dll
                 Private = 'false'
             /usr/lib/dotnet/packs/Microsoft.NETCore.App.Ref/8.0.25/ref/net8.0/System.Xml.XPath.XDocument.dll
                 Private = 'false'
             /usr/lib/dotnet/packs/Microsoft.NETCore.App.Ref/8.0.25/ref/net8.0/System.Xml.XPath.dll
                 Private = 'false'
             /usr/lib/dotnet/packs/Microsoft.NETCore.App.Ref/8.0.25/ref/net8.0/System.Xml.XmlDocument.dll
                 Private = 'false'
             /usr/lib/dotnet/packs/Microsoft.NETCore.App.Ref/8.0.25/ref/net8.0/System.Xml.XmlSerializer.dll
                 Private = 'false'
             /usr/lib/dotnet/packs/Microsoft.NETCore.App.Ref/8.0.25/ref/net8.0/System.Xml.dll
                 Private = 'false'
             /usr/lib/dotnet/packs/Microsoft.NETCore.App.Ref/8.0.25/ref/net8.0/System.dll
                 Private = 'false'
             /usr/lib/dotnet/packs/Microsoft.NETCore.App.Ref/8.0.25/ref/net8.0/WindowsBase.dll
                 Private = 'false'
             /usr/lib/dotnet/packs/Microsoft.NETCore.App.Ref/8.0.25/ref/net8.0/mscorlib.dll
                 Private = 'false'
             /usr/lib/dotnet/packs/Microsoft.NETCore.App.Ref/8.0.25/ref/net8.0/netstandard.dll
                 Private = 'false'
         AssemblyFiles:
         CandidateAssemblyFiles:
         TargetFrameworkDirectories:
             
         NonCultureResourceDirectories:
             
         InstalledAssemblyTables:
         IgnoreInstalledAssemblyTable:
             False
         SearchPaths:
             {CandidateAssemblyFiles}
             {HintPathFromItem}
             {TargetFrameworkDirectory}
             {RawFileName}
         AllowedAssemblyExtensions:
             .winmd
             .dll
             .exe
         AllowedRelatedFileExtensions:
             .pdb
             .xml
             .pri
             .dll.config
             .exe.config
         AppConfigFile:
             
         AutoUnify:
             True
         EnableCustomCulture:
             False
         EnableCustomCulture:
             False
         CopyLocalDependenciesWhenParentReferenceInGac:
             True
         FindDependencies:
             True
         TargetProcessorArchitecture:
             msil
         StateFile:
             obj/Debug/net8.0/Cadastro.Domain.csproj.AssemblyReference.cache
         InstalledAssemblySubsetTables:
         IgnoreInstalledAssemblySubsetTable:
             False
         TargetFrameworkSubsets:
         FullTargetFrameworkSubsetNames:
             Full
         ProfileName:
             
         FullFrameworkFolders:
         LatestTargetFrameworkDirectories:
         ProfileTablesLocation:
         Primary reference "Microsoft.CSharp, Version=8.0.0.0, Culture=neutral, PublicKeyToken=b03f5f7f11d50a3a".
             Resolved file path is "/usr/lib/dotnet/packs/Microsoft.NETCore.App.Ref/8.0.25/ref/net8.0/Microsoft.CSharp.dll".
             Reference found at search path location "{RawFileName}".
             This reference is not "CopyLocal" because at least one source item had "Private" set to "false" and no source items had "Private" set to "true".
             The ImageRuntimeVersion for this reference is "".
         Primary reference "Microsoft.VisualBasic.Core, Version=13.0.0.0, Culture=neutral, PublicKeyToken=b03f5f7f11d50a3a".
             Resolved file path is "/usr/lib/dotnet/packs/Microsoft.NETCore.App.Ref/8.0.25/ref/net8.0/Microsoft.VisualBasic.Core.dll".
             Reference found at search path location "{RawFileName}".
             This reference is not "CopyLocal" because at least one source item had "Private" set to "false" and no source items had "Private" set to "true".
             The ImageRuntimeVersion for this reference is "".
         Primary reference "Microsoft.VisualBasic, Version=10.0.0.0, Culture=neutral, PublicKeyToken=b03f5f7f11d50a3a".
             Resolved file path is "/usr/lib/dotnet/packs/Microsoft.NETCore.App.Ref/8.0.25/ref/net8.0/Microsoft.VisualBasic.dll".
             Reference found at search path location "{RawFileName}".
             This reference is not "CopyLocal" because at least one source item had "Private" set to "false" and no source items had "Private" set to "true".
             The ImageRuntimeVersion for this reference is "".
         Primary reference "Microsoft.Win32.Primitives, Version=8.0.0.0, Culture=neutral, PublicKeyToken=b03f5f7f11d50a3a".
             Resolved file path is "/usr/lib/dotnet/packs/Microsoft.NETCore.App.Ref/8.0.25/ref/net8.0/Microsoft.Win32.Primitives.dll".
             Reference found at search path location "{RawFileName}".
             This reference is not "CopyLocal" because at least one source item had "Private" set to "false" and no source items had "Private" set to "true".
             The ImageRuntimeVersion for this reference is "".
         Primary reference "Microsoft.Win32.Registry, Version=8.0.0.0, Culture=neutral, PublicKeyToken=b03f5f7f11d50a3a".
             Resolved file path is "/usr/lib/dotnet/packs/Microsoft.NETCore.App.Ref/8.0.25/ref/net8.0/Microsoft.Win32.Registry.dll".
             Reference found at search path location "{RawFileName}".
             This reference is not "CopyLocal" because at least one source item had "Private" set to "false" and no source items had "Private" set to "true".
             The ImageRuntimeVersion for this reference is "".
         Primary reference "System.AppContext, Version=8.0.0.0, Culture=neutral, PublicKeyToken=b03f5f7f11d50a3a".
             Resolved file path is "/usr/lib/dotnet/packs/Microsoft.NETCore.App.Ref/8.0.25/ref/net8.0/System.AppContext.dll".
             Reference found at search path location "{RawFileName}".
             This reference is not "CopyLocal" because at least one source item had "Private" set to "false" and no source items had "Private" set to "true".
             The ImageRuntimeVersion for this reference is "".
         Primary reference "System.Buffers, Version=8.0.0.0, Culture=neutral, PublicKeyToken=cc7b13ffcd2ddd51".
             Resolved file path is "/usr/lib/dotnet/packs/Microsoft.NETCore.App.Ref/8.0.25/ref/net8.0/System.Buffers.dll".
             Reference found at search path location "{RawFileName}".
             This reference is not "CopyLocal" because at least one source item had "Private" set to "false" and no source items had "Private" set to "true".
             The ImageRuntimeVersion for this reference is "".
         Primary reference "System.Collections.Concurrent, Version=8.0.0.0, Culture=neutral, PublicKeyToken=b03f5f7f11d50a3a".
             Resolved file path is "/usr/lib/dotnet/packs/Microsoft.NETCore.App.Ref/8.0.25/ref/net8.0/System.Collections.Concurrent.dll".
             Reference found at search path location "{RawFileName}".
             This reference is not "CopyLocal" because at least one source item had "Private" set to "false" and no source items had "Private" set to "true".
             The ImageRuntimeVersion for this reference is "".
         Primary reference "System.Collections.Immutable, Version=8.0.0.0, Culture=neutral, PublicKeyToken=b03f5f7f11d50a3a".
             Resolved file path is "/usr/lib/dotnet/packs/Microsoft.NETCore.App.Ref/8.0.25/ref/net8.0/System.Collections.Immutable.dll".
             Reference found at search path location "{RawFileName}".
             This reference is not "CopyLocal" because at least one source item had "Private" set to "false" and no source items had "Private" set to "true".
             The ImageRuntimeVersion for this reference is "".
         Primary reference "System.Collections.NonGeneric, Version=8.0.0.0, Culture=neutral, PublicKeyToken=b03f5f7f11d50a3a".
             Resolved file path is "/usr/lib/dotnet/packs/Microsoft.NETCore.App.Ref/8.0.25/ref/net8.0/System.Collections.NonGeneric.dll".
             Reference found at search path location "{RawFileName}".
             This reference is not "CopyLocal" because at least one source item had "Private" set to "false" and no source items had "Private" set to "true".
             The ImageRuntimeVersion for this reference is "".
         Primary reference "System.Collections.Specialized, Version=8.0.0.0, Culture=neutral, PublicKeyToken=b03f5f7f11d50a3a".
             Resolved file path is "/usr/lib/dotnet/packs/Microsoft.NETCore.App.Ref/8.0.25/ref/net8.0/System.Collections.Specialized.dll".
             Reference found at search path location "{RawFileName}".
             This reference is not "CopyLocal" because at least one source item had "Private" set to "false" and no source items had "Private" set to "true".
             The ImageRuntimeVersion for this reference is "".
         Primary reference "System.Collections, Version=8.0.0.0, Culture=neutral, PublicKeyToken=b03f5f7f11d50a3a".
             Resolved file path is "/usr/lib/dotnet/packs/Microsoft.NETCore.App.Ref/8.0.25/ref/net8.0/System.Collections.dll".
             Reference found at search path location "{RawFileName}".
             This reference is not "CopyLocal" because at least one source item had "Private" set to "false" and no source items had "Private" set to "true".
             The ImageRuntimeVersion for this reference is "".
         Primary reference "System.ComponentModel.Annotations, Version=8.0.0.0, Culture=neutral, PublicKeyToken=b03f5f7f11d50a3a".
             Resolved file path is "/usr/lib/dotnet/packs/Microsoft.NETCore.App.Ref/8.0.25/ref/net8.0/System.ComponentModel.Annotations.dll".
             Reference found at search path location "{RawFileName}".
             This reference is not "CopyLocal" because at least one source item had "Private" set to "false" and no source items had "Private" set to "true".
             The ImageRuntimeVersion for this reference is "".
         Primary reference "System.ComponentModel.DataAnnotations, Version=4.0.0.0, Culture=neutral, PublicKeyToken=31bf3856ad364e35".
             Resolved file path is "/usr/lib/dotnet/packs/Microsoft.NETCore.App.Ref/8.0.25/ref/net8.0/System.ComponentModel.DataAnnotations.dll".
             Reference found at search path location "{RawFileName}".
             This reference is not "CopyLocal" because at least one source item had "Private" set to "false" and no source items had "Private" set to "true".
             The ImageRuntimeVersion for this reference is "".
         Primary reference "System.ComponentModel.EventBasedAsync, Version=8.0.0.0, Culture=neutral, PublicKeyToken=b03f5f7f11d50a3a".
             Resolved file path is "/usr/lib/dotnet/packs/Microsoft.NETCore.App.Ref/8.0.25/ref/net8.0/System.ComponentModel.EventBasedAsync.dll".
             Reference found at search path location "{RawFileName}".
             This reference is not "CopyLocal" because at least one source item had "Private" set to "false" and no source items had "Private" set to "true".
             The ImageRuntimeVersion for this reference is "".
         Primary reference "System.ComponentModel.Primitives, Version=8.0.0.0, Culture=neutral, PublicKeyToken=b03f5f7f11d50a3a".
             Resolved file path is "/usr/lib/dotnet/packs/Microsoft.NETCore.App.Ref/8.0.25/ref/net8.0/System.ComponentModel.Primitives.dll".
             Reference found at search path location "{RawFileName}".
             This reference is not "CopyLocal" because at least one source item had "Private" set to "false" and no source items had "Private" set to "true".
             The ImageRuntimeVersion for this reference is "".
         Primary reference "System.ComponentModel.TypeConverter, Version=8.0.0.0, Culture=neutral, PublicKeyToken=b03f5f7f11d50a3a".
             Resolved file path is "/usr/lib/dotnet/packs/Microsoft.NETCore.App.Ref/8.0.25/ref/net8.0/System.ComponentModel.TypeConverter.dll".
             Reference found at search path location "{RawFileName}".
             This reference is not "CopyLocal" because at least one source item had "Private" set to "false" and no source items had "Private" set to "true".
             The ImageRuntimeVersion for this reference is "".
         Primary reference "System.ComponentModel, Version=8.0.0.0, Culture=neutral, PublicKeyToken=b03f5f7f11d50a3a".
             Resolved file path is "/usr/lib/dotnet/packs/Microsoft.NETCore.App.Ref/8.0.25/ref/net8.0/System.ComponentModel.dll".
             Reference found at search path location "{RawFileName}".
             This reference is not "CopyLocal" because at least one source item had "Private" set to "false" and no source items had "Private" set to "true".
             The ImageRuntimeVersion for this reference is "".
         Primary reference "System.Configuration, Version=4.0.0.0, Culture=neutral, PublicKeyToken=b03f5f7f11d50a3a".
             Resolved file path is "/usr/lib/dotnet/packs/Microsoft.NETCore.App.Ref/8.0.25/ref/net8.0/System.Configuration.dll".
             Reference found at search path location "{RawFileName}".
             This reference is not "CopyLocal" because at least one source item had "Private" set to "false" and no source items had "Private" set to "true".
             The ImageRuntimeVersion for this reference is "".
         Primary reference "System.Console, Version=8.0.0.0, Culture=neutral, PublicKeyToken=b03f5f7f11d50a3a".
             Resolved file path is "/usr/lib/dotnet/packs/Microsoft.NETCore.App.Ref/8.0.25/ref/net8.0/System.Console.dll".
             Reference found at search path location "{RawFileName}".
             This reference is not "CopyLocal" because at least one source item had "Private" set to "false" and no source items had "Private" set to "true".
             The ImageRuntimeVersion for this reference is "".
         Primary reference "System.Core, Version=4.0.0.0, Culture=neutral, PublicKeyToken=b77a5c561934e089".
             Resolved file path is "/usr/lib/dotnet/packs/Microsoft.NETCore.App.Ref/8.0.25/ref/net8.0/System.Core.dll".
             Reference found at search path location "{RawFileName}".
             This reference is not "CopyLocal" because at least one source item had "Private" set to "false" and no source items had "Private" set to "true".
             The ImageRuntimeVersion for this reference is "".
         Primary reference "System.Data.Common, Version=8.0.0.0, Culture=neutral, PublicKeyToken=b03f5f7f11d50a3a".
             Resolved file path is "/usr/lib/dotnet/packs/Microsoft.NETCore.App.Ref/8.0.25/ref/net8.0/System.Data.Common.dll".
             Reference found at search path location "{RawFileName}".
             This reference is not "CopyLocal" because at least one source item had "Private" set to "false" and no source items had "Private" set to "true".
             The ImageRuntimeVersion for this reference is "".
         Primary reference "System.Data.DataSetExtensions, Version=8.0.0.0, Culture=neutral, PublicKeyToken=b77a5c561934e089".
             Resolved file path is "/usr/lib/dotnet/packs/Microsoft.NETCore.App.Ref/8.0.25/ref/net8.0/System.Data.DataSetExtensions.dll".
             Reference found at search path location "{RawFileName}".
             This reference is not "CopyLocal" because at least one source item had "Private" set to "false" and no source items had "Private" set to "true".
             The ImageRuntimeVersion for this reference is "".
         Primary reference "System.Data, Version=4.0.0.0, Culture=neutral, PublicKeyToken=b77a5c561934e089".
             Resolved file path is "/usr/lib/dotnet/packs/Microsoft.NETCore.App.Ref/8.0.25/ref/net8.0/System.Data.dll".
             Reference found at search path location "{RawFileName}".
             This reference is not "CopyLocal" because at least one source item had "Private" set to "false" and no source items had "Private" set to "true".
             The ImageRuntimeVersion for this reference is "".
         Primary reference "System.Diagnostics.Contracts, Version=8.0.0.0, Culture=neutral, PublicKeyToken=b03f5f7f11d50a3a".
             Resolved file path is "/usr/lib/dotnet/packs/Microsoft.NETCore.App.Ref/8.0.25/ref/net8.0/System.Diagnostics.Contracts.dll".
             Reference found at search path location "{RawFileName}".
             This reference is not "CopyLocal" because at least one source item had "Private" set to "false" and no source items had "Private" set to "true".
             The ImageRuntimeVersion for this reference is "".
         Primary reference "System.Diagnostics.Debug, Version=8.0.0.0, Culture=neutral, PublicKeyToken=b03f5f7f11d50a3a".
             Resolved file path is "/usr/lib/dotnet/packs/Microsoft.NETCore.App.Ref/8.0.25/ref/net8.0/System.Diagnostics.Debug.dll".
             Reference found at search path location "{RawFileName}".
             This reference is not "CopyLocal" because at least one source item had "Private" set to "false" and no source items had "Private" set to "true".
             The ImageRuntimeVersion for this reference is "".
         Primary reference "System.Diagnostics.DiagnosticSource, Version=8.0.0.0, Culture=neutral, PublicKeyToken=cc7b13ffcd2ddd51".
             Resolved file path is "/usr/lib/dotnet/packs/Microsoft.NETCore.App.Ref/8.0.25/ref/net8.0/System.Diagnostics.DiagnosticSource.dll".
             Reference found at search path location "{RawFileName}".
             This reference is not "CopyLocal" because at least one source item had "Private" set to "false" and no source items had "Private" set to "true".
             The ImageRuntimeVersion for this reference is "".
         Primary reference "System.Diagnostics.FileVersionInfo, Version=8.0.0.0, Culture=neutral, PublicKeyToken=b03f5f7f11d50a3a".
             Resolved file path is "/usr/lib/dotnet/packs/Microsoft.NETCore.App.Ref/8.0.25/ref/net8.0/System.Diagnostics.FileVersionInfo.dll".
             Reference found at search path location "{RawFileName}".
             This reference is not "CopyLocal" because at least one source item had "Private" set to "false" and no source items had "Private" set to "true".
             The ImageRuntimeVersion for this reference is "".
         Primary reference "System.Diagnostics.Process, Version=8.0.0.0, Culture=neutral, PublicKeyToken=b03f5f7f11d50a3a".
             Resolved file path is "/usr/lib/dotnet/packs/Microsoft.NETCore.App.Ref/8.0.25/ref/net8.0/System.Diagnostics.Process.dll".
             Reference found at search path location "{RawFileName}".
             This reference is not "CopyLocal" because at least one source item had "Private" set to "false" and no source items had "Private" set to "true".
             The ImageRuntimeVersion for this reference is "".
         Primary reference "System.Diagnostics.StackTrace, Version=8.0.0.0, Culture=neutral, PublicKeyToken=b03f5f7f11d50a3a".
             Resolved file path is "/usr/lib/dotnet/packs/Microsoft.NETCore.App.Ref/8.0.25/ref/net8.0/System.Diagnostics.StackTrace.dll".
             Reference found at search path location "{RawFileName}".
             This reference is not "CopyLocal" because at least one source item had "Private" set to "false" and no source items had "Private" set to "true".
             The ImageRuntimeVersion for this reference is "".
         Primary reference "System.Diagnostics.TextWriterTraceListener, Version=8.0.0.0, Culture=neutral, PublicKeyToken=b03f5f7f11d50a3a".
             Resolved file path is "/usr/lib/dotnet/packs/Microsoft.NETCore.App.Ref/8.0.25/ref/net8.0/System.Diagnostics.TextWriterTraceListener.dll".
             Reference found at search path location "{RawFileName}".
             This reference is not "CopyLocal" because at least one source item had "Private" set to "false" and no source items had "Private" set to "true".
             The ImageRuntimeVersion for this reference is "".
         Primary reference "System.Diagnostics.Tools, Version=8.0.0.0, Culture=neutral, PublicKeyToken=b03f5f7f11d50a3a".
             Resolved file path is "/usr/lib/dotnet/packs/Microsoft.NETCore.App.Ref/8.0.25/ref/net8.0/System.Diagnostics.Tools.dll".
             Reference found at search path location "{RawFileName}".
             This reference is not "CopyLocal" because at least one source item had "Private" set to "false" and no source items had "Private" set to "true".
             The ImageRuntimeVersion for this reference is "".
         Primary reference "System.Diagnostics.TraceSource, Version=8.0.0.0, Culture=neutral, PublicKeyToken=b03f5f7f11d50a3a".
             Resolved file path is "/usr/lib/dotnet/packs/Microsoft.NETCore.App.Ref/8.0.25/ref/net8.0/System.Diagnostics.TraceSource.dll".
             Reference found at search path location "{RawFileName}".
             This reference is not "CopyLocal" because at least one source item had "Private" set to "false" and no source items had "Private" set to "true".
             The ImageRuntimeVersion for this reference is "".
         Primary reference "System.Diagnostics.Tracing, Version=8.0.0.0, Culture=neutral, PublicKeyToken=b03f5f7f11d50a3a".
             Resolved file path is "/usr/lib/dotnet/packs/Microsoft.NETCore.App.Ref/8.0.25/ref/net8.0/System.Diagnostics.Tracing.dll".
             Reference found at search path location "{RawFileName}".
             This reference is not "CopyLocal" because at least one source item had "Private" set to "false" and no source items had "Private" set to "true".
             The ImageRuntimeVersion for this reference is "".
         Primary reference "System.Drawing.Primitives, Version=8.0.0.0, Culture=neutral, PublicKeyToken=b03f5f7f11d50a3a".
             Resolved file path is "/usr/lib/dotnet/packs/Microsoft.NETCore.App.Ref/8.0.25/ref/net8.0/System.Drawing.Primitives.dll".
             Reference found at search path location "{RawFileName}".
             This reference is not "CopyLocal" because at least one source item had "Private" set to "false" and no source items had "Private" set to "true".
             The ImageRuntimeVersion for this reference is "".
         Primary reference "System.Drawing, Version=4.0.0.0, Culture=neutral, PublicKeyToken=b03f5f7f11d50a3a".
             Resolved file path is "/usr/lib/dotnet/packs/Microsoft.NETCore.App.Ref/8.0.25/ref/net8.0/System.Drawing.dll".
             Reference found at search path location "{RawFileName}".
             This reference is not "CopyLocal" because at least one source item had "Private" set to "false" and no source items had "Private" set to "true".
             The ImageRuntimeVersion for this reference is "".
         Primary reference "System.Dynamic.Runtime, Version=8.0.0.0, Culture=neutral, PublicKeyToken=b03f5f7f11d50a3a".
             Resolved file path is "/usr/lib/dotnet/packs/Microsoft.NETCore.App.Ref/8.0.25/ref/net8.0/System.Dynamic.Runtime.dll".
             Reference found at search path location "{RawFileName}".
             This reference is not "CopyLocal" because at least one source item had "Private" set to "false" and no source items had "Private" set to "true".
             The ImageRuntimeVersion for this reference is "".
         Primary reference "System.Formats.Asn1, Version=8.0.0.0, Culture=neutral, PublicKeyToken=cc7b13ffcd2ddd51".
             Resolved file path is "/usr/lib/dotnet/packs/Microsoft.NETCore.App.Ref/8.0.25/ref/net8.0/System.Formats.Asn1.dll".
             Reference found at search path location "{RawFileName}".
             This reference is not "CopyLocal" because at least one source item had "Private" set to "false" and no source items had "Private" set to "true".
             The ImageRuntimeVersion for this reference is "".
         Primary reference "System.Formats.Tar, Version=8.0.0.0, Culture=neutral, PublicKeyToken=cc7b13ffcd2ddd51".
             Resolved file path is "/usr/lib/dotnet/packs/Microsoft.NETCore.App.Ref/8.0.25/ref/net8.0/System.Formats.Tar.dll".
             Reference found at search path location "{RawFileName}".
             This reference is not "CopyLocal" because at least one source item had "Private" set to "false" and no source items had "Private" set to "true".
             The ImageRuntimeVersion for this reference is "".
         Primary reference "System.Globalization.Calendars, Version=8.0.0.0, Culture=neutral, PublicKeyToken=b03f5f7f11d50a3a".
             Resolved file path is "/usr/lib/dotnet/packs/Microsoft.NETCore.App.Ref/8.0.25/ref/net8.0/System.Globalization.Calendars.dll".
             Reference found at search path location "{RawFileName}".
             This reference is not "CopyLocal" because at least one source item had "Private" set to "false" and no source items had "Private" set to "true".
             The ImageRuntimeVersion for this reference is "".
         Primary reference "System.Globalization.Extensions, Version=8.0.0.0, Culture=neutral, PublicKeyToken=b03f5f7f11d50a3a".
             Resolved file path is "/usr/lib/dotnet/packs/Microsoft.NETCore.App.Ref/8.0.25/ref/net8.0/System.Globalization.Extensions.dll".
             Reference found at search path location "{RawFileName}".
             This reference is not "CopyLocal" because at least one source item had "Private" set to "false" and no source items had "Private" set to "true".
             The ImageRuntimeVersion for this reference is "".
         Primary reference "System.Globalization, Version=8.0.0.0, Culture=neutral, PublicKeyToken=b03f5f7f11d50a3a".
             Resolved file path is "/usr/lib/dotnet/packs/Microsoft.NETCore.App.Ref/8.0.25/ref/net8.0/System.Globalization.dll".
             Reference found at search path location "{RawFileName}".
             This reference is not "CopyLocal" because at least one source item had "Private" set to "false" and no source items had "Private" set to "true".
             The ImageRuntimeVersion for this reference is "".
         Primary reference "System.IO.Compression.Brotli, Version=8.0.0.0, Culture=neutral, PublicKeyToken=b77a5c561934e089".
             Resolved file path is "/usr/lib/dotnet/packs/Microsoft.NETCore.App.Ref/8.0.25/ref/net8.0/System.IO.Compression.Brotli.dll".
             Reference found at search path location "{RawFileName}".
             This reference is not "CopyLocal" because at least one source item had "Private" set to "false" and no source items had "Private" set to "true".
             The ImageRuntimeVersion for this reference is "".
         Primary reference "System.IO.Compression.FileSystem, Version=4.0.0.0, Culture=neutral, PublicKeyToken=b77a5c561934e089".
             Resolved file path is "/usr/lib/dotnet/packs/Microsoft.NETCore.App.Ref/8.0.25/ref/net8.0/System.IO.Compression.FileSystem.dll".
             Reference found at search path location "{RawFileName}".
             This reference is not "CopyLocal" because at least one source item had "Private" set to "false" and no source items had "Private" set to "true".
             The ImageRuntimeVersion for this reference is "".
         Primary reference "System.IO.Compression.ZipFile, Version=8.0.0.0, Culture=neutral, PublicKeyToken=b77a5c561934e089".
             Resolved file path is "/usr/lib/dotnet/packs/Microsoft.NETCore.App.Ref/8.0.25/ref/net8.0/System.IO.Compression.ZipFile.dll".
             Reference found at search path location "{RawFileName}".
             This reference is not "CopyLocal" because at least one source item had "Private" set to "false" and no source items had "Private" set to "true".
             The ImageRuntimeVersion for this reference is "".
         Primary reference "System.IO.Compression, Version=8.0.0.0, Culture=neutral, PublicKeyToken=b77a5c561934e089".
             Resolved file path is "/usr/lib/dotnet/packs/Microsoft.NETCore.App.Ref/8.0.25/ref/net8.0/System.IO.Compression.dll".
             Reference found at search path location "{RawFileName}".
             This reference is not "CopyLocal" because at least one source item had "Private" set to "false" and no source items had "Private" set to "true".
             The ImageRuntimeVersion for this reference is "".
         Primary reference "System.IO.FileSystem.AccessControl, Version=8.0.0.0, Culture=neutral, PublicKeyToken=b03f5f7f11d50a3a".
             Resolved file path is "/usr/lib/dotnet/packs/Microsoft.NETCore.App.Ref/8.0.25/ref/net8.0/System.IO.FileSystem.AccessControl.dll".
             Reference found at search path location "{RawFileName}".
             This reference is not "CopyLocal" because at least one source item had "Private" set to "false" and no source items had "Private" set to "true".
             The ImageRuntimeVersion for this reference is "".
         Primary reference "System.IO.FileSystem.DriveInfo, Version=8.0.0.0, Culture=neutral, PublicKeyToken=b03f5f7f11d50a3a".
             Resolved file path is "/usr/lib/dotnet/packs/Microsoft.NETCore.App.Ref/8.0.25/ref/net8.0/System.IO.FileSystem.DriveInfo.dll".
             Reference found at search path location "{RawFileName}".
             This reference is not "CopyLocal" because at least one source item had "Private" set to "false" and no source items had "Private" set to "true".
             The ImageRuntimeVersion for this reference is "".
         Primary reference "System.IO.FileSystem.Primitives, Version=8.0.0.0, Culture=neutral, PublicKeyToken=b03f5f7f11d50a3a".
             Resolved file path is "/usr/lib/dotnet/packs/Microsoft.NETCore.App.Ref/8.0.25/ref/net8.0/System.IO.FileSystem.Primitives.dll".
             Reference found at search path location "{RawFileName}".
             This reference is not "CopyLocal" because at least one source item had "Private" set to "false" and no source items had "Private" set to "true".
             The ImageRuntimeVersion for this reference is "".
         Primary reference "System.IO.FileSystem.Watcher, Version=8.0.0.0, Culture=neutral, PublicKeyToken=b03f5f7f11d50a3a".
             Resolved file path is "/usr/lib/dotnet/packs/Microsoft.NETCore.App.Ref/8.0.25/ref/net8.0/System.IO.FileSystem.Watcher.dll".
             Reference found at search path location "{RawFileName}".
             This reference is not "CopyLocal" because at least one source item had "Private" set to "false" and no source items had "Private" set to "true".
             The ImageRuntimeVersion for this reference is "".
         Primary reference "System.IO.FileSystem, Version=8.0.0.0, Culture=neutral, PublicKeyToken=b03f5f7f11d50a3a".
             Resolved file path is "/usr/lib/dotnet/packs/Microsoft.NETCore.App.Ref/8.0.25/ref/net8.0/System.IO.FileSystem.dll".
             Reference found at search path location "{RawFileName}".
             This reference is not "CopyLocal" because at least one source item had "Private" set to "false" and no source items had "Private" set to "true".
             The ImageRuntimeVersion for this reference is "".
         Primary reference "System.IO.IsolatedStorage, Version=8.0.0.0, Culture=neutral, PublicKeyToken=b03f5f7f11d50a3a".
             Resolved file path is "/usr/lib/dotnet/packs/Microsoft.NETCore.App.Ref/8.0.25/ref/net8.0/System.IO.IsolatedStorage.dll".
             Reference found at search path location "{RawFileName}".
             This reference is not "CopyLocal" because at least one source item had "Private" set to "false" and no source items had "Private" set to "true".
             The ImageRuntimeVersion for this reference is "".
         Primary reference "System.IO.MemoryMappedFiles, Version=8.0.0.0, Culture=neutral, PublicKeyToken=b03f5f7f11d50a3a".
             Resolved file path is "/usr/lib/dotnet/packs/Microsoft.NETCore.App.Ref/8.0.25/ref/net8.0/System.IO.MemoryMappedFiles.dll".
             Reference found at search path location "{RawFileName}".
             This reference is not "CopyLocal" because at least one source item had "Private" set to "false" and no source items had "Private" set to "true".
             The ImageRuntimeVersion for this reference is "".
         Primary reference "System.IO.Pipes.AccessControl, Version=8.0.0.0, Culture=neutral, PublicKeyToken=b03f5f7f11d50a3a".
             Resolved file path is "/usr/lib/dotnet/packs/Microsoft.NETCore.App.Ref/8.0.25/ref/net8.0/System.IO.Pipes.AccessControl.dll".
             Reference found at search path location "{RawFileName}".
             This reference is not "CopyLocal" because at least one source item had "Private" set to "false" and no source items had "Private" set to "true".
             The ImageRuntimeVersion for this reference is "".
         Primary reference "System.IO.Pipes, Version=8.0.0.0, Culture=neutral, PublicKeyToken=b03f5f7f11d50a3a".
             Resolved file path is "/usr/lib/dotnet/packs/Microsoft.NETCore.App.Ref/8.0.25/ref/net8.0/System.IO.Pipes.dll".
             Reference found at search path location "{RawFileName}".
             This reference is not "CopyLocal" because at least one source item had "Private" set to "false" and no source items had "Private" set to "true".
             The ImageRuntimeVersion for this reference is "".
         Primary reference "System.IO.UnmanagedMemoryStream, Version=8.0.0.0, Culture=neutral, PublicKeyToken=b03f5f7f11d50a3a".
             Resolved file path is "/usr/lib/dotnet/packs/Microsoft.NETCore.App.Ref/8.0.25/ref/net8.0/System.IO.UnmanagedMemoryStream.dll".
             Reference found at search path location "{RawFileName}".
             This reference is not "CopyLocal" because at least one source item had "Private" set to "false" and no source items had "Private" set to "true".
             The ImageRuntimeVersion for this reference is "".
         Primary reference "System.IO, Version=8.0.0.0, Culture=neutral, PublicKeyToken=b03f5f7f11d50a3a".
             Resolved file path is "/usr/lib/dotnet/packs/Microsoft.NETCore.App.Ref/8.0.25/ref/net8.0/System.IO.dll".
             Reference found at search path location "{RawFileName}".
             This reference is not "CopyLocal" because at least one source item had "Private" set to "false" and no source items had "Private" set to "true".
             The ImageRuntimeVersion for this reference is "".
         Primary reference "System.Linq.Expressions, Version=8.0.0.0, Culture=neutral, PublicKeyToken=b03f5f7f11d50a3a".
             Resolved file path is "/usr/lib/dotnet/packs/Microsoft.NETCore.App.Ref/8.0.25/ref/net8.0/System.Linq.Expressions.dll".
             Reference found at search path location "{RawFileName}".
             This reference is not "CopyLocal" because at least one source item had "Private" set to "false" and no source items had "Private" set to "true".
             The ImageRuntimeVersion for this reference is "".
         Primary reference "System.Linq.Parallel, Version=8.0.0.0, Culture=neutral, PublicKeyToken=b03f5f7f11d50a3a".
             Resolved file path is "/usr/lib/dotnet/packs/Microsoft.NETCore.App.Ref/8.0.25/ref/net8.0/System.Linq.Parallel.dll".
             Reference found at search path location "{RawFileName}".
             This reference is not "CopyLocal" because at least one source item had "Private" set to "false" and no source items had "Private" set to "true".
             The ImageRuntimeVersion for this reference is "".
         Primary reference "System.Linq.Queryable, Version=8.0.0.0, Culture=neutral, PublicKeyToken=b03f5f7f11d50a3a".
             Resolved file path is "/usr/lib/dotnet/packs/Microsoft.NETCore.App.Ref/8.0.25/ref/net8.0/System.Linq.Queryable.dll".
             Reference found at search path location "{RawFileName}".
             This reference is not "CopyLocal" because at least one source item had "Private" set to "false" and no source items had "Private" set to "true".
             The ImageRuntimeVersion for this reference is "".
         Primary reference "System.Linq, Version=8.0.0.0, Culture=neutral, PublicKeyToken=b03f5f7f11d50a3a".
             Resolved file path is "/usr/lib/dotnet/packs/Microsoft.NETCore.App.Ref/8.0.25/ref/net8.0/System.Linq.dll".
             Reference found at search path location "{RawFileName}".
             This reference is not "CopyLocal" because at least one source item had "Private" set to "false" and no source items had "Private" set to "true".
             The ImageRuntimeVersion for this reference is "".
         Primary reference "System.Memory, Version=8.0.0.0, Culture=neutral, PublicKeyToken=cc7b13ffcd2ddd51".
             Resolved file path is "/usr/lib/dotnet/packs/Microsoft.NETCore.App.Ref/8.0.25/ref/net8.0/System.Memory.dll".
             Reference found at search path location "{RawFileName}".
             This reference is not "CopyLocal" because at least one source item had "Private" set to "false" and no source items had "Private" set to "true".
             The ImageRuntimeVersion for this reference is "".
         Primary reference "System.Net.Http.Json, Version=8.0.0.0, Culture=neutral, PublicKeyToken=cc7b13ffcd2ddd51".
             Resolved file path is "/usr/lib/dotnet/packs/Microsoft.NETCore.App.Ref/8.0.25/ref/net8.0/System.Net.Http.Json.dll".
             Reference found at search path location "{RawFileName}".
             This reference is not "CopyLocal" because at least one source item had "Private" set to "false" and no source items had "Private" set to "true".
             The ImageRuntimeVersion for this reference is "".
         Primary reference "System.Net.Http, Version=8.0.0.0, Culture=neutral, PublicKeyToken=b03f5f7f11d50a3a".
             Resolved file path is "/usr/lib/dotnet/packs/Microsoft.NETCore.App.Ref/8.0.25/ref/net8.0/System.Net.Http.dll".
             Reference found at search path location "{RawFileName}".
             This reference is not "CopyLocal" because at least one source item had "Private" set to "false" and no source items had "Private" set to "true".
             The ImageRuntimeVersion for this reference is "".
         Primary reference "System.Net.HttpListener, Version=8.0.0.0, Culture=neutral, PublicKeyToken=cc7b13ffcd2ddd51".
             Resolved file path is "/usr/lib/dotnet/packs/Microsoft.NETCore.App.Ref/8.0.25/ref/net8.0/System.Net.HttpListener.dll".
             Reference found at search path location "{RawFileName}".
             This reference is not "CopyLocal" because at least one source item had "Private" set to "false" and no source items had "Private" set to "true".
             The ImageRuntimeVersion for this reference is "".
         Primary reference "System.Net.Mail, Version=8.0.0.0, Culture=neutral, PublicKeyToken=cc7b13ffcd2ddd51".
             Resolved file path is "/usr/lib/dotnet/packs/Microsoft.NETCore.App.Ref/8.0.25/ref/net8.0/System.Net.Mail.dll".
             Reference found at search path location "{RawFileName}".
             This reference is not "CopyLocal" because at least one source item had "Private" set to "false" and no source items had "Private" set to "true".
             The ImageRuntimeVersion for this reference is "".
         Primary reference "System.Net.NameResolution, Version=8.0.0.0, Culture=neutral, PublicKeyToken=b03f5f7f11d50a3a".
             Resolved file path is "/usr/lib/dotnet/packs/Microsoft.NETCore.App.Ref/8.0.25/ref/net8.0/System.Net.NameResolution.dll".
             Reference found at search path location "{RawFileName}".
             This reference is not "CopyLocal" because at least one source item had "Private" set to "false" and no source items had "Private" set to "true".
             The ImageRuntimeVersion for this reference is "".
         Primary reference "System.Net.NetworkInformation, Version=8.0.0.0, Culture=neutral, PublicKeyToken=b03f5f7f11d50a3a".
             Resolved file path is "/usr/lib/dotnet/packs/Microsoft.NETCore.App.Ref/8.0.25/ref/net8.0/System.Net.NetworkInformation.dll".
             Reference found at search path location "{RawFileName}".
             This reference is not "CopyLocal" because at least one source item had "Private" set to "false" and no source items had "Private" set to "true".
             The ImageRuntimeVersion for this reference is "".
         Primary reference "System.Net.Ping, Version=8.0.0.0, Culture=neutral, PublicKeyToken=b03f5f7f11d50a3a".
             Resolved file path is "/usr/lib/dotnet/packs/Microsoft.NETCore.App.Ref/8.0.25/ref/net8.0/System.Net.Ping.dll".
             Reference found at search path location "{RawFileName}".
             This reference is not "CopyLocal" because at least one source item had "Private" set to "false" and no source items had "Private" set to "true".
             The ImageRuntimeVersion for this reference is "".
         Primary reference "System.Net.Primitives, Version=8.0.0.0, Culture=neutral, PublicKeyToken=b03f5f7f11d50a3a".
             Resolved file path is "/usr/lib/dotnet/packs/Microsoft.NETCore.App.Ref/8.0.25/ref/net8.0/System.Net.Primitives.dll".
             Reference found at search path location "{RawFileName}".
             This reference is not "CopyLocal" because at least one source item had "Private" set to "false" and no source items had "Private" set to "true".
             The ImageRuntimeVersion for this reference is "".
         Primary reference "System.Net.Quic, Version=8.0.0.0, Culture=neutral, PublicKeyToken=b03f5f7f11d50a3a".
             Resolved file path is "/usr/lib/dotnet/packs/Microsoft.NETCore.App.Ref/8.0.25/ref/net8.0/System.Net.Quic.dll".
             Reference found at search path location "{RawFileName}".
             This reference is not "CopyLocal" because at least one source item had "Private" set to "false" and no source items had "Private" set to "true".
             The ImageRuntimeVersion for this reference is "".
         Primary reference "System.Net.Requests, Version=8.0.0.0, Culture=neutral, PublicKeyToken=b03f5f7f11d50a3a".
             Resolved file path is "/usr/lib/dotnet/packs/Microsoft.NETCore.App.Ref/8.0.25/ref/net8.0/System.Net.Requests.dll".
             Reference found at search path location "{RawFileName}".
             This reference is not "CopyLocal" because at least one source item had "Private" set to "false" and no source items had "Private" set to "true".
             The ImageRuntimeVersion for this reference is "".
         Primary reference "System.Net.Security, Version=8.0.0.0, Culture=neutral, PublicKeyToken=b03f5f7f11d50a3a".
             Resolved file path is "/usr/lib/dotnet/packs/Microsoft.NETCore.App.Ref/8.0.25/ref/net8.0/System.Net.Security.dll".
             Reference found at search path location "{RawFileName}".
             This reference is not "CopyLocal" because at least one source item had "Private" set to "false" and no source items had "Private" set to "true".
             The ImageRuntimeVersion for this reference is "".
         Primary reference "System.Net.ServicePoint, Version=8.0.0.0, Culture=neutral, PublicKeyToken=cc7b13ffcd2ddd51".
             Resolved file path is "/usr/lib/dotnet/packs/Microsoft.NETCore.App.Ref/8.0.25/ref/net8.0/System.Net.ServicePoint.dll".
             Reference found at search path location "{RawFileName}".
             This reference is not "CopyLocal" because at least one source item had "Private" set to "false" and no source items had "Private" set to "true".
             The ImageRuntimeVersion for this reference is "".
         Primary reference "System.Net.Sockets, Version=8.0.0.0, Culture=neutral, PublicKeyToken=b03f5f7f11d50a3a".
             Resolved file path is "/usr/lib/dotnet/packs/Microsoft.NETCore.App.Ref/8.0.25/ref/net8.0/System.Net.Sockets.dll".
             Reference found at search path location "{RawFileName}".
             This reference is not "CopyLocal" because at least one source item had "Private" set to "false" and no source items had "Private" set to "true".
             The ImageRuntimeVersion for this reference is "".
         Primary reference "System.Net.WebClient, Version=8.0.0.0, Culture=neutral, PublicKeyToken=cc7b13ffcd2ddd51".
             Resolved file path is "/usr/lib/dotnet/packs/Microsoft.NETCore.App.Ref/8.0.25/ref/net8.0/System.Net.WebClient.dll".
             Reference found at search path location "{RawFileName}".
             This reference is not "CopyLocal" because at least one source item had "Private" set to "false" and no source items had "Private" set to "true".
             The ImageRuntimeVersion for this reference is "".
         Primary reference "System.Net.WebHeaderCollection, Version=8.0.0.0, Culture=neutral, PublicKeyToken=b03f5f7f11d50a3a".
             Resolved file path is "/usr/lib/dotnet/packs/Microsoft.NETCore.App.Ref/8.0.25/ref/net8.0/System.Net.WebHeaderCollection.dll".
             Reference found at search path location "{RawFileName}".
             This reference is not "CopyLocal" because at least one source item had "Private" set to "false" and no source items had "Private" set to "true".
             The ImageRuntimeVersion for this reference is "".
         Primary reference "System.Net.WebProxy, Version=8.0.0.0, Culture=neutral, PublicKeyToken=cc7b13ffcd2ddd51".
             Resolved file path is "/usr/lib/dotnet/packs/Microsoft.NETCore.App.Ref/8.0.25/ref/net8.0/System.Net.WebProxy.dll".
             Reference found at search path location "{RawFileName}".
             This reference is not "CopyLocal" because at least one source item had "Private" set to "false" and no source items had "Private" set to "true".
             The ImageRuntimeVersion for this reference is "".
         Primary reference "System.Net.WebSockets.Client, Version=8.0.0.0, Culture=neutral, PublicKeyToken=b03f5f7f11d50a3a".
             Resolved file path is "/usr/lib/dotnet/packs/Microsoft.NETCore.App.Ref/8.0.25/ref/net8.0/System.Net.WebSockets.Client.dll".
             Reference found at search path location "{RawFileName}".
             This reference is not "CopyLocal" because at least one source item had "Private" set to "false" and no source items had "Private" set to "true".
             The ImageRuntimeVersion for this reference is "".
         Primary reference "System.Net.WebSockets, Version=8.0.0.0, Culture=neutral, PublicKeyToken=b03f5f7f11d50a3a".
             Resolved file path is "/usr/lib/dotnet/packs/Microsoft.NETCore.App.Ref/8.0.25/ref/net8.0/System.Net.WebSockets.dll".
             Reference found at search path location "{RawFileName}".
             This reference is not "CopyLocal" because at least one source item had "Private" set to "false" and no source items had "Private" set to "true".
             The ImageRuntimeVersion for this reference is "".
         Primary reference "System.Net, Version=4.0.0.0, Culture=neutral, PublicKeyToken=b03f5f7f11d50a3a".
             Resolved file path is "/usr/lib/dotnet/packs/Microsoft.NETCore.App.Ref/8.0.25/ref/net8.0/System.Net.dll".
             Reference found at search path location "{RawFileName}".
             This reference is not "CopyLocal" because at least one source item had "Private" set to "false" and no source items had "Private" set to "true".
             The ImageRuntimeVersion for this reference is "".
         Primary reference "System.Numerics.Vectors, Version=8.0.0.0, Culture=neutral, PublicKeyToken=b03f5f7f11d50a3a".
             Resolved file path is "/usr/lib/dotnet/packs/Microsoft.NETCore.App.Ref/8.0.25/ref/net8.0/System.Numerics.Vectors.dll".
             Reference found at search path location "{RawFileName}".
             This reference is not "CopyLocal" because at least one source item had "Private" set to "false" and no source items had "Private" set to "true".
             The ImageRuntimeVersion for this reference is "".
         Primary reference "System.Numerics, Version=4.0.0.0, Culture=neutral, PublicKeyToken=b77a5c561934e089".
             Resolved file path is "/usr/lib/dotnet/packs/Microsoft.NETCore.App.Ref/8.0.25/ref/net8.0/System.Numerics.dll".
             Reference found at search path location "{RawFileName}".
             This reference is not "CopyLocal" because at least one source item had "Private" set to "false" and no source items had "Private" set to "true".
             The ImageRuntimeVersion for this reference is "".
         Primary reference "System.ObjectModel, Version=8.0.0.0, Culture=neutral, PublicKeyToken=b03f5f7f11d50a3a".
             Resolved file path is "/usr/lib/dotnet/packs/Microsoft.NETCore.App.Ref/8.0.25/ref/net8.0/System.ObjectModel.dll".
             Reference found at search path location "{RawFileName}".
             This reference is not "CopyLocal" because at least one source item had "Private" set to "false" and no source items had "Private" set to "true".
             The ImageRuntimeVersion for this reference is "".
         Primary reference "System.Reflection.DispatchProxy, Version=8.0.0.0, Culture=neutral, PublicKeyToken=b03f5f7f11d50a3a".
             Resolved file path is "/usr/lib/dotnet/packs/Microsoft.NETCore.App.Ref/8.0.25/ref/net8.0/System.Reflection.DispatchProxy.dll".
             Reference found at search path location "{RawFileName}".
             This reference is not "CopyLocal" because at least one source item had "Private" set to "false" and no source items had "Private" set to "true".
             The ImageRuntimeVersion for this reference is "".
         Primary reference "System.Reflection.Emit.ILGeneration, Version=8.0.0.0, Culture=neutral, PublicKeyToken=b03f5f7f11d50a3a".
             Resolved file path is "/usr/lib/dotnet/packs/Microsoft.NETCore.App.Ref/8.0.25/ref/net8.0/System.Reflection.Emit.ILGeneration.dll".
             Reference found at search path location "{RawFileName}".
             This reference is not "CopyLocal" because at least one source item had "Private" set to "false" and no source items had "Private" set to "true".
             The ImageRuntimeVersion for this reference is "".
         Primary reference "System.Reflection.Emit.Lightweight, Version=8.0.0.0, Culture=neutral, PublicKeyToken=b03f5f7f11d50a3a".
             Resolved file path is "/usr/lib/dotnet/packs/Microsoft.NETCore.App.Ref/8.0.25/ref/net8.0/System.Reflection.Emit.Lightweight.dll".
             Reference found at search path location "{RawFileName}".
             This reference is not "CopyLocal" because at least one source item had "Private" set to "false" and no source items had "Private" set to "true".
             The ImageRuntimeVersion for this reference is "".
         Primary reference "System.Reflection.Emit, Version=8.0.0.0, Culture=neutral, PublicKeyToken=b03f5f7f11d50a3a".
             Resolved file path is "/usr/lib/dotnet/packs/Microsoft.NETCore.App.Ref/8.0.25/ref/net8.0/System.Reflection.Emit.dll".
             Reference found at search path location "{RawFileName}".
             This reference is not "CopyLocal" because at least one source item had "Private" set to "false" and no source items had "Private" set to "true".
             The ImageRuntimeVersion for this reference is "".
         Primary reference "System.Reflection.Extensions, Version=8.0.0.0, Culture=neutral, PublicKeyToken=b03f5f7f11d50a3a".
             Resolved file path is "/usr/lib/dotnet/packs/Microsoft.NETCore.App.Ref/8.0.25/ref/net8.0/System.Reflection.Extensions.dll".
             Reference found at search path location "{RawFileName}".
             This reference is not "CopyLocal" because at least one source item had "Private" set to "false" and no source items had "Private" set to "true".
             The ImageRuntimeVersion for this reference is "".
         Primary reference "System.Reflection.Metadata, Version=8.0.0.0, Culture=neutral, PublicKeyToken=b03f5f7f11d50a3a".
             Resolved file path is "/usr/lib/dotnet/packs/Microsoft.NETCore.App.Ref/8.0.25/ref/net8.0/System.Reflection.Metadata.dll".
             Reference found at search path location "{RawFileName}".
             This reference is not "CopyLocal" because at least one source item had "Private" set to "false" and no source items had "Private" set to "true".
             The ImageRuntimeVersion for this reference is "".
         Primary reference "System.Reflection.Primitives, Version=8.0.0.0, Culture=neutral, PublicKeyToken=b03f5f7f11d50a3a".
             Resolved file path is "/usr/lib/dotnet/packs/Microsoft.NETCore.App.Ref/8.0.25/ref/net8.0/System.Reflection.Primitives.dll".
             Reference found at search path location "{RawFileName}".
             This reference is not "CopyLocal" because at least one source item had "Private" set to "false" and no source items had "Private" set to "true".
             The ImageRuntimeVersion for this reference is "".
         Primary reference "System.Reflection.TypeExtensions, Version=8.0.0.0, Culture=neutral, PublicKeyToken=b03f5f7f11d50a3a".
             Resolved file path is "/usr/lib/dotnet/packs/Microsoft.NETCore.App.Ref/8.0.25/ref/net8.0/System.Reflection.TypeExtensions.dll".
             Reference found at search path location "{RawFileName}".
             This reference is not "CopyLocal" because at least one source item had "Private" set to "false" and no source items had "Private" set to "true".
             The ImageRuntimeVersion for this reference is "".
         Primary reference "System.Reflection, Version=8.0.0.0, Culture=neutral, PublicKeyToken=b03f5f7f11d50a3a".
             Resolved file path is "/usr/lib/dotnet/packs/Microsoft.NETCore.App.Ref/8.0.25/ref/net8.0/System.Reflection.dll".
             Reference found at search path location "{RawFileName}".
             This reference is not "CopyLocal" because at least one source item had "Private" set to "false" and no source items had "Private" set to "true".
             The ImageRuntimeVersion for this reference is "".
         Primary reference "System.Resources.Reader, Version=8.0.0.0, Culture=neutral, PublicKeyToken=b03f5f7f11d50a3a".
             Resolved file path is "/usr/lib/dotnet/packs/Microsoft.NETCore.App.Ref/8.0.25/ref/net8.0/System.Resources.Reader.dll".
             Reference found at search path location "{RawFileName}".
             This reference is not "CopyLocal" because at least one source item had "Private" set to "false" and no source items had "Private" set to "true".
             The ImageRuntimeVersion for this reference is "".
         Primary reference "System.Resources.ResourceManager, Version=8.0.0.0, Culture=neutral, PublicKeyToken=b03f5f7f11d50a3a".
             Resolved file path is "/usr/lib/dotnet/packs/Microsoft.NETCore.App.Ref/8.0.25/ref/net8.0/System.Resources.ResourceManager.dll".
             Reference found at search path location "{RawFileName}".
             This reference is not "CopyLocal" because at least one source item had "Private" set to "false" and no source items had "Private" set to "true".
             The ImageRuntimeVersion for this reference is "".
         Primary reference "System.Resources.Writer, Version=8.0.0.0, Culture=neutral, PublicKeyToken=b03f5f7f11d50a3a".
             Resolved file path is "/usr/lib/dotnet/packs/Microsoft.NETCore.App.Ref/8.0.25/ref/net8.0/System.Resources.Writer.dll".
             Reference found at search path location "{RawFileName}".
             This reference is not "CopyLocal" because at least one source item had "Private" set to "false" and no source items had "Private" set to "true".
             The ImageRuntimeVersion for this reference is "".
         Primary reference "System.Runtime.CompilerServices.Unsafe, Version=8.0.0.0, Culture=neutral, PublicKeyToken=b03f5f7f11d50a3a".
             Resolved file path is "/usr/lib/dotnet/packs/Microsoft.NETCore.App.Ref/8.0.25/ref/net8.0/System.Runtime.CompilerServices.Unsafe.dll".
             Reference found at search path location "{RawFileName}".
             This reference is not "CopyLocal" because at least one source item had "Private" set to "false" and no source items had "Private" set to "true".
             The ImageRuntimeVersion for this reference is "".
         Primary reference "System.Runtime.CompilerServices.VisualC, Version=8.0.0.0, Culture=neutral, PublicKeyToken=b03f5f7f11d50a3a".
             Resolved file path is "/usr/lib/dotnet/packs/Microsoft.NETCore.App.Ref/8.0.25/ref/net8.0/System.Runtime.CompilerServices.VisualC.dll".
             Reference found at search path location "{RawFileName}".
             This reference is not "CopyLocal" because at least one source item had "Private" set to "false" and no source items had "Private" set to "true".
             The ImageRuntimeVersion for this reference is "".
         Primary reference "System.Runtime.Extensions, Version=8.0.0.0, Culture=neutral, PublicKeyToken=b03f5f7f11d50a3a".
             Resolved file path is "/usr/lib/dotnet/packs/Microsoft.NETCore.App.Ref/8.0.25/ref/net8.0/System.Runtime.Extensions.dll".
             Reference found at search path location "{RawFileName}".
             This reference is not "CopyLocal" because at least one source item had "Private" set to "false" and no source items had "Private" set to "true".
             The ImageRuntimeVersion for this reference is "".
         Primary reference "System.Runtime.Handles, Version=8.0.0.0, Culture=neutral, PublicKeyToken=b03f5f7f11d50a3a".
             Resolved file path is "/usr/lib/dotnet/packs/Microsoft.NETCore.App.Ref/8.0.25/ref/net8.0/System.Runtime.Handles.dll".
             Reference found at search path location "{RawFileName}".
             This reference is not "CopyLocal" because at least one source item had "Private" set to "false" and no source items had "Private" set to "true".
             The ImageRuntimeVersion for this reference is "".
         Primary reference "System.Runtime.InteropServices.JavaScript, Version=8.0.0.0, Culture=neutral, PublicKeyToken=b03f5f7f11d50a3a".
             Resolved file path is "/usr/lib/dotnet/packs/Microsoft.NETCore.App.Ref/8.0.25/ref/net8.0/System.Runtime.InteropServices.JavaScript.dll".
             Reference found at search path location "{RawFileName}".
             This reference is not "CopyLocal" because at least one source item had "Private" set to "false" and no source items had "Private" set to "true".
             The ImageRuntimeVersion for this reference is "".
         Primary reference "System.Runtime.InteropServices.RuntimeInformation, Version=8.0.0.0, Culture=neutral, PublicKeyToken=b03f5f7f11d50a3a".
             Resolved file path is "/usr/lib/dotnet/packs/Microsoft.NETCore.App.Ref/8.0.25/ref/net8.0/System.Runtime.InteropServices.RuntimeInformation.dll".
             Reference found at search path location "{RawFileName}".
             This reference is not "CopyLocal" because at least one source item had "Private" set to "false" and no source items had "Private" set to "true".
             The ImageRuntimeVersion for this reference is "".
         Primary reference "System.Runtime.InteropServices, Version=8.0.0.0, Culture=neutral, PublicKeyToken=b03f5f7f11d50a3a".
             Resolved file path is "/usr/lib/dotnet/packs/Microsoft.NETCore.App.Ref/8.0.25/ref/net8.0/System.Runtime.InteropServices.dll".
             Reference found at search path location "{RawFileName}".
             This reference is not "CopyLocal" because at least one source item had "Private" set to "false" and no source items had "Private" set to "true".
             The ImageRuntimeVersion for this reference is "".
         Primary reference "System.Runtime.Intrinsics, Version=8.0.0.0, Culture=neutral, PublicKeyToken=cc7b13ffcd2ddd51".
             Resolved file path is "/usr/lib/dotnet/packs/Microsoft.NETCore.App.Ref/8.0.25/ref/net8.0/System.Runtime.Intrinsics.dll".
             Reference found at search path location "{RawFileName}".
             This reference is not "CopyLocal" because at least one source item had "Private" set to "false" and no source items had "Private" set to "true".
             The ImageRuntimeVersion for this reference is "".
         Primary reference "System.Runtime.Loader, Version=8.0.0.0, Culture=neutral, PublicKeyToken=b03f5f7f11d50a3a".
             Resolved file path is "/usr/lib/dotnet/packs/Microsoft.NETCore.App.Ref/8.0.25/ref/net8.0/System.Runtime.Loader.dll".
             Reference found at search path location "{RawFileName}".
             This reference is not "CopyLocal" because at least one source item had "Private" set to "false" and no source items had "Private" set to "true".
             The ImageRuntimeVersion for this reference is "".
         Primary reference "System.Runtime.Numerics, Version=8.0.0.0, Culture=neutral, PublicKeyToken=b03f5f7f11d50a3a".
             Resolved file path is "/usr/lib/dotnet/packs/Microsoft.NETCore.App.Ref/8.0.25/ref/net8.0/System.Runtime.Numerics.dll".
             Reference found at search path location "{RawFileName}".
             This reference is not "CopyLocal" because at least one source item had "Private" set to "false" and no source items had "Private" set to "true".
             The ImageRuntimeVersion for this reference is "".
         Primary reference "System.Runtime.Serialization.Formatters, Version=8.0.0.0, Culture=neutral, PublicKeyToken=b03f5f7f11d50a3a".
             Resolved file path is "/usr/lib/dotnet/packs/Microsoft.NETCore.App.Ref/8.0.25/ref/net8.0/System.Runtime.Serialization.Formatters.dll".
             Reference found at search path location "{RawFileName}".
             This reference is not "CopyLocal" because at least one source item had "Private" set to "false" and no source items had "Private" set to "true".
             The ImageRuntimeVersion for this reference is "".
         Primary reference "System.Runtime.Serialization.Json, Version=8.0.0.0, Culture=neutral, PublicKeyToken=b03f5f7f11d50a3a".
             Resolved file path is "/usr/lib/dotnet/packs/Microsoft.NETCore.App.Ref/8.0.25/ref/net8.0/System.Runtime.Serialization.Json.dll".
             Reference found at search path location "{RawFileName}".
             This reference is not "CopyLocal" because at least one source item had "Private" set to "false" and no source items had "Private" set to "true".
             The ImageRuntimeVersion for this reference is "".
         Primary reference "System.Runtime.Serialization.Primitives, Version=8.0.0.0, Culture=neutral, PublicKeyToken=b03f5f7f11d50a3a".
             Resolved file path is "/usr/lib/dotnet/packs/Microsoft.NETCore.App.Ref/8.0.25/ref/net8.0/System.Runtime.Serialization.Primitives.dll".
             Reference found at search path location "{RawFileName}".
             This reference is not "CopyLocal" because at least one source item had "Private" set to "false" and no source items had "Private" set to "true".
             The ImageRuntimeVersion for this reference is "".
         Primary reference "System.Runtime.Serialization.Xml, Version=8.0.0.0, Culture=neutral, PublicKeyToken=b03f5f7f11d50a3a".
             Resolved file path is "/usr/lib/dotnet/packs/Microsoft.NETCore.App.Ref/8.0.25/ref/net8.0/System.Runtime.Serialization.Xml.dll".
             Reference found at search path location "{RawFileName}".
             This reference is not "CopyLocal" because at least one source item had "Private" set to "false" and no source items had "Private" set to "true".
             The ImageRuntimeVersion for this reference is "".
         Primary reference "System.Runtime.Serialization, Version=4.0.0.0, Culture=neutral, PublicKeyToken=b77a5c561934e089".
             Resolved file path is "/usr/lib/dotnet/packs/Microsoft.NETCore.App.Ref/8.0.25/ref/net8.0/System.Runtime.Serialization.dll".
             Reference found at search path location "{RawFileName}".
             This reference is not "CopyLocal" because at least one source item had "Private" set to "false" and no source items had "Private" set to "true".
             The ImageRuntimeVersion for this reference is "".
         Primary reference "System.Runtime, Version=8.0.0.0, Culture=neutral, PublicKeyToken=b03f5f7f11d50a3a".
             Resolved file path is "/usr/lib/dotnet/packs/Microsoft.NETCore.App.Ref/8.0.25/ref/net8.0/System.Runtime.dll".
             Reference found at search path location "{RawFileName}".
             This reference is not "CopyLocal" because at least one source item had "Private" set to "false" and no source items had "Private" set to "true".
             The ImageRuntimeVersion for this reference is "".
         Primary reference "System.Security.AccessControl, Version=8.0.0.0, Culture=neutral, PublicKeyToken=b03f5f7f11d50a3a".
             Resolved file path is "/usr/lib/dotnet/packs/Microsoft.NETCore.App.Ref/8.0.25/ref/net8.0/System.Security.AccessControl.dll".
             Reference found at search path location "{RawFileName}".
             This reference is not "CopyLocal" because at least one source item had "Private" set to "false" and no source items had "Private" set to "true".
             The ImageRuntimeVersion for this reference is "".
         Primary reference "System.Security.Claims, Version=8.0.0.0, Culture=neutral, PublicKeyToken=b03f5f7f11d50a3a".
             Resolved file path is "/usr/lib/dotnet/packs/Microsoft.NETCore.App.Ref/8.0.25/ref/net8.0/System.Security.Claims.dll".
             Reference found at search path location "{RawFileName}".
             This reference is not "CopyLocal" because at least one source item had "Private" set to "false" and no source items had "Private" set to "true".
             The ImageRuntimeVersion for this reference is "".
         Primary reference "System.Security.Cryptography.Algorithms, Version=8.0.0.0, Culture=neutral, PublicKeyToken=b03f5f7f11d50a3a".
             Resolved file path is "/usr/lib/dotnet/packs/Microsoft.NETCore.App.Ref/8.0.25/ref/net8.0/System.Security.Cryptography.Algorithms.dll".
             Reference found at search path location "{RawFileName}".
             This reference is not "CopyLocal" because at least one source item had "Private" set to "false" and no source items had "Private" set to "true".
             The ImageRuntimeVersion for this reference is "".
         Primary reference "System.Security.Cryptography.Cng, Version=8.0.0.0, Culture=neutral, PublicKeyToken=b03f5f7f11d50a3a".
             Resolved file path is "/usr/lib/dotnet/packs/Microsoft.NETCore.App.Ref/8.0.25/ref/net8.0/System.Security.Cryptography.Cng.dll".
             Reference found at search path location "{RawFileName}".
             This reference is not "CopyLocal" because at least one source item had "Private" set to "false" and no source items had "Private" set to "true".
             The ImageRuntimeVersion for this reference is "".
         Primary reference "System.Security.Cryptography.Csp, Version=8.0.0.0, Culture=neutral, PublicKeyToken=b03f5f7f11d50a3a".
             Resolved file path is "/usr/lib/dotnet/packs/Microsoft.NETCore.App.Ref/8.0.25/ref/net8.0/System.Security.Cryptography.Csp.dll".
             Reference found at search path location "{RawFileName}".
             This reference is not "CopyLocal" because at least one source item had "Private" set to "false" and no source items had "Private" set to "true".
             The ImageRuntimeVersion for this reference is "".
         Primary reference "System.Security.Cryptography.Encoding, Version=8.0.0.0, Culture=neutral, PublicKeyToken=b03f5f7f11d50a3a".
             Resolved file path is "/usr/lib/dotnet/packs/Microsoft.NETCore.App.Ref/8.0.25/ref/net8.0/System.Security.Cryptography.Encoding.dll".
             Reference found at search path location "{RawFileName}".
             This reference is not "CopyLocal" because at least one source item had "Private" set to "false" and no source items had "Private" set to "true".
             The ImageRuntimeVersion for this reference is "".
         Primary reference "System.Security.Cryptography.OpenSsl, Version=8.0.0.0, Culture=neutral, PublicKeyToken=b03f5f7f11d50a3a".
             Resolved file path is "/usr/lib/dotnet/packs/Microsoft.NETCore.App.Ref/8.0.25/ref/net8.0/System.Security.Cryptography.OpenSsl.dll".
             Reference found at search path location "{RawFileName}".
             This reference is not "CopyLocal" because at least one source item had "Private" set to "false" and no source items had "Private" set to "true".
             The ImageRuntimeVersion for this reference is "".
         Primary reference "System.Security.Cryptography.Primitives, Version=8.0.0.0, Culture=neutral, PublicKeyToken=b03f5f7f11d50a3a".
             Resolved file path is "/usr/lib/dotnet/packs/Microsoft.NETCore.App.Ref/8.0.25/ref/net8.0/System.Security.Cryptography.Primitives.dll".
             Reference found at search path location "{RawFileName}".
             This reference is not "CopyLocal" because at least one source item had "Private" set to "false" and no source items had "Private" set to "true".
             The ImageRuntimeVersion for this reference is "".
         Primary reference "System.Security.Cryptography.X509Certificates, Version=8.0.0.0, Culture=neutral, PublicKeyToken=b03f5f7f11d50a3a".
             Resolved file path is "/usr/lib/dotnet/packs/Microsoft.NETCore.App.Ref/8.0.25/ref/net8.0/System.Security.Cryptography.X509Certificates.dll".
             Reference found at search path location "{RawFileName}".
             This reference is not "CopyLocal" because at least one source item had "Private" set to "false" and no source items had "Private" set to "true".
             The ImageRuntimeVersion for this reference is "".
         Primary reference "System.Security.Cryptography, Version=8.0.0.0, Culture=neutral, PublicKeyToken=b03f5f7f11d50a3a".
             Resolved file path is "/usr/lib/dotnet/packs/Microsoft.NETCore.App.Ref/8.0.25/ref/net8.0/System.Security.Cryptography.dll".
             Reference found at search path location "{RawFileName}".
             This reference is not "CopyLocal" because at least one source item had "Private" set to "false" and no source items had "Private" set to "true".
             The ImageRuntimeVersion for this reference is "".
         Primary reference "System.Security.Principal.Windows, Version=8.0.0.0, Culture=neutral, PublicKeyToken=b03f5f7f11d50a3a".
             Resolved file path is "/usr/lib/dotnet/packs/Microsoft.NETCore.App.Ref/8.0.25/ref/net8.0/System.Security.Principal.Windows.dll".
             Reference found at search path location "{RawFileName}".
             This reference is not "CopyLocal" because at least one source item had "Private" set to "false" and no source items had "Private" set to "true".
             The ImageRuntimeVersion for this reference is "".
         Primary reference "System.Security.Principal, Version=8.0.0.0, Culture=neutral, PublicKeyToken=b03f5f7f11d50a3a".
             Resolved file path is "/usr/lib/dotnet/packs/Microsoft.NETCore.App.Ref/8.0.25/ref/net8.0/System.Security.Principal.dll".
             Reference found at search path location "{RawFileName}".
             This reference is not "CopyLocal" because at least one source item had "Private" set to "false" and no source items had "Private" set to "true".
             The ImageRuntimeVersion for this reference is "".
         Primary reference "System.Security.SecureString, Version=8.0.0.0, Culture=neutral, PublicKeyToken=b03f5f7f11d50a3a".
             Resolved file path is "/usr/lib/dotnet/packs/Microsoft.NETCore.App.Ref/8.0.25/ref/net8.0/System.Security.SecureString.dll".
             Reference found at search path location "{RawFileName}".
             This reference is not "CopyLocal" because at least one source item had "Private" set to "false" and no source items had "Private" set to "true".
             The ImageRuntimeVersion for this reference is "".
         Primary reference "System.Security, Version=4.0.0.0, Culture=neutral, PublicKeyToken=b03f5f7f11d50a3a".
             Resolved file path is "/usr/lib/dotnet/packs/Microsoft.NETCore.App.Ref/8.0.25/ref/net8.0/System.Security.dll".
             Reference found at search path location "{RawFileName}".
             This reference is not "CopyLocal" because at least one source item had "Private" set to "false" and no source items had "Private" set to "true".
             The ImageRuntimeVersion for this reference is "".
         Primary reference "System.ServiceModel.Web, Version=4.0.0.0, Culture=neutral, PublicKeyToken=31bf3856ad364e35".
             Resolved file path is "/usr/lib/dotnet/packs/Microsoft.NETCore.App.Ref/8.0.25/ref/net8.0/System.ServiceModel.Web.dll".
             Reference found at search path location "{RawFileName}".
             This reference is not "CopyLocal" because at least one source item had "Private" set to "false" and no source items had "Private" set to "true".
             The ImageRuntimeVersion for this reference is "".
         Primary reference "System.ServiceProcess, Version=4.0.0.0, Culture=neutral, PublicKeyToken=b03f5f7f11d50a3a".
             Resolved file path is "/usr/lib/dotnet/packs/Microsoft.NETCore.App.Ref/8.0.25/ref/net8.0/System.ServiceProcess.dll".
             Reference found at search path location "{RawFileName}".
             This reference is not "CopyLocal" because at least one source item had "Private" set to "false" and no source items had "Private" set to "true".
             The ImageRuntimeVersion for this reference is "".
         Primary reference "System.Text.Encoding.CodePages, Version=8.0.0.0, Culture=neutral, PublicKeyToken=b03f5f7f11d50a3a".
             Resolved file path is "/usr/lib/dotnet/packs/Microsoft.NETCore.App.Ref/8.0.25/ref/net8.0/System.Text.Encoding.CodePages.dll".
             Reference found at search path location "{RawFileName}".
             This reference is not "CopyLocal" because at least one source item had "Private" set to "false" and no source items had "Private" set to "true".
             The ImageRuntimeVersion for this reference is "".
         Primary reference "System.Text.Encoding.Extensions, Version=8.0.0.0, Culture=neutral, PublicKeyToken=b03f5f7f11d50a3a".
             Resolved file path is "/usr/lib/dotnet/packs/Microsoft.NETCore.App.Ref/8.0.25/ref/net8.0/System.Text.Encoding.Extensions.dll".
             Reference found at search path location "{RawFileName}".
             This reference is not "CopyLocal" because at least one source item had "Private" set to "false" and no source items had "Private" set to "true".
             The ImageRuntimeVersion for this reference is "".
         Primary reference "System.Text.Encoding, Version=8.0.0.0, Culture=neutral, PublicKeyToken=b03f5f7f11d50a3a".
             Resolved file path is "/usr/lib/dotnet/packs/Microsoft.NETCore.App.Ref/8.0.25/ref/net8.0/System.Text.Encoding.dll".
             Reference found at search path location "{RawFileName}".
             This reference is not "CopyLocal" because at least one source item had "Private" set to "false" and no source items had "Private" set to "true".
             The ImageRuntimeVersion for this reference is "".
         Primary reference "System.Text.Encodings.Web, Version=8.0.0.0, Culture=neutral, PublicKeyToken=cc7b13ffcd2ddd51".
             Resolved file path is "/usr/lib/dotnet/packs/Microsoft.NETCore.App.Ref/8.0.25/ref/net8.0/System.Text.Encodings.Web.dll".
             Reference found at search path location "{RawFileName}".
             This reference is not "CopyLocal" because at least one source item had "Private" set to "false" and no source items had "Private" set to "true".
             The ImageRuntimeVersion for this reference is "".
         Primary reference "System.Text.Json, Version=8.0.0.0, Culture=neutral, PublicKeyToken=cc7b13ffcd2ddd51".
             Resolved file path is "/usr/lib/dotnet/packs/Microsoft.NETCore.App.Ref/8.0.25/ref/net8.0/System.Text.Json.dll".
             Reference found at search path location "{RawFileName}".
             This reference is not "CopyLocal" because at least one source item had "Private" set to "false" and no source items had "Private" set to "true".
             The ImageRuntimeVersion for this reference is "".
         Primary reference "System.Text.RegularExpressions, Version=8.0.0.0, Culture=neutral, PublicKeyToken=b03f5f7f11d50a3a".
             Resolved file path is "/usr/lib/dotnet/packs/Microsoft.NETCore.App.Ref/8.0.25/ref/net8.0/System.Text.RegularExpressions.dll".
             Reference found at search path location "{RawFileName}".
             This reference is not "CopyLocal" because at least one source item had "Private" set to "false" and no source items had "Private" set to "true".
             The ImageRuntimeVersion for this reference is "".
         Primary reference "System.Threading.Channels, Version=8.0.0.0, Culture=neutral, PublicKeyToken=cc7b13ffcd2ddd51".
             Resolved file path is "/usr/lib/dotnet/packs/Microsoft.NETCore.App.Ref/8.0.25/ref/net8.0/System.Threading.Channels.dll".
             Reference found at search path location "{RawFileName}".
             This reference is not "CopyLocal" because at least one source item had "Private" set to "false" and no source items had "Private" set to "true".
             The ImageRuntimeVersion for this reference is "".
         Primary reference "System.Threading.Overlapped, Version=8.0.0.0, Culture=neutral, PublicKeyToken=b03f5f7f11d50a3a".
             Resolved file path is "/usr/lib/dotnet/packs/Microsoft.NETCore.App.Ref/8.0.25/ref/net8.0/System.Threading.Overlapped.dll".
             Reference found at search path location "{RawFileName}".
             This reference is not "CopyLocal" because at least one source item had "Private" set to "false" and no source items had "Private" set to "true".
             The ImageRuntimeVersion for this reference is "".
         Primary reference "System.Threading.Tasks.Dataflow, Version=8.0.0.0, Culture=neutral, PublicKeyToken=b03f5f7f11d50a3a".
             Resolved file path is "/usr/lib/dotnet/packs/Microsoft.NETCore.App.Ref/8.0.25/ref/net8.0/System.Threading.Tasks.Dataflow.dll".
             Reference found at search path location "{RawFileName}".
             This reference is not "CopyLocal" because at least one source item had "Private" set to "false" and no source items had "Private" set to "true".
             The ImageRuntimeVersion for this reference is "".
         Primary reference "System.Threading.Tasks.Extensions, Version=8.0.0.0, Culture=neutral, PublicKeyToken=cc7b13ffcd2ddd51".
             Resolved file path is "/usr/lib/dotnet/packs/Microsoft.NETCore.App.Ref/8.0.25/ref/net8.0/System.Threading.Tasks.Extensions.dll".
             Reference found at search path location "{RawFileName}".
             This reference is not "CopyLocal" because at least one source item had "Private" set to "false" and no source items had "Private" set to "true".
             The ImageRuntimeVersion for this reference is "".
         Primary reference "System.Threading.Tasks.Parallel, Version=8.0.0.0, Culture=neutral, PublicKeyToken=b03f5f7f11d50a3a".
             Resolved file path is "/usr/lib/dotnet/packs/Microsoft.NETCore.App.Ref/8.0.25/ref/net8.0/System.Threading.Tasks.Parallel.dll".
             Reference found at search path location "{RawFileName}".
             This reference is not "CopyLocal" because at least one source item had "Private" set to "false" and no source items had "Private" set to "true".
             The ImageRuntimeVersion for this reference is "".
         Primary reference "System.Threading.Tasks, Version=8.0.0.0, Culture=neutral, PublicKeyToken=b03f5f7f11d50a3a".
             Resolved file path is "/usr/lib/dotnet/packs/Microsoft.NETCore.App.Ref/8.0.25/ref/net8.0/System.Threading.Tasks.dll".
             Reference found at search path location "{RawFileName}".
             This reference is not "CopyLocal" because at least one source item had "Private" set to "false" and no source items had "Private" set to "true".
             The ImageRuntimeVersion for this reference is "".
         Primary reference "System.Threading.Thread, Version=8.0.0.0, Culture=neutral, PublicKeyToken=b03f5f7f11d50a3a".
             Resolved file path is "/usr/lib/dotnet/packs/Microsoft.NETCore.App.Ref/8.0.25/ref/net8.0/System.Threading.Thread.dll".
             Reference found at search path location "{RawFileName}".
             This reference is not "CopyLocal" because at least one source item had "Private" set to "false" and no source items had "Private" set to "true".
             The ImageRuntimeVersion for this reference is "".
         Primary reference "System.Threading.ThreadPool, Version=8.0.0.0, Culture=neutral, PublicKeyToken=b03f5f7f11d50a3a".
             Resolved file path is "/usr/lib/dotnet/packs/Microsoft.NETCore.App.Ref/8.0.25/ref/net8.0/System.Threading.ThreadPool.dll".
             Reference found at search path location "{RawFileName}".
             This reference is not "CopyLocal" because at least one source item had "Private" set to "false" and no source items had "Private" set to "true".
             The ImageRuntimeVersion for this reference is "".
         Primary reference "System.Threading.Timer, Version=8.0.0.0, Culture=neutral, PublicKeyToken=b03f5f7f11d50a3a".
             Resolved file path is "/usr/lib/dotnet/packs/Microsoft.NETCore.App.Ref/8.0.25/ref/net8.0/System.Threading.Timer.dll".
             Reference found at search path location "{RawFileName}".
             This reference is not "CopyLocal" because at least one source item had "Private" set to "false" and no source items had "Private" set to "true".
             The ImageRuntimeVersion for this reference is "".
         Primary reference "System.Threading, Version=8.0.0.0, Culture=neutral, PublicKeyToken=b03f5f7f11d50a3a".
             Resolved file path is "/usr/lib/dotnet/packs/Microsoft.NETCore.App.Ref/8.0.25/ref/net8.0/System.Threading.dll".
             Reference found at search path location "{RawFileName}".
             This reference is not "CopyLocal" because at least one source item had "Private" set to "false" and no source items had "Private" set to "true".
             The ImageRuntimeVersion for this reference is "".
         Primary reference "System.Transactions.Local, Version=8.0.0.0, Culture=neutral, PublicKeyToken=cc7b13ffcd2ddd51".
             Resolved file path is "/usr/lib/dotnet/packs/Microsoft.NETCore.App.Ref/8.0.25/ref/net8.0/System.Transactions.Local.dll".
             Reference found at search path location "{RawFileName}".
             This reference is not "CopyLocal" because at least one source item had "Private" set to "false" and no source items had "Private" set to "true".
             The ImageRuntimeVersion for this reference is "".
         Primary reference "System.Transactions, Version=4.0.0.0, Culture=neutral, PublicKeyToken=b77a5c561934e089".
             Resolved file path is "/usr/lib/dotnet/packs/Microsoft.NETCore.App.Ref/8.0.25/ref/net8.0/System.Transactions.dll".
             Reference found at search path location "{RawFileName}".
             This reference is not "CopyLocal" because at least one source item had "Private" set to "false" and no source items had "Private" set to "true".
             The ImageRuntimeVersion for this reference is "".
         Primary reference "System.ValueTuple, Version=8.0.0.0, Culture=neutral, PublicKeyToken=cc7b13ffcd2ddd51".
             Resolved file path is "/usr/lib/dotnet/packs/Microsoft.NETCore.App.Ref/8.0.25/ref/net8.0/System.ValueTuple.dll".
             Reference found at search path location "{RawFileName}".
             This reference is not "CopyLocal" because at least one source item had "Private" set to "false" and no source items had "Private" set to "true".
             The ImageRuntimeVersion for this reference is "".
         Primary reference "System.Web.HttpUtility, Version=8.0.0.0, Culture=neutral, PublicKeyToken=cc7b13ffcd2ddd51".
             Resolved file path is "/usr/lib/dotnet/packs/Microsoft.NETCore.App.Ref/8.0.25/ref/net8.0/System.Web.HttpUtility.dll".
             Reference found at search path location "{RawFileName}".
             This reference is not "CopyLocal" because at least one source item had "Private" set to "false" and no source items had "Private" set to "true".
             The ImageRuntimeVersion for this reference is "".
         Primary reference "System.Web, Version=4.0.0.0, Culture=neutral, PublicKeyToken=b03f5f7f11d50a3a".
             Resolved file path is "/usr/lib/dotnet/packs/Microsoft.NETCore.App.Ref/8.0.25/ref/net8.0/System.Web.dll".
             Reference found at search path location "{RawFileName}".
             This reference is not "CopyLocal" because at least one source item had "Private" set to "false" and no source items had "Private" set to "true".
             The ImageRuntimeVersion for this reference is "".
         Primary reference "System.Windows, Version=4.0.0.0, Culture=neutral, PublicKeyToken=b03f5f7f11d50a3a".
             Resolved file path is "/usr/lib/dotnet/packs/Microsoft.NETCore.App.Ref/8.0.25/ref/net8.0/System.Windows.dll".
             Reference found at search path location "{RawFileName}".
             This reference is not "CopyLocal" because at least one source item had "Private" set to "false" and no source items had "Private" set to "true".
             The ImageRuntimeVersion for this reference is "".
         Primary reference "System.Xml.Linq, Version=4.0.0.0, Culture=neutral, PublicKeyToken=b77a5c561934e089".
             Resolved file path is "/usr/lib/dotnet/packs/Microsoft.NETCore.App.Ref/8.0.25/ref/net8.0/System.Xml.Linq.dll".
             Reference found at search path location "{RawFileName}".
             This reference is not "CopyLocal" because at least one source item had "Private" set to "false" and no source items had "Private" set to "true".
             The ImageRuntimeVersion for this reference is "".
         Primary reference "System.Xml.ReaderWriter, Version=8.0.0.0, Culture=neutral, PublicKeyToken=b03f5f7f11d50a3a".
             Resolved file path is "/usr/lib/dotnet/packs/Microsoft.NETCore.App.Ref/8.0.25/ref/net8.0/System.Xml.ReaderWriter.dll".
             Reference found at search path location "{RawFileName}".
             This reference is not "CopyLocal" because at least one source item had "Private" set to "false" and no source items had "Private" set to "true".
             The ImageRuntimeVersion for this reference is "".
         Primary reference "System.Xml.Serialization, Version=4.0.0.0, Culture=neutral, PublicKeyToken=b77a5c561934e089".
             Resolved file path is "/usr/lib/dotnet/packs/Microsoft.NETCore.App.Ref/8.0.25/ref/net8.0/System.Xml.Serialization.dll".
             Reference found at search path location "{RawFileName}".
             This reference is not "CopyLocal" because at least one source item had "Private" set to "false" and no source items had "Private" set to "true".
             The ImageRuntimeVersion for this reference is "".
         Primary reference "System.Xml.XDocument, Version=8.0.0.0, Culture=neutral, PublicKeyToken=b03f5f7f11d50a3a".
             Resolved file path is "/usr/lib/dotnet/packs/Microsoft.NETCore.App.Ref/8.0.25/ref/net8.0/System.Xml.XDocument.dll".
             Reference found at search path location "{RawFileName}".
             This reference is not "CopyLocal" because at least one source item had "Private" set to "false" and no source items had "Private" set to "true".
             The ImageRuntimeVersion for this reference is "".
         Primary reference "System.Xml.XPath.XDocument, Version=8.0.0.0, Culture=neutral, PublicKeyToken=b03f5f7f11d50a3a".
             Resolved file path is "/usr/lib/dotnet/packs/Microsoft.NETCore.App.Ref/8.0.25/ref/net8.0/System.Xml.XPath.XDocument.dll".
             Reference found at search path location "{RawFileName}".
             This reference is not "CopyLocal" because at least one source item had "Private" set to "false" and no source items had "Private" set to "true".
             The ImageRuntimeVersion for this reference is "".
         Primary reference "System.Xml.XPath, Version=8.0.0.0, Culture=neutral, PublicKeyToken=b03f5f7f11d50a3a".
             Resolved file path is "/usr/lib/dotnet/packs/Microsoft.NETCore.App.Ref/8.0.25/ref/net8.0/System.Xml.XPath.dll".
             Reference found at search path location "{RawFileName}".
             This reference is not "CopyLocal" because at least one source item had "Private" set to "false" and no source items had "Private" set to "true".
             The ImageRuntimeVersion for this reference is "".
         Primary reference "System.Xml.XmlDocument, Version=8.0.0.0, Culture=neutral, PublicKeyToken=b03f5f7f11d50a3a".
             Resolved file path is "/usr/lib/dotnet/packs/Microsoft.NETCore.App.Ref/8.0.25/ref/net8.0/System.Xml.XmlDocument.dll".
             Reference found at search path location "{RawFileName}".
             This reference is not "CopyLocal" because at least one source item had "Private" set to "false" and no source items had "Private" set to "true".
             The ImageRuntimeVersion for this reference is "".
         Primary reference "System.Xml.XmlSerializer, Version=8.0.0.0, Culture=neutral, PublicKeyToken=b03f5f7f11d50a3a".
             Resolved file path is "/usr/lib/dotnet/packs/Microsoft.NETCore.App.Ref/8.0.25/ref/net8.0/System.Xml.XmlSerializer.dll".
             Reference found at search path location "{RawFileName}".
             This reference is not "CopyLocal" because at least one source item had "Private" set to "false" and no source items had "Private" set to "true".
             The ImageRuntimeVersion for this reference is "".
         Primary reference "System.Xml, Version=4.0.0.0, Culture=neutral, PublicKeyToken=b77a5c561934e089".
             Resolved file path is "/usr/lib/dotnet/packs/Microsoft.NETCore.App.Ref/8.0.25/ref/net8.0/System.Xml.dll".
             Reference found at search path location "{RawFileName}".
             This reference is not "CopyLocal" because at least one source item had "Private" set to "false" and no source items had "Private" set to "true".
             The ImageRuntimeVersion for this reference is "".
         Primary reference "System, Version=4.0.0.0, Culture=neutral, PublicKeyToken=b77a5c561934e089".
             Resolved file path is "/usr/lib/dotnet/packs/Microsoft.NETCore.App.Ref/8.0.25/ref/net8.0/System.dll".
             Reference found at search path location "{RawFileName}".
             This reference is not "CopyLocal" because at least one source item had "Private" set to "false" and no source items had "Private" set to "true".
             The ImageRuntimeVersion for this reference is "".
         Primary reference "WindowsBase, Version=4.0.0.0, Culture=neutral, PublicKeyToken=31bf3856ad364e35".
             Resolved file path is "/usr/lib/dotnet/packs/Microsoft.NETCore.App.Ref/8.0.25/ref/net8.0/WindowsBase.dll".
             Reference found at search path location "{RawFileName}".
             This reference is not "CopyLocal" because at least one source item had "Private" set to "false" and no source items had "Private" set to "true".
             The ImageRuntimeVersion for this reference is "".
         Primary reference "mscorlib, Version=4.0.0.0, Culture=neutral, PublicKeyToken=b77a5c561934e089".
             Resolved file path is "/usr/lib/dotnet/packs/Microsoft.NETCore.App.Ref/8.0.25/ref/net8.0/mscorlib.dll".
             Reference found at search path location "{RawFileName}".
             This reference is not "CopyLocal" because at least one source item had "Private" set to "false" and no source items had "Private" set to "true".
             The ImageRuntimeVersion for this reference is "".
         Primary reference "netstandard, Version=2.1.0.0, Culture=neutral, PublicKeyToken=cc7b13ffcd2ddd51".
             Resolved file path is "/usr/lib/dotnet/packs/Microsoft.NETCore.App.Ref/8.0.25/ref/net8.0/netstandard.dll".
             Reference found at search path location "{RawFileName}".
             This reference is not "CopyLocal" because at least one source item had "Private" set to "false" and no source items had "Private" set to "true".
             The ImageRuntimeVersion for this reference is "".
       Done executing task "ResolveAssemblyReference".
   2:6>Done building target "ResolveAssemblyReferences" in project "Cadastro.Domain.csproj".
   2:6>Target "AfterResolveReferences" in file "/usr/lib/dotnet/sdk/10.0.104/Microsoft.Common.CurrentVersion.targets" from project "/home/tsgomes/mcad/services/cadastro-api/3-Domain/Cadastro.Domain/Cadastro.Domain.csproj" (target "ResolveReferences" depends on it):
   2:6>Done building target "AfterResolveReferences" in project "Cadastro.Domain.csproj".
   2:6>Target "ResolveReferences" in file "/usr/lib/dotnet/sdk/10.0.104/Microsoft.Common.CurrentVersion.targets" from project "/home/tsgomes/mcad/services/cadastro-api/3-Domain/Cadastro.Domain/Cadastro.Domain.csproj" (target "_BlockWinMDsOnUnsupportedTFMs" depends on it):
   2:6>Done building target "ResolveReferences" in project "Cadastro.Domain.csproj".
   2:6>Target "_BlockWinMDsOnUnsupportedTFMs" in file "/usr/lib/dotnet/sdk/10.0.104/Sdks/Microsoft.NET.Sdk/targets/Microsoft.NET.Sdk.targets" from project "/home/tsgomes/mcad/services/cadastro-api/3-Domain/Cadastro.Domain/Cadastro.Domain.csproj" (target "CoreBuild" depends on it):
       Using "CheckForUnsupportedWinMDReferences" task from assembly "/usr/lib/dotnet/sdk/10.0.104/Sdks/Microsoft.NET.Sdk/targets/../tools/net10.0/Microsoft.NET.Build.Tasks.dll".
       Task "CheckForUnsupportedWinMDReferences"
       Done executing task "CheckForUnsupportedWinMDReferences".
   2:6>Done building target "_BlockWinMDsOnUnsupportedTFMs" in project "Cadastro.Domain.csproj".
       Target "ResolveReferences" skipped. Previously built successfully.
       Target "ResolvePackageDependenciesForBuild" skipped. Previously built successfully.
       Target "_HandlePackageFileConflicts" skipped. Previously built successfully.
   2:6>Target "CopyAdditionalFiles" in file "/usr/lib/dotnet/sdk/10.0.104/Roslyn/Microsoft.Managed.Core.targets" from project "/home/tsgomes/mcad/services/cadastro-api/3-Domain/Cadastro.Domain/Cadastro.Domain.csproj" (target "AssignTargetPaths" depends on it):
   2:6>Done building target "CopyAdditionalFiles" in project "Cadastro.Domain.csproj".
   2:6>Target "_ComputeNETCoreBuildOutputFiles" in file "/usr/lib/dotnet/sdk/10.0.104/Sdks/Microsoft.NET.Sdk/targets/Microsoft.NET.Sdk.targets" from project "/home/tsgomes/mcad/services/cadastro-api/3-Domain/Cadastro.Domain/Cadastro.Domain.csproj" (target "AssignTargetPaths" depends on it):
   2:6>Done building target "_ComputeNETCoreBuildOutputFiles" in project "Cadastro.Domain.csproj".
   2:6>Target "AssignTargetPaths" in file "/usr/lib/dotnet/sdk/10.0.104/Microsoft.Common.CurrentVersion.targets" from project "/home/tsgomes/mcad/services/cadastro-api/3-Domain/Cadastro.Domain/Cadastro.Domain.csproj" (target "PrepareResourceNames" depends on it):
       Using "AssignTargetPath" task from assembly "Microsoft.Build.Tasks.Core, Version=15.1.0.0, Culture=neutral, PublicKeyToken=b03f5f7f11d50a3a".
       Task "AssignTargetPath"
       Done executing task "AssignTargetPath".
       Task "AssignTargetPath"
       Done executing task "AssignTargetPath".
       Task "AssignTargetPath"
       Done executing task "AssignTargetPath".
       Task "AssignTargetPath"
       Done executing task "AssignTargetPath".
   2:6>Done building target "AssignTargetPaths" in project "Cadastro.Domain.csproj".
       Target "AssignTargetPaths" skipped. Previously built successfully.
   2:6>Target "SplitResourcesByCulture" in file "/usr/lib/dotnet/sdk/10.0.104/Microsoft.Common.CurrentVersion.targets" from project "/home/tsgomes/mcad/services/cadastro-api/3-Domain/Cadastro.Domain/Cadastro.Domain.csproj" (target "PrepareResourceNames" depends on it):
       Using "AssignCulture" task from assembly "Microsoft.Build.Tasks.Core, Version=15.1.0.0, Culture=neutral, PublicKeyToken=b03f5f7f11d50a3a".
       Task "AssignCulture"
       Done executing task "AssignCulture".
   2:6>Done building target "SplitResourcesByCulture" in project "Cadastro.Domain.csproj".
   2:6>Target "CreateCustomManifestResourceNames" in file "/usr/lib/dotnet/sdk/10.0.104/Microsoft.Common.CurrentVersion.targets" from project "/home/tsgomes/mcad/services/cadastro-api/3-Domain/Cadastro.Domain/Cadastro.Domain.csproj" (target "PrepareResourceNames" depends on it):
   2:6>Done building target "CreateCustomManifestResourceNames" in project "Cadastro.Domain.csproj".
   2:6>Target "PrepareResourceNames" in file "/usr/lib/dotnet/sdk/10.0.104/Microsoft.Common.CurrentVersion.targets" from project "/home/tsgomes/mcad/services/cadastro-api/3-Domain/Cadastro.Domain/Cadastro.Domain.csproj" (target "PrepareResources" depends on it):
   2:6>Done building target "PrepareResourceNames" in project "Cadastro.Domain.csproj".
       Target "ResolveAssemblyReferences" skipped. Previously built successfully.
       Target "SplitResourcesByCulture" skipped. Previously built successfully.
   2:6>Target "BeforeResGen" in file "/usr/lib/dotnet/sdk/10.0.104/Microsoft.Common.CurrentVersion.targets" from project "/home/tsgomes/mcad/services/cadastro-api/3-Domain/Cadastro.Domain/Cadastro.Domain.csproj" (target "ResGen" depends on it):
   2:6>Done building target "BeforeResGen" in project "Cadastro.Domain.csproj".
       Target "ResolveReferences" skipped. Previously built successfully.
   2:6>Target "FindReferenceAssembliesForReferences" in file "/usr/lib/dotnet/sdk/10.0.104/Microsoft.Common.CurrentVersion.targets" from project "/home/tsgomes/mcad/services/cadastro-api/3-Domain/Cadastro.Domain/Cadastro.Domain.csproj" (target "CoreResGen" depends on it):
   2:6>Done building target "FindReferenceAssembliesForReferences" in project "Cadastro.Domain.csproj".
   2:6>Target "CoreResGen" in file "/usr/lib/dotnet/sdk/10.0.104/Microsoft.Common.CurrentVersion.targets" from project "/home/tsgomes/mcad/services/cadastro-api/3-Domain/Cadastro.Domain/Cadastro.Domain.csproj" (target "ResGen" depends on it):
   2:6>Done building target "CoreResGen" in project "Cadastro.Domain.csproj".
   2:6>Target "AfterResGen" in file "/usr/lib/dotnet/sdk/10.0.104/Microsoft.Common.CurrentVersion.targets" from project "/home/tsgomes/mcad/services/cadastro-api/3-Domain/Cadastro.Domain/Cadastro.Domain.csproj" (target "ResGen" depends on it):
   2:6>Done building target "AfterResGen" in project "Cadastro.Domain.csproj".
   2:6>Target "ResGen" in file "/usr/lib/dotnet/sdk/10.0.104/Microsoft.Common.CurrentVersion.targets" from project "/home/tsgomes/mcad/services/cadastro-api/3-Domain/Cadastro.Domain/Cadastro.Domain.csproj" (target "PrepareResources" depends on it):
   2:6>Done building target "ResGen" in project "Cadastro.Domain.csproj".
   2:6>Target "PrepareResources" in file "/usr/lib/dotnet/sdk/10.0.104/Microsoft.Common.CurrentVersion.targets" from project "/home/tsgomes/mcad/services/cadastro-api/3-Domain/Cadastro.Domain/Cadastro.Domain.csproj" (target "CoreBuild" depends on it):
   2:6>Done building target "PrepareResources" in project "Cadastro.Domain.csproj".
       Target "ResolveReferences" skipped. Previously built successfully.
   2:6>Target "_SetEmbeddedWin32ManifestProperties" in file "/usr/lib/dotnet/sdk/10.0.104/Microsoft.Common.CurrentVersion.targets" from project "/home/tsgomes/mcad/services/cadastro-api/3-Domain/Cadastro.Domain/Cadastro.Domain.csproj" (target "SetWin32ManifestProperties" depends on it):
       Using "GetFrameworkPath" task from assembly "Microsoft.Build.Tasks.Core, Version=15.1.0.0, Culture=neutral, PublicKeyToken=b03f5f7f11d50a3a".
       Task "GetFrameworkPath"
       Done executing task "GetFrameworkPath".
   2:6>Done building target "_SetEmbeddedWin32ManifestProperties" in project "Cadastro.Domain.csproj".
   2:6>Target "SetWin32ManifestProperties" in file "/usr/lib/dotnet/sdk/10.0.104/Microsoft.Common.CurrentVersion.targets" from project "/home/tsgomes/mcad/services/cadastro-api/3-Domain/Cadastro.Domain/Cadastro.Domain.csproj" (target "Compile" depends on it):
   2:6>Done building target "SetWin32ManifestProperties" in project "Cadastro.Domain.csproj".
       Target "FindReferenceAssembliesForReferences" skipped. Previously built successfully.
   2:6>Target "_GenerateCompileInputs" in file "/usr/lib/dotnet/sdk/10.0.104/Microsoft.Common.CurrentVersion.targets" from project "/home/tsgomes/mcad/services/cadastro-api/3-Domain/Cadastro.Domain/Cadastro.Domain.csproj" (target "Compile" depends on it):
   2:6>Done building target "_GenerateCompileInputs" in project "Cadastro.Domain.csproj".
       Target "PrepareForBuild" skipped. Previously built successfully.
   2:6>Target "GenerateMSBuildEditorConfigFileShouldRun" in file "/usr/lib/dotnet/sdk/10.0.104/Roslyn/Microsoft.Managed.Core.targets" from project "/home/tsgomes/mcad/services/cadastro-api/3-Domain/Cadastro.Domain/Cadastro.Domain.csproj" (target "GenerateMSBuildEditorConfigFile" depends on it):
   2:6>Done building target "GenerateMSBuildEditorConfigFileShouldRun" in project "Cadastro.Domain.csproj".
   2:6>Target "AddGlobalAnalyzerConfigForPackage_MicrosoftCodeAnalysisCSharpCodeStyle" in file "/usr/lib/dotnet/sdk/10.0.104/Sdks/Microsoft.NET.Sdk/codestyle/cs/build/Microsoft.CodeAnalysis.CSharp.CodeStyle.targets" from project "/home/tsgomes/mcad/services/cadastro-api/3-Domain/Cadastro.Domain/Cadastro.Domain.csproj" (target "GenerateMSBuildEditorConfigFileCore" depends on it):
   2:6>Done building target "AddGlobalAnalyzerConfigForPackage_MicrosoftCodeAnalysisCSharpCodeStyle" in project "Cadastro.Domain.csproj".
   2:6>Target "GenerateMSBuildEditorConfigFileCore" in file "/usr/lib/dotnet/sdk/10.0.104/Roslyn/Microsoft.Managed.Core.targets" from project "/home/tsgomes/mcad/services/cadastro-api/3-Domain/Cadastro.Domain/Cadastro.Domain.csproj" (target "GenerateMSBuildEditorConfigFile" depends on it):
       Building target "GenerateMSBuildEditorConfigFileCore" completely.
       No input files were specified.
       Using "GenerateMSBuildEditorConfig" task from assembly "/usr/lib/dotnet/sdk/10.0.104/Sdks/Microsoft.NET.Sdk/targets/../../../Roslyn/Microsoft.Build.Tasks.CodeAnalysis.dll".
       Task "GenerateMSBuildEditorConfig"
       Done executing task "GenerateMSBuildEditorConfig".
   2:6>Done building target "GenerateMSBuildEditorConfigFileCore" in project "Cadastro.Domain.csproj".
   2:6>Target "GenerateMSBuildEditorConfigFile" in file "/usr/lib/dotnet/sdk/10.0.104/Roslyn/Microsoft.Managed.Core.targets" from project "/home/tsgomes/mcad/services/cadastro-api/3-Domain/Cadastro.Domain/Cadastro.Domain.csproj" (target "BeforeCompile" depends on it):
   2:6>Done building target "GenerateMSBuildEditorConfigFile" in project "Cadastro.Domain.csproj".
       Target "PrepareForBuild" skipped. Previously built successfully.
       Target "GetReferenceAssemblyPaths" skipped. Previously built successfully.
   2:6>Target "_SetTargetFrameworkMonikerAttribute" in file "/usr/lib/dotnet/sdk/10.0.104/Microsoft.CSharp.CurrentVersion.targets" from project "/home/tsgomes/mcad/services/cadastro-api/3-Domain/Cadastro.Domain/Cadastro.Domain.csproj" (target "GenerateTargetFrameworkMonikerAttribute" depends on it):
   2:6>Done building target "_SetTargetFrameworkMonikerAttribute" in project "Cadastro.Domain.csproj".
   2:6>Target "GenerateTargetFrameworkMonikerAttribute" in file "/usr/lib/dotnet/sdk/10.0.104/Microsoft.Common.CurrentVersion.targets" from project "/home/tsgomes/mcad/services/cadastro-api/3-Domain/Cadastro.Domain/Cadastro.Domain.csproj" (target "BeforeCompile" depends on it):
       Skipping target "GenerateTargetFrameworkMonikerAttribute" because all output files are up-to-date with respect to the input files.
       Input files: /usr/lib/dotnet/sdk/10.0.104/Microsoft.Common.targets
       Output files: obj/Debug/net8.0/.NETCoreApp,Version=v8.0.AssemblyAttributes.cs
   2:6>Done building target "GenerateTargetFrameworkMonikerAttribute" in project "Cadastro.Domain.csproj".
       Target "PrepareForBuild" skipped. Previously built successfully.
   2:6>Target "GetAssemblyVersion" in file "/usr/lib/dotnet/sdk/10.0.104/Sdks/Microsoft.NET.Sdk/targets/Microsoft.NET.GenerateAssemblyInfo.targets" from project "/home/tsgomes/mcad/services/cadastro-api/3-Domain/Cadastro.Domain/Cadastro.Domain.csproj" (target "GetAssemblyAttributes" depends on it):
       Using "GetAssemblyVersion" task from assembly "/usr/lib/dotnet/sdk/10.0.104/Sdks/Microsoft.NET.Sdk/targets/../tools/net10.0/Microsoft.NET.Build.Tasks.dll".
       Task "GetAssemblyVersion"
       Done executing task "GetAssemblyVersion".
   2:6>Done building target "GetAssemblyVersion" in project "Cadastro.Domain.csproj".
   2:6>Target "InitializeSourceControlInformationFromSourceControlManager" in file "/usr/lib/dotnet/sdk/10.0.104/Sdks/Microsoft.Build.Tasks.Git/build/Microsoft.Build.Tasks.Git.targets" from project "/home/tsgomes/mcad/services/cadastro-api/3-Domain/Cadastro.Domain/Cadastro.Domain.csproj" (target "_InitializeSourceControlInformationFromSourceControlManager" depends on it):
       Using "Microsoft.Build.Tasks.Git.LocateRepository" task from assembly "/usr/lib/dotnet/sdk/10.0.104/Sdks/Microsoft.Build.Tasks.Git/build/../tools/net/Microsoft.Build.Tasks.Git.dll".
       Task "Microsoft.Build.Tasks.Git.LocateRepository"
         SourceLink: Repository instance not found in cache: '*:/home/tsgomes/mcad/.git'
       Done executing task "Microsoft.Build.Tasks.Git.LocateRepository".
   2:6>Done building target "InitializeSourceControlInformationFromSourceControlManager" in project "Cadastro.Domain.csproj".
   2:6>Target "_SourceLinkHasSingleProvider" in file "/usr/lib/dotnet/sdk/10.0.104/Sdks/Microsoft.SourceLink.Common/build/InitializeSourceControlInformation.targets" from project "/home/tsgomes/mcad/services/cadastro-api/3-Domain/Cadastro.Domain/Cadastro.Domain.csproj" (target "_InitializeSourceControlInformationFromSourceControlManager" depends on it):
       Assembly loaded during TaskRun: Microsoft.SourceLink.Common, Version=10.0.14.12010, Culture=neutral, PublicKeyToken=31bf3856ad364e35 (location: /usr/lib/dotnet/sdk/10.0.104/Sdks/Microsoft.SourceLink.Common/tools/net/Microsoft.SourceLink.Common.dll, MVID: a879b620-c7a8-4a5f-90e5-124fe9b3d7d1, AssemblyLoadContext: MSBuild plugin /usr/lib/dotnet/sdk/10.0.104/Sdks/Microsoft.SourceLink.Common/tools/net/Microsoft.SourceLink.Common.dll)
       Using "Microsoft.SourceLink.Common.SourceLinkHasSingleProvider" task from assembly "/usr/lib/dotnet/sdk/10.0.104/Sdks/Microsoft.SourceLink.Common/build/../tools/net/Microsoft.SourceLink.Common.dll".
       Task "Microsoft.SourceLink.Common.SourceLinkHasSingleProvider"
       Done executing task "Microsoft.SourceLink.Common.SourceLinkHasSingleProvider".
   2:6>Done building target "_SourceLinkHasSingleProvider" in project "Cadastro.Domain.csproj".
   2:6>Target "TranslateGitHubUrlsInSourceControlInformation" in file "/usr/lib/dotnet/sdk/10.0.104/Sdks/Microsoft.SourceLink.GitHub/build/Microsoft.SourceLink.GitHub.targets" from project "/home/tsgomes/mcad/services/cadastro-api/3-Domain/Cadastro.Domain/Cadastro.Domain.csproj" (target "_InitializeSourceControlInformationFromSourceControlManager" depends on it):
       Assembly loaded during TaskRun: Microsoft.SourceLink.GitHub, Version=10.0.14.12010, Culture=neutral, PublicKeyToken=31bf3856ad364e35 (location: /usr/lib/dotnet/sdk/10.0.104/Sdks/Microsoft.SourceLink.GitHub/tools/net/Microsoft.SourceLink.GitHub.dll, MVID: 0e6d2b89-7677-49af-b167-bfee2466c5e8, AssemblyLoadContext: MSBuild plugin /usr/lib/dotnet/sdk/10.0.104/Sdks/Microsoft.SourceLink.GitHub/tools/net/Microsoft.SourceLink.GitHub.dll)
       Using "Microsoft.SourceLink.GitHub.TranslateRepositoryUrls" task from assembly "/usr/lib/dotnet/sdk/10.0.104/Sdks/Microsoft.SourceLink.GitHub/build/../tools/net/Microsoft.SourceLink.GitHub.dll".
       Task "Microsoft.SourceLink.GitHub.TranslateRepositoryUrls"
       /usr/lib/dotnet/sdk/10.0.104/Sdks/Microsoft.SourceLink.GitHub/build/Microsoft.SourceLink.GitHub.targets(56,7): message : Property reassignment: $(ScmRepositoryUrl)="https://github.com/tassosgomes/mcad.git" (previous value: "ssh://git@github.com/tassosgomes/mcad.git") at /usr/lib/dotnet/sdk/10.0.104/Sdks/Microsoft.SourceLink.GitHub/build/Microsoft.SourceLink.GitHub.targets (56,7) [/home/tsgomes/mcad/services/cadastro-api/3-Domain/Cadastro.Domain/Cadastro.Domain.csproj]
       Done executing task "Microsoft.SourceLink.GitHub.TranslateRepositoryUrls".
   2:6>Done building target "TranslateGitHubUrlsInSourceControlInformation" in project "Cadastro.Domain.csproj".
   2:6>Target "TranslateGitLabUrlsInSourceControlInformation" in file "/usr/lib/dotnet/sdk/10.0.104/Sdks/Microsoft.SourceLink.GitLab/build/Microsoft.SourceLink.GitLab.targets" from project "/home/tsgomes/mcad/services/cadastro-api/3-Domain/Cadastro.Domain/Cadastro.Domain.csproj" (target "_InitializeSourceControlInformationFromSourceControlManager" depends on it):
       Assembly loaded during TaskRun: Microsoft.SourceLink.GitLab, Version=10.0.14.12010, Culture=neutral, PublicKeyToken=31bf3856ad364e35 (location: /usr/lib/dotnet/sdk/10.0.104/Sdks/Microsoft.SourceLink.GitLab/tools/net/Microsoft.SourceLink.GitLab.dll, MVID: 7d3d3e7f-3026-4923-a5c4-675dda4485ff, AssemblyLoadContext: MSBuild plugin /usr/lib/dotnet/sdk/10.0.104/Sdks/Microsoft.SourceLink.GitLab/tools/net/Microsoft.SourceLink.GitLab.dll)
       Using "Microsoft.SourceLink.GitLab.TranslateRepositoryUrls" task from assembly "/usr/lib/dotnet/sdk/10.0.104/Sdks/Microsoft.SourceLink.GitLab/build/../tools/net/Microsoft.SourceLink.GitLab.dll".
       Task "Microsoft.SourceLink.GitLab.TranslateRepositoryUrls"
       Done executing task "Microsoft.SourceLink.GitLab.TranslateRepositoryUrls".
   2:6>Done building target "TranslateGitLabUrlsInSourceControlInformation" in project "Cadastro.Domain.csproj".
   2:6>Target "TranslateAzureReposGitUrlsInSourceControlInformation" in file "/usr/lib/dotnet/sdk/10.0.104/Sdks/Microsoft.SourceLink.AzureRepos.Git/build/Microsoft.SourceLink.AzureRepos.Git.targets" from project "/home/tsgomes/mcad/services/cadastro-api/3-Domain/Cadastro.Domain/Cadastro.Domain.csproj" (target "_InitializeSourceControlInformationFromSourceControlManager" depends on it):
       Assembly loaded during TaskRun: Microsoft.SourceLink.AzureRepos.Git, Version=10.0.14.12010, Culture=neutral, PublicKeyToken=31bf3856ad364e35 (location: /usr/lib/dotnet/sdk/10.0.104/Sdks/Microsoft.SourceLink.AzureRepos.Git/tools/net/Microsoft.SourceLink.AzureRepos.Git.dll, MVID: 447cb12c-6829-4214-917b-fca30845937e, AssemblyLoadContext: MSBuild plugin /usr/lib/dotnet/sdk/10.0.104/Sdks/Microsoft.SourceLink.AzureRepos.Git/tools/net/Microsoft.SourceLink.AzureRepos.Git.dll)
       Using "Microsoft.SourceLink.AzureRepos.Git.TranslateRepositoryUrls" task from assembly "/usr/lib/dotnet/sdk/10.0.104/Sdks/Microsoft.SourceLink.AzureRepos.Git/build/../tools/net/Microsoft.SourceLink.AzureRepos.Git.dll".
       Task "Microsoft.SourceLink.AzureRepos.Git.TranslateRepositoryUrls"
       Done executing task "Microsoft.SourceLink.AzureRepos.Git.TranslateRepositoryUrls".
   2:6>Done building target "TranslateAzureReposGitUrlsInSourceControlInformation" in project "Cadastro.Domain.csproj".
   2:6>Target "TranslateBitbucketGitUrlsInSourceControlInformation" in file "/usr/lib/dotnet/sdk/10.0.104/Sdks/Microsoft.SourceLink.Bitbucket.Git/build/Microsoft.SourceLink.Bitbucket.Git.targets" from project "/home/tsgomes/mcad/services/cadastro-api/3-Domain/Cadastro.Domain/Cadastro.Domain.csproj" (target "_InitializeSourceControlInformationFromSourceControlManager" depends on it):
       Assembly loaded during TaskRun: Microsoft.SourceLink.Bitbucket.Git, Version=10.0.14.12010, Culture=neutral, PublicKeyToken=31bf3856ad364e35 (location: /usr/lib/dotnet/sdk/10.0.104/Sdks/Microsoft.SourceLink.Bitbucket.Git/tools/net/Microsoft.SourceLink.Bitbucket.Git.dll, MVID: 3ca81378-d2f8-436a-9886-cac23795cf72, AssemblyLoadContext: MSBuild plugin /usr/lib/dotnet/sdk/10.0.104/Sdks/Microsoft.SourceLink.Bitbucket.Git/tools/net/Microsoft.SourceLink.Bitbucket.Git.dll)
       Using "Microsoft.SourceLink.Bitbucket.Git.TranslateRepositoryUrls" task from assembly "/usr/lib/dotnet/sdk/10.0.104/Sdks/Microsoft.SourceLink.Bitbucket.Git/build/../tools/net/Microsoft.SourceLink.Bitbucket.Git.dll".
       Task "Microsoft.SourceLink.Bitbucket.Git.TranslateRepositoryUrls"
       Done executing task "Microsoft.SourceLink.Bitbucket.Git.TranslateRepositoryUrls".
   2:6>Done building target "TranslateBitbucketGitUrlsInSourceControlInformation" in project "Cadastro.Domain.csproj".
   2:6>Target "SourceControlManagerPublishTranslatedUrls" in file "/usr/lib/dotnet/sdk/10.0.104/Sdks/Microsoft.SourceLink.Common/build/InitializeSourceControlInformation.targets" from project "/home/tsgomes/mcad/services/cadastro-api/3-Domain/Cadastro.Domain/Cadastro.Domain.csproj" (target "_InitializeSourceControlInformationFromSourceControlManager" depends on it):
   2:6>Done building target "SourceControlManagerPublishTranslatedUrls" in project "Cadastro.Domain.csproj".
   2:6>Target "_InitializeSourceControlInformationFromSourceControlManager" in file "/usr/lib/dotnet/sdk/10.0.104/Sdks/Microsoft.SourceLink.Common/build/InitializeSourceControlInformation.targets" from project "/home/tsgomes/mcad/services/cadastro-api/3-Domain/Cadastro.Domain/Cadastro.Domain.csproj" (target "InitializeSourceControlInformation" depends on it):
   2:6>Done building target "_InitializeSourceControlInformationFromSourceControlManager" in project "Cadastro.Domain.csproj".
   2:6>Target "InitializeSourceControlInformation" in file "/usr/lib/dotnet/sdk/10.0.104/Microsoft.Common.CurrentVersion.targets" from project "/home/tsgomes/mcad/services/cadastro-api/3-Domain/Cadastro.Domain/Cadastro.Domain.csproj" (target "GetAssemblyAttributes" depends on it):
   2:6>Done building target "InitializeSourceControlInformation" in project "Cadastro.Domain.csproj".
       Target "GetAssemblyVersion" skipped. Previously built successfully.
       Target "InitializeSourceControlInformation" skipped. Previously built successfully.
   2:6>Target "AddSourceRevisionToInformationalVersion" in file "/usr/lib/dotnet/sdk/10.0.104/Sdks/Microsoft.NET.Sdk/targets/Microsoft.NET.GenerateAssemblyInfo.targets" from project "/home/tsgomes/mcad/services/cadastro-api/3-Domain/Cadastro.Domain/Cadastro.Domain.csproj" (target "GetAssemblyAttributes" depends on it):
       /usr/lib/dotnet/sdk/10.0.104/Sdks/Microsoft.NET.Sdk/targets/Microsoft.NET.GenerateAssemblyInfo.targets(70,7): message : Property reassignment: $(InformationalVersion)="1.0.0+ff89d6a27419c809b19dcef5f032e3c0232d2e71" (previous value: "1.0.0") at /usr/lib/dotnet/sdk/10.0.104/Sdks/Microsoft.NET.Sdk/targets/Microsoft.NET.GenerateAssemblyInfo.targets (70,7) [/home/tsgomes/mcad/services/cadastro-api/3-Domain/Cadastro.Domain/Cadastro.Domain.csproj]
   2:6>Done building target "AddSourceRevisionToInformationalVersion" in project "Cadastro.Domain.csproj".
   2:6>Target "GetAssemblyAttributes" in file "/usr/lib/dotnet/sdk/10.0.104/Sdks/Microsoft.NET.Sdk/targets/Microsoft.NET.GenerateAssemblyInfo.targets" from project "/home/tsgomes/mcad/services/cadastro-api/3-Domain/Cadastro.Domain/Cadastro.Domain.csproj" (target "CreateGeneratedAssemblyInfoInputsCacheFile" depends on it):
   2:6>Done building target "GetAssemblyAttributes" in project "Cadastro.Domain.csproj".
   2:6>Target "CreateGeneratedAssemblyInfoInputsCacheFile" in file "/usr/lib/dotnet/sdk/10.0.104/Sdks/Microsoft.NET.Sdk/targets/Microsoft.NET.GenerateAssemblyInfo.targets" from project "/home/tsgomes/mcad/services/cadastro-api/3-Domain/Cadastro.Domain/Cadastro.Domain.csproj" (target "CoreGenerateAssemblyInfo" depends on it):
       Using "Hash" task from assembly "Microsoft.Build.Tasks.Core, Version=15.1.0.0, Culture=neutral, PublicKeyToken=b03f5f7f11d50a3a".
       Task "Hash"
       Done executing task "Hash".
       Task "WriteLinesToFile"
         Skipping write to file "obj/Debug/net8.0/Cadastro.Domain.AssemblyInfoInputs.cache" because content would not change.
       Done executing task "WriteLinesToFile".
   2:6>Done building target "CreateGeneratedAssemblyInfoInputsCacheFile" in project "Cadastro.Domain.csproj".
   2:6>Target "CoreGenerateAssemblyInfo" in file "/usr/lib/dotnet/sdk/10.0.104/Sdks/Microsoft.NET.Sdk/targets/Microsoft.NET.GenerateAssemblyInfo.targets" from project "/home/tsgomes/mcad/services/cadastro-api/3-Domain/Cadastro.Domain/Cadastro.Domain.csproj" (target "GenerateAssemblyInfo" depends on it):
       Skipping target "CoreGenerateAssemblyInfo" because all output files are up-to-date with respect to the input files.
       Input files: obj/Debug/net8.0/Cadastro.Domain.AssemblyInfoInputs.cache
       Output files: obj/Debug/net8.0/Cadastro.Domain.AssemblyInfo.cs
   2:6>Done building target "CoreGenerateAssemblyInfo" in project "Cadastro.Domain.csproj".
   2:6>Target "GenerateAssemblyInfo" in file "/usr/lib/dotnet/sdk/10.0.104/Sdks/Microsoft.NET.Sdk/targets/Microsoft.NET.GenerateAssemblyInfo.targets" from project "/home/tsgomes/mcad/services/cadastro-api/3-Domain/Cadastro.Domain/Cadastro.Domain.csproj" (target "BeforeCompile" depends on it):
   2:6>Done building target "GenerateAssemblyInfo" in project "Cadastro.Domain.csproj".
   2:6>Target "BeforeCompile" in file "/usr/lib/dotnet/sdk/10.0.104/Microsoft.Common.CurrentVersion.targets" from project "/home/tsgomes/mcad/services/cadastro-api/3-Domain/Cadastro.Domain/Cadastro.Domain.csproj" (target "Compile" depends on it):
   2:6>Done building target "BeforeCompile" in project "Cadastro.Domain.csproj".
       Target "ResolveAssemblyReferences" skipped. Previously built successfully.
       Target "_GenerateCompileInputs" skipped. Previously built successfully.
   2:6>Target "_GenerateCompileDependencyCache" in file "/usr/lib/dotnet/sdk/10.0.104/Microsoft.Common.CurrentVersion.targets" from project "/home/tsgomes/mcad/services/cadastro-api/3-Domain/Cadastro.Domain/Cadastro.Domain.csproj" (target "Compile" depends on it):
       Task "Hash"
       Done executing task "Hash".
       Task "WriteLinesToFile"
         Skipping write to file "obj/Debug/net8.0/Cadastro.Domain.csproj.CoreCompileInputs.cache" because content would not change.
       Done executing task "WriteLinesToFile".
   2:6>Done building target "_GenerateCompileDependencyCache" in project "Cadastro.Domain.csproj".
   2:6>Target "_BeforeVBCSCoreCompile" in file "/usr/lib/dotnet/sdk/10.0.104/Roslyn/Microsoft.Managed.Core.targets" from project "/home/tsgomes/mcad/services/cadastro-api/3-Domain/Cadastro.Domain/Cadastro.Domain.csproj" (target "CoreCompile" depends on it):
   2:6>Done building target "_BeforeVBCSCoreCompile" in project "Cadastro.Domain.csproj".
   2:6>Target "_ComputeSkipAnalyzers" in file "/usr/lib/dotnet/sdk/10.0.104/Roslyn/Microsoft.Managed.Core.targets" from project "/home/tsgomes/mcad/services/cadastro-api/3-Domain/Cadastro.Domain/Cadastro.Domain.csproj" (target "CoreCompile" depends on it):
   2:6>Done building target "_ComputeSkipAnalyzers" in project "Cadastro.Domain.csproj".
       Target "BeforeCompile" skipped. Previously built successfully.
       Target "InitializeSourceControlInformationFromSourceControlManager" skipped. Previously built successfully.
   2:6>Target "SetEmbeddedFilesFromSourceControlManagerUntrackedFiles" in file "/usr/lib/dotnet/sdk/10.0.104/Sdks/Microsoft.Build.Tasks.Git/build/Microsoft.Build.Tasks.Git.targets" from project "/home/tsgomes/mcad/services/cadastro-api/3-Domain/Cadastro.Domain/Cadastro.Domain.csproj" (target "_SetEmbeddedFilesFromSourceControlManagerUntrackedFiles" depends on it):
       Using "Microsoft.Build.Tasks.Git.GetUntrackedFiles" task from assembly "/usr/lib/dotnet/sdk/10.0.104/Sdks/Microsoft.Build.Tasks.Git/build/../tools/net/Microsoft.Build.Tasks.Git.dll".
       Task "Microsoft.Build.Tasks.Git.GetUntrackedFiles"
         SourceLink: Reusing cached git repository information.
       Done executing task "Microsoft.Build.Tasks.Git.GetUntrackedFiles".
   2:6>Done building target "SetEmbeddedFilesFromSourceControlManagerUntrackedFiles" in project "Cadastro.Domain.csproj".
   2:6>Target "_SetEmbeddedFilesFromSourceControlManagerUntrackedFiles" in file "/usr/lib/dotnet/sdk/10.0.104/Sdks/Microsoft.SourceLink.Common/build/Microsoft.SourceLink.Common.targets" from project "/home/tsgomes/mcad/services/cadastro-api/3-Domain/Cadastro.Domain/Cadastro.Domain.csproj" (target "CoreCompile" depends on it):
   2:6>Done building target "_SetEmbeddedFilesFromSourceControlManagerUntrackedFiles" in project "Cadastro.Domain.csproj".
       Target "InitializeSourceControlInformation" skipped. Previously built successfully.
   2:6>Target "_SetSourceLinkFilePath" in file "/usr/lib/dotnet/sdk/10.0.104/Sdks/Microsoft.SourceLink.Common/build/Microsoft.SourceLink.Common.targets" from project "/home/tsgomes/mcad/services/cadastro-api/3-Domain/Cadastro.Domain/Cadastro.Domain.csproj" (target "_GenerateSourceLinkFile" depends on it):
   2:6>Done building target "_SetSourceLinkFilePath" in project "Cadastro.Domain.csproj".
       Target "InitializeSourceControlInformation" skipped. Previously built successfully.
   2:6>Target "_InitializeSourceRootMappedPathsFromSourceControl" in file "/usr/lib/dotnet/sdk/10.0.104/Roslyn/Microsoft.Managed.Core.targets" from project "/home/tsgomes/mcad/services/cadastro-api/3-Domain/Cadastro.Domain/Cadastro.Domain.csproj" (target "InitializeSourceRootMappedPaths" depends on it):
   2:6>Done building target "_InitializeSourceRootMappedPathsFromSourceControl" in project "Cadastro.Domain.csproj".
   2:6>Target "InitializeSourceRootMappedPaths" in file "/usr/lib/dotnet/sdk/10.0.104/Roslyn/Microsoft.Managed.Core.targets" from project "/home/tsgomes/mcad/services/cadastro-api/3-Domain/Cadastro.Domain/Cadastro.Domain.csproj" (target "_InitializeSourceRootMappedPathsOpt" depends on it):
       Using "Microsoft.CodeAnalysis.BuildTasks.MapSourceRoots" task from assembly "/usr/lib/dotnet/sdk/10.0.104/Sdks/Microsoft.NET.Sdk/targets/../../../Roslyn/Microsoft.Build.Tasks.CodeAnalysis.dll".
       Task "Microsoft.CodeAnalysis.BuildTasks.MapSourceRoots"
       Done executing task "Microsoft.CodeAnalysis.BuildTasks.MapSourceRoots".
   2:6>Done building target "InitializeSourceRootMappedPaths" in project "Cadastro.Domain.csproj".
   2:6>Target "_InitializeSourceRootMappedPathsOpt" in file "/usr/lib/dotnet/sdk/10.0.104/Sdks/Microsoft.SourceLink.Common/build/Microsoft.SourceLink.Common.targets" from project "/home/tsgomes/mcad/services/cadastro-api/3-Domain/Cadastro.Domain/Cadastro.Domain.csproj" (target "_GenerateSourceLinkFile" depends on it):
   2:6>Done building target "_InitializeSourceRootMappedPathsOpt" in project "Cadastro.Domain.csproj".
   2:6>Target "_InitializeGitHubSourceLinkUrl" in file "/usr/lib/dotnet/sdk/10.0.104/Sdks/Microsoft.SourceLink.GitHub/build/Microsoft.SourceLink.GitHub.targets" from project "/home/tsgomes/mcad/services/cadastro-api/3-Domain/Cadastro.Domain/Cadastro.Domain.csproj" (target "_GenerateSourceLinkFile" depends on it):
       Building target "_InitializeGitHubSourceLinkUrl" completely.
       No input files were specified.
       Using "Microsoft.SourceLink.GitHub.GetSourceLinkUrl" task from assembly "/usr/lib/dotnet/sdk/10.0.104/Sdks/Microsoft.SourceLink.GitHub/build/../tools/net/Microsoft.SourceLink.GitHub.dll".
       Task "Microsoft.SourceLink.GitHub.GetSourceLinkUrl"
       Done executing task "Microsoft.SourceLink.GitHub.GetSourceLinkUrl".
   2:6>Done building target "_InitializeGitHubSourceLinkUrl" in project "Cadastro.Domain.csproj".
   2:6>Target "_InitializeGitHubSourceLinkUrl" in file "/usr/lib/dotnet/sdk/10.0.104/Sdks/Microsoft.SourceLink.GitHub/build/Microsoft.SourceLink.GitHub.targets" from project "/home/tsgomes/mcad/services/cadastro-api/3-Domain/Cadastro.Domain/Cadastro.Domain.csproj" (target "_GenerateSourceLinkFile" depends on it):
       Building target "_InitializeGitHubSourceLinkUrl" completely.
       No input files were specified.
       Task "Microsoft.SourceLink.GitHub.GetSourceLinkUrl"
       Done executing task "Microsoft.SourceLink.GitHub.GetSourceLinkUrl".
   2:6>Done building target "_InitializeGitHubSourceLinkUrl" in project "Cadastro.Domain.csproj".
   2:6>Target "_InitializeGitLabSourceLinkUrl" in file "/usr/lib/dotnet/sdk/10.0.104/Sdks/Microsoft.SourceLink.GitLab/build/Microsoft.SourceLink.GitLab.targets" from project "/home/tsgomes/mcad/services/cadastro-api/3-Domain/Cadastro.Domain/Cadastro.Domain.csproj" (target "_GenerateSourceLinkFile" depends on it):
       Building target "_InitializeGitLabSourceLinkUrl" completely.
       No input files were specified.
       Using "Microsoft.SourceLink.GitLab.GetSourceLinkUrl" task from assembly "/usr/lib/dotnet/sdk/10.0.104/Sdks/Microsoft.SourceLink.GitLab/build/../tools/net/Microsoft.SourceLink.GitLab.dll".
       Task "Microsoft.SourceLink.GitLab.GetSourceLinkUrl"
       /usr/lib/dotnet/sdk/10.0.104/Sdks/Microsoft.SourceLink.GitLab/build/Microsoft.SourceLink.GitLab.targets(37,7): message : Property reassignment: $(_SourceLinkUrlToUpdate)="N/A" (previous value: "https://raw.githubusercontent.com/tassosgomes/mcad/ff89d6a27419c809b19dcef5f032e3c0232d2e71/*") at /usr/lib/dotnet/sdk/10.0.104/Sdks/Microsoft.SourceLink.GitLab/build/Microsoft.SourceLink.GitLab.targets (37,7) [/home/tsgomes/mcad/services/cadastro-api/3-Domain/Cadastro.Domain/Cadastro.Domain.csproj]
       Done executing task "Microsoft.SourceLink.GitLab.GetSourceLinkUrl".
   2:6>Done building target "_InitializeGitLabSourceLinkUrl" in project "Cadastro.Domain.csproj".
   2:6>Target "_InitializeGitLabSourceLinkUrl" in file "/usr/lib/dotnet/sdk/10.0.104/Sdks/Microsoft.SourceLink.GitLab/build/Microsoft.SourceLink.GitLab.targets" from project "/home/tsgomes/mcad/services/cadastro-api/3-Domain/Cadastro.Domain/Cadastro.Domain.csproj" (target "_GenerateSourceLinkFile" depends on it):
       Building target "_InitializeGitLabSourceLinkUrl" completely.
       No input files were specified.
       Task "Microsoft.SourceLink.GitLab.GetSourceLinkUrl"
       /usr/lib/dotnet/sdk/10.0.104/Sdks/Microsoft.SourceLink.GitLab/build/Microsoft.SourceLink.GitLab.targets(37,7): message : Property reassignment: $(_SourceLinkUrlToUpdate)="N/A" (previous value: "https://raw.githubusercontent.com/tassosgomes/mcad/ff89d6a27419c809b19dcef5f032e3c0232d2e71/*") at /usr/lib/dotnet/sdk/10.0.104/Sdks/Microsoft.SourceLink.GitLab/build/Microsoft.SourceLink.GitLab.targets (37,7) [/home/tsgomes/mcad/services/cadastro-api/3-Domain/Cadastro.Domain/Cadastro.Domain.csproj]
       Done executing task "Microsoft.SourceLink.GitLab.GetSourceLinkUrl".
   2:6>Done building target "_InitializeGitLabSourceLinkUrl" in project "Cadastro.Domain.csproj".
   2:6>Target "_InitializeAzureReposGitSourceLinkUrl" in file "/usr/lib/dotnet/sdk/10.0.104/Sdks/Microsoft.SourceLink.AzureRepos.Git/build/Microsoft.SourceLink.AzureRepos.Git.targets" from project "/home/tsgomes/mcad/services/cadastro-api/3-Domain/Cadastro.Domain/Cadastro.Domain.csproj" (target "_GenerateSourceLinkFile" depends on it):
       Building target "_InitializeAzureReposGitSourceLinkUrl" completely.
       No input files were specified.
       Using "Microsoft.SourceLink.AzureRepos.Git.GetSourceLinkUrl" task from assembly "/usr/lib/dotnet/sdk/10.0.104/Sdks/Microsoft.SourceLink.AzureRepos.Git/build/../tools/net/Microsoft.SourceLink.AzureRepos.Git.dll".
       Task "Microsoft.SourceLink.AzureRepos.Git.GetSourceLinkUrl"
       Done executing task "Microsoft.SourceLink.AzureRepos.Git.GetSourceLinkUrl".
   2:6>Done building target "_InitializeAzureReposGitSourceLinkUrl" in project "Cadastro.Domain.csproj".
   2:6>Target "_InitializeAzureReposGitSourceLinkUrl" in file "/usr/lib/dotnet/sdk/10.0.104/Sdks/Microsoft.SourceLink.AzureRepos.Git/build/Microsoft.SourceLink.AzureRepos.Git.targets" from project "/home/tsgomes/mcad/services/cadastro-api/3-Domain/Cadastro.Domain/Cadastro.Domain.csproj" (target "_GenerateSourceLinkFile" depends on it):
       Building target "_InitializeAzureReposGitSourceLinkUrl" completely.
       No input files were specified.
       Task "Microsoft.SourceLink.AzureRepos.Git.GetSourceLinkUrl"
       Done executing task "Microsoft.SourceLink.AzureRepos.Git.GetSourceLinkUrl".
   2:6>Done building target "_InitializeAzureReposGitSourceLinkUrl" in project "Cadastro.Domain.csproj".
   2:6>Target "_InitializeBitbucketGitSourceLinkUrl" in file "/usr/lib/dotnet/sdk/10.0.104/Sdks/Microsoft.SourceLink.Bitbucket.Git/build/Microsoft.SourceLink.Bitbucket.Git.targets" from project "/home/tsgomes/mcad/services/cadastro-api/3-Domain/Cadastro.Domain/Cadastro.Domain.csproj" (target "_GenerateSourceLinkFile" depends on it):
       Building target "_InitializeBitbucketGitSourceLinkUrl" completely.
       No input files were specified.
       Using "Microsoft.SourceLink.Bitbucket.Git.GetSourceLinkUrl" task from assembly "/usr/lib/dotnet/sdk/10.0.104/Sdks/Microsoft.SourceLink.Bitbucket.Git/build/../tools/net/Microsoft.SourceLink.Bitbucket.Git.dll".
       Task "Microsoft.SourceLink.Bitbucket.Git.GetSourceLinkUrl"
       Done executing task "Microsoft.SourceLink.Bitbucket.Git.GetSourceLinkUrl".
   2:6>Done building target "_InitializeBitbucketGitSourceLinkUrl" in project "Cadastro.Domain.csproj".
   2:6>Target "_InitializeBitbucketGitSourceLinkUrl" in file "/usr/lib/dotnet/sdk/10.0.104/Sdks/Microsoft.SourceLink.Bitbucket.Git/build/Microsoft.SourceLink.Bitbucket.Git.targets" from project "/home/tsgomes/mcad/services/cadastro-api/3-Domain/Cadastro.Domain/Cadastro.Domain.csproj" (target "_GenerateSourceLinkFile" depends on it):
       Building target "_InitializeBitbucketGitSourceLinkUrl" completely.
       No input files were specified.
       Task "Microsoft.SourceLink.Bitbucket.Git.GetSourceLinkUrl"
       Done executing task "Microsoft.SourceLink.Bitbucket.Git.GetSourceLinkUrl".
   2:6>Done building target "_InitializeBitbucketGitSourceLinkUrl" in project "Cadastro.Domain.csproj".
   2:6>Target "_GenerateSourceLinkFile" in file "/usr/lib/dotnet/sdk/10.0.104/Sdks/Microsoft.SourceLink.Common/build/Microsoft.SourceLink.Common.targets" from project "/home/tsgomes/mcad/services/cadastro-api/3-Domain/Cadastro.Domain/Cadastro.Domain.csproj" (target "GenerateSourceLinkFile" depends on it):
       Building target "_GenerateSourceLinkFile" completely.
       No input files were specified.
       Using "Microsoft.SourceLink.Common.GenerateSourceLinkFile" task from assembly "/usr/lib/dotnet/sdk/10.0.104/Sdks/Microsoft.SourceLink.Common/build/../tools/net/Microsoft.SourceLink.Common.dll".
       Task "Microsoft.SourceLink.Common.GenerateSourceLinkFile"
         Source Link file 'obj/Debug/net8.0/Cadastro.Domain.sourcelink.json' is up-to-date.
       Done executing task "Microsoft.SourceLink.Common.GenerateSourceLinkFile".
   2:6>Done building target "_GenerateSourceLinkFile" in project "Cadastro.Domain.csproj".
   2:6>Target "GenerateSourceLinkFile" in file "/usr/lib/dotnet/sdk/10.0.104/Sdks/Microsoft.SourceLink.Common/build/Microsoft.SourceLink.Common.targets" from project "/home/tsgomes/mcad/services/cadastro-api/3-Domain/Cadastro.Domain/Cadastro.Domain.csproj" (target "CoreCompile" depends on it):
   2:6>Done building target "GenerateSourceLinkFile" in project "Cadastro.Domain.csproj".
   2:6>Target "AddGlobalAnalyzerConfigForPackage_MicrosoftCodeAnalysisNetAnalyzers" in file "/usr/lib/dotnet/sdk/10.0.104/Sdks/Microsoft.NET.Sdk/analyzers/build/Microsoft.CodeAnalysis.NetAnalyzers.targets" from project "/home/tsgomes/mcad/services/cadastro-api/3-Domain/Cadastro.Domain/Cadastro.Domain.csproj" (target "CoreCompile" depends on it):
   2:6>Done building target "AddGlobalAnalyzerConfigForPackage_MicrosoftCodeAnalysisNetAnalyzers" in project "Cadastro.Domain.csproj".
   2:6>Target "CoreCompile" in file "/usr/lib/dotnet/sdk/10.0.104/Roslyn/Microsoft.CSharp.Core.targets" from project "/home/tsgomes/mcad/services/cadastro-api/3-Domain/Cadastro.Domain/Cadastro.Domain.csproj" (target "Compile" depends on it):
       Skipping target "CoreCompile" because all output files are up-to-date with respect to the input files.
       Input files: 
           Entities/Associacao.cs
           Entities/Fonograma.cs
           Entities/HistoricoBloqueio.cs
           Entities/ObraMusical.cs
           Entities/OutboxEvent.cs
           Entities/ParticipacaoConexa.cs
           Entities/Titular.cs
           Entities/TitularidadeAutoral.cs
           Enums/CategoriaAutoral.cs
           Enums/CategoriaConexo.cs
           Enums/StatusFonograma.cs
           Enums/StatusObra.cs
           Enums/StatusTitular.cs
           Enums/TipoObra.cs
           Enums/TipoTitular.cs
           Exceptions/DomainException.cs
           Interfaces/IAssociacaoRepository.cs
           Interfaces/IFonogramaRepository.cs
           Interfaces/IHistoricoBloqueioRepository.cs
           Interfaces/IIswcService.cs
           Interfaces/IObraRepository.cs
           Interfaces/IOutboxEventWriter.cs
           Interfaces/IParticipacaoRepository.cs
           Interfaces/ITitularidadeRepository.cs
           Interfaces/ITitularRepository.cs
           Interfaces/TitularFiltro.cs
           Services/CalculadoraConexos.cs
           Services/PreRequisito.cs
           Services/ValidadorLiberacaoFonograma.cs
           Services/ValidadorLiberacaoObra.cs
           ValueObjects/CaeIpi.cs
           ValueObjects/Cnpj.cs
           ValueObjects/Cpf.cs
           ValueObjects/Isrc.cs
           obj/Debug/net8.0/Cadastro.Domain.GlobalUsings.g.cs
           obj/Debug/net8.0/.NETCoreApp,Version=v8.0.AssemblyAttributes.cs
           obj/Debug/net8.0/Cadastro.Domain.AssemblyInfo.cs
           /usr/lib/dotnet/packs/Microsoft.NETCore.App.Ref/8.0.25/ref/net8.0/Microsoft.CSharp.dll
           /usr/lib/dotnet/packs/Microsoft.NETCore.App.Ref/8.0.25/ref/net8.0/Microsoft.VisualBasic.Core.dll
           /usr/lib/dotnet/packs/Microsoft.NETCore.App.Ref/8.0.25/ref/net8.0/Microsoft.VisualBasic.dll
           /usr/lib/dotnet/packs/Microsoft.NETCore.App.Ref/8.0.25/ref/net8.0/Microsoft.Win32.Primitives.dll
           /usr/lib/dotnet/packs/Microsoft.NETCore.App.Ref/8.0.25/ref/net8.0/Microsoft.Win32.Registry.dll
           /usr/lib/dotnet/packs/Microsoft.NETCore.App.Ref/8.0.25/ref/net8.0/mscorlib.dll
           /usr/lib/dotnet/packs/Microsoft.NETCore.App.Ref/8.0.25/ref/net8.0/netstandard.dll
           /usr/lib/dotnet/packs/Microsoft.NETCore.App.Ref/8.0.25/ref/net8.0/System.AppContext.dll
           /usr/lib/dotnet/packs/Microsoft.NETCore.App.Ref/8.0.25/ref/net8.0/System.Buffers.dll
           /usr/lib/dotnet/packs/Microsoft.NETCore.App.Ref/8.0.25/ref/net8.0/System.Collections.Concurrent.dll
           /usr/lib/dotnet/packs/Microsoft.NETCore.App.Ref/8.0.25/ref/net8.0/System.Collections.dll
           /usr/lib/dotnet/packs/Microsoft.NETCore.App.Ref/8.0.25/ref/net8.0/System.Collections.Immutable.dll
           /usr/lib/dotnet/packs/Microsoft.NETCore.App.Ref/8.0.25/ref/net8.0/System.Collections.NonGeneric.dll
           /usr/lib/dotnet/packs/Microsoft.NETCore.App.Ref/8.0.25/ref/net8.0/System.Collections.Specialized.dll
           /usr/lib/dotnet/packs/Microsoft.NETCore.App.Ref/8.0.25/ref/net8.0/System.ComponentModel.Annotations.dll
           /usr/lib/dotnet/packs/Microsoft.NETCore.App.Ref/8.0.25/ref/net8.0/System.ComponentModel.DataAnnotations.dll
           /usr/lib/dotnet/packs/Microsoft.NETCore.App.Ref/8.0.25/ref/net8.0/System.ComponentModel.dll
           /usr/lib/dotnet/packs/Microsoft.NETCore.App.Ref/8.0.25/ref/net8.0/System.ComponentModel.EventBasedAsync.dll
           /usr/lib/dotnet/packs/Microsoft.NETCore.App.Ref/8.0.25/ref/net8.0/System.ComponentModel.Primitives.dll
           /usr/lib/dotnet/packs/Microsoft.NETCore.App.Ref/8.0.25/ref/net8.0/System.ComponentModel.TypeConverter.dll
           /usr/lib/dotnet/packs/Microsoft.NETCore.App.Ref/8.0.25/ref/net8.0/System.Configuration.dll
           /usr/lib/dotnet/packs/Microsoft.NETCore.App.Ref/8.0.25/ref/net8.0/System.Console.dll
           /usr/lib/dotnet/packs/Microsoft.NETCore.App.Ref/8.0.25/ref/net8.0/System.Core.dll
           /usr/lib/dotnet/packs/Microsoft.NETCore.App.Ref/8.0.25/ref/net8.0/System.Data.Common.dll
           /usr/lib/dotnet/packs/Microsoft.NETCore.App.Ref/8.0.25/ref/net8.0/System.Data.DataSetExtensions.dll
           /usr/lib/dotnet/packs/Microsoft.NETCore.App.Ref/8.0.25/ref/net8.0/System.Data.dll
           /usr/lib/dotnet/packs/Microsoft.NETCore.App.Ref/8.0.25/ref/net8.0/System.Diagnostics.Contracts.dll
           /usr/lib/dotnet/packs/Microsoft.NETCore.App.Ref/8.0.25/ref/net8.0/System.Diagnostics.Debug.dll
           /usr/lib/dotnet/packs/Microsoft.NETCore.App.Ref/8.0.25/ref/net8.0/System.Diagnostics.DiagnosticSource.dll
           /usr/lib/dotnet/packs/Microsoft.NETCore.App.Ref/8.0.25/ref/net8.0/System.Diagnostics.FileVersionInfo.dll
           /usr/lib/dotnet/packs/Microsoft.NETCore.App.Ref/8.0.25/ref/net8.0/System.Diagnostics.Process.dll
           /usr/lib/dotnet/packs/Microsoft.NETCore.App.Ref/8.0.25/ref/net8.0/System.Diagnostics.StackTrace.dll
           /usr/lib/dotnet/packs/Microsoft.NETCore.App.Ref/8.0.25/ref/net8.0/System.Diagnostics.TextWriterTraceListener.dll
           /usr/lib/dotnet/packs/Microsoft.NETCore.App.Ref/8.0.25/ref/net8.0/System.Diagnostics.Tools.dll
           /usr/lib/dotnet/packs/Microsoft.NETCore.App.Ref/8.0.25/ref/net8.0/System.Diagnostics.TraceSource.dll
           /usr/lib/dotnet/packs/Microsoft.NETCore.App.Ref/8.0.25/ref/net8.0/System.Diagnostics.Tracing.dll
           /usr/lib/dotnet/packs/Microsoft.NETCore.App.Ref/8.0.25/ref/net8.0/System.dll
           /usr/lib/dotnet/packs/Microsoft.NETCore.App.Ref/8.0.25/ref/net8.0/System.Drawing.dll
           /usr/lib/dotnet/packs/Microsoft.NETCore.App.Ref/8.0.25/ref/net8.0/System.Drawing.Primitives.dll
           /usr/lib/dotnet/packs/Microsoft.NETCore.App.Ref/8.0.25/ref/net8.0/System.Dynamic.Runtime.dll
           /usr/lib/dotnet/packs/Microsoft.NETCore.App.Ref/8.0.25/ref/net8.0/System.Formats.Asn1.dll
           /usr/lib/dotnet/packs/Microsoft.NETCore.App.Ref/8.0.25/ref/net8.0/System.Formats.Tar.dll
           /usr/lib/dotnet/packs/Microsoft.NETCore.App.Ref/8.0.25/ref/net8.0/System.Globalization.Calendars.dll
           /usr/lib/dotnet/packs/Microsoft.NETCore.App.Ref/8.0.25/ref/net8.0/System.Globalization.dll
           /usr/lib/dotnet/packs/Microsoft.NETCore.App.Ref/8.0.25/ref/net8.0/System.Globalization.Extensions.dll
           /usr/lib/dotnet/packs/Microsoft.NETCore.App.Ref/8.0.25/ref/net8.0/System.IO.Compression.Brotli.dll
           /usr/lib/dotnet/packs/Microsoft.NETCore.App.Ref/8.0.25/ref/net8.0/System.IO.Compression.dll
           /usr/lib/dotnet/packs/Microsoft.NETCore.App.Ref/8.0.25/ref/net8.0/System.IO.Compression.FileSystem.dll
           /usr/lib/dotnet/packs/Microsoft.NETCore.App.Ref/8.0.25/ref/net8.0/System.IO.Compression.ZipFile.dll
           /usr/lib/dotnet/packs/Microsoft.NETCore.App.Ref/8.0.25/ref/net8.0/System.IO.dll
           /usr/lib/dotnet/packs/Microsoft.NETCore.App.Ref/8.0.25/ref/net8.0/System.IO.FileSystem.AccessControl.dll
           /usr/lib/dotnet/packs/Microsoft.NETCore.App.Ref/8.0.25/ref/net8.0/System.IO.FileSystem.dll
           /usr/lib/dotnet/packs/Microsoft.NETCore.App.Ref/8.0.25/ref/net8.0/System.IO.FileSystem.DriveInfo.dll
           /usr/lib/dotnet/packs/Microsoft.NETCore.App.Ref/8.0.25/ref/net8.0/System.IO.FileSystem.Primitives.dll
           /usr/lib/dotnet/packs/Microsoft.NETCore.App.Ref/8.0.25/ref/net8.0/System.IO.FileSystem.Watcher.dll
           /usr/lib/dotnet/packs/Microsoft.NETCore.App.Ref/8.0.25/ref/net8.0/System.IO.IsolatedStorage.dll
           /usr/lib/dotnet/packs/Microsoft.NETCore.App.Ref/8.0.25/ref/net8.0/System.IO.MemoryMappedFiles.dll
           /usr/lib/dotnet/packs/Microsoft.NETCore.App.Ref/8.0.25/ref/net8.0/System.IO.Pipes.AccessControl.dll
           /usr/lib/dotnet/packs/Microsoft.NETCore.App.Ref/8.0.25/ref/net8.0/System.IO.Pipes.dll
           /usr/lib/dotnet/packs/Microsoft.NETCore.App.Ref/8.0.25/ref/net8.0/System.IO.UnmanagedMemoryStream.dll
           /usr/lib/dotnet/packs/Microsoft.NETCore.App.Ref/8.0.25/ref/net8.0/System.Linq.dll
           /usr/lib/dotnet/packs/Microsoft.NETCore.App.Ref/8.0.25/ref/net8.0/System.Linq.Expressions.dll
           /usr/lib/dotnet/packs/Microsoft.NETCore.App.Ref/8.0.25/ref/net8.0/System.Linq.Parallel.dll
           /usr/lib/dotnet/packs/Microsoft.NETCore.App.Ref/8.0.25/ref/net8.0/System.Linq.Queryable.dll
           /usr/lib/dotnet/packs/Microsoft.NETCore.App.Ref/8.0.25/ref/net8.0/System.Memory.dll
           /usr/lib/dotnet/packs/Microsoft.NETCore.App.Ref/8.0.25/ref/net8.0/System.Net.dll
           /usr/lib/dotnet/packs/Microsoft.NETCore.App.Ref/8.0.25/ref/net8.0/System.Net.Http.dll
           /usr/lib/dotnet/packs/Microsoft.NETCore.App.Ref/8.0.25/ref/net8.0/System.Net.Http.Json.dll
           /usr/lib/dotnet/packs/Microsoft.NETCore.App.Ref/8.0.25/ref/net8.0/System.Net.HttpListener.dll
           /usr/lib/dotnet/packs/Microsoft.NETCore.App.Ref/8.0.25/ref/net8.0/System.Net.Mail.dll
           /usr/lib/dotnet/packs/Microsoft.NETCore.App.Ref/8.0.25/ref/net8.0/System.Net.NameResolution.dll
           /usr/lib/dotnet/packs/Microsoft.NETCore.App.Ref/8.0.25/ref/net8.0/System.Net.NetworkInformation.dll
           /usr/lib/dotnet/packs/Microsoft.NETCore.App.Ref/8.0.25/ref/net8.0/System.Net.Ping.dll
           /usr/lib/dotnet/packs/Microsoft.NETCore.App.Ref/8.0.25/ref/net8.0/System.Net.Primitives.dll
           /usr/lib/dotnet/packs/Microsoft.NETCore.App.Ref/8.0.25/ref/net8.0/System.Net.Quic.dll
           /usr/lib/dotnet/packs/Microsoft.NETCore.App.Ref/8.0.25/ref/net8.0/System.Net.Requests.dll
           /usr/lib/dotnet/packs/Microsoft.NETCore.App.Ref/8.0.25/ref/net8.0/System.Net.Security.dll
           /usr/lib/dotnet/packs/Microsoft.NETCore.App.Ref/8.0.25/ref/net8.0/System.Net.ServicePoint.dll
           /usr/lib/dotnet/packs/Microsoft.NETCore.App.Ref/8.0.25/ref/net8.0/System.Net.Sockets.dll
           /usr/lib/dotnet/packs/Microsoft.NETCore.App.Ref/8.0.25/ref/net8.0/System.Net.WebClient.dll
           /usr/lib/dotnet/packs/Microsoft.NETCore.App.Ref/8.0.25/ref/net8.0/System.Net.WebHeaderCollection.dll
           /usr/lib/dotnet/packs/Microsoft.NETCore.App.Ref/8.0.25/ref/net8.0/System.Net.WebProxy.dll
           /usr/lib/dotnet/packs/Microsoft.NETCore.App.Ref/8.0.25/ref/net8.0/System.Net.WebSockets.Client.dll
           /usr/lib/dotnet/packs/Microsoft.NETCore.App.Ref/8.0.25/ref/net8.0/System.Net.WebSockets.dll
           /usr/lib/dotnet/packs/Microsoft.NETCore.App.Ref/8.0.25/ref/net8.0/System.Numerics.dll
           /usr/lib/dotnet/packs/Microsoft.NETCore.App.Ref/8.0.25/ref/net8.0/System.Numerics.Vectors.dll
           /usr/lib/dotnet/packs/Microsoft.NETCore.App.Ref/8.0.25/ref/net8.0/System.ObjectModel.dll
           /usr/lib/dotnet/packs/Microsoft.NETCore.App.Ref/8.0.25/ref/net8.0/System.Reflection.DispatchProxy.dll
           /usr/lib/dotnet/packs/Microsoft.NETCore.App.Ref/8.0.25/ref/net8.0/System.Reflection.dll
           /usr/lib/dotnet/packs/Microsoft.NETCore.App.Ref/8.0.25/ref/net8.0/System.Reflection.Emit.dll
           /usr/lib/dotnet/packs/Microsoft.NETCore.App.Ref/8.0.25/ref/net8.0/System.Reflection.Emit.ILGeneration.dll
           /usr/lib/dotnet/packs/Microsoft.NETCore.App.Ref/8.0.25/ref/net8.0/System.Reflection.Emit.Lightweight.dll
           /usr/lib/dotnet/packs/Microsoft.NETCore.App.Ref/8.0.25/ref/net8.0/System.Reflection.Extensions.dll
           /usr/lib/dotnet/packs/Microsoft.NETCore.App.Ref/8.0.25/ref/net8.0/System.Reflection.Metadata.dll
           /usr/lib/dotnet/packs/Microsoft.NETCore.App.Ref/8.0.25/ref/net8.0/System.Reflection.Primitives.dll
           /usr/lib/dotnet/packs/Microsoft.NETCore.App.Ref/8.0.25/ref/net8.0/System.Reflection.TypeExtensions.dll
           /usr/lib/dotnet/packs/Microsoft.NETCore.App.Ref/8.0.25/ref/net8.0/System.Resources.Reader.dll
           /usr/lib/dotnet/packs/Microsoft.NETCore.App.Ref/8.0.25/ref/net8.0/System.Resources.ResourceManager.dll
           /usr/lib/dotnet/packs/Microsoft.NETCore.App.Ref/8.0.25/ref/net8.0/System.Resources.Writer.dll
           /usr/lib/dotnet/packs/Microsoft.NETCore.App.Ref/8.0.25/ref/net8.0/System.Runtime.CompilerServices.Unsafe.dll
           /usr/lib/dotnet/packs/Microsoft.NETCore.App.Ref/8.0.25/ref/net8.0/System.Runtime.CompilerServices.VisualC.dll
           /usr/lib/dotnet/packs/Microsoft.NETCore.App.Ref/8.0.25/ref/net8.0/System.Runtime.dll
           /usr/lib/dotnet/packs/Microsoft.NETCore.App.Ref/8.0.25/ref/net8.0/System.Runtime.Extensions.dll
           /usr/lib/dotnet/packs/Microsoft.NETCore.App.Ref/8.0.25/ref/net8.0/System.Runtime.Handles.dll
           /usr/lib/dotnet/packs/Microsoft.NETCore.App.Ref/8.0.25/ref/net8.0/System.Runtime.InteropServices.dll
           /usr/lib/dotnet/packs/Microsoft.NETCore.App.Ref/8.0.25/ref/net8.0/System.Runtime.InteropServices.JavaScript.dll
           /usr/lib/dotnet/packs/Microsoft.NETCore.App.Ref/8.0.25/ref/net8.0/System.Runtime.InteropServices.RuntimeInformation.dll
           /usr/lib/dotnet/packs/Microsoft.NETCore.App.Ref/8.0.25/ref/net8.0/System.Runtime.Intrinsics.dll
           /usr/lib/dotnet/packs/Microsoft.NETCore.App.Ref/8.0.25/ref/net8.0/System.Runtime.Loader.dll
           /usr/lib/dotnet/packs/Microsoft.NETCore.App.Ref/8.0.25/ref/net8.0/System.Runtime.Numerics.dll
           /usr/lib/dotnet/packs/Microsoft.NETCore.App.Ref/8.0.25/ref/net8.0/System.Runtime.Serialization.dll
           /usr/lib/dotnet/packs/Microsoft.NETCore.App.Ref/8.0.25/ref/net8.0/System.Runtime.Serialization.Formatters.dll
           /usr/lib/dotnet/packs/Microsoft.NETCore.App.Ref/8.0.25/ref/net8.0/System.Runtime.Serialization.Json.dll
           /usr/lib/dotnet/packs/Microsoft.NETCore.App.Ref/8.0.25/ref/net8.0/System.Runtime.Serialization.Primitives.dll
           /usr/lib/dotnet/packs/Microsoft.NETCore.App.Ref/8.0.25/ref/net8.0/System.Runtime.Serialization.Xml.dll
           /usr/lib/dotnet/packs/Microsoft.NETCore.App.Ref/8.0.25/ref/net8.0/System.Security.AccessControl.dll
           /usr/lib/dotnet/packs/Microsoft.NETCore.App.Ref/8.0.25/ref/net8.0/System.Security.Claims.dll
           /usr/lib/dotnet/packs/Microsoft.NETCore.App.Ref/8.0.25/ref/net8.0/System.Security.Cryptography.Algorithms.dll
           /usr/lib/dotnet/packs/Microsoft.NETCore.App.Ref/8.0.25/ref/net8.0/System.Security.Cryptography.Cng.dll
           /usr/lib/dotnet/packs/Microsoft.NETCore.App.Ref/8.0.25/ref/net8.0/System.Security.Cryptography.Csp.dll
           /usr/lib/dotnet/packs/Microsoft.NETCore.App.Ref/8.0.25/ref/net8.0/System.Security.Cryptography.dll
           /usr/lib/dotnet/packs/Microsoft.NETCore.App.Ref/8.0.25/ref/net8.0/System.Security.Cryptography.Encoding.dll
           /usr/lib/dotnet/packs/Microsoft.NETCore.App.Ref/8.0.25/ref/net8.0/System.Security.Cryptography.OpenSsl.dll
           /usr/lib/dotnet/packs/Microsoft.NETCore.App.Ref/8.0.25/ref/net8.0/System.Security.Cryptography.Primitives.dll
           /usr/lib/dotnet/packs/Microsoft.NETCore.App.Ref/8.0.25/ref/net8.0/System.Security.Cryptography.X509Certificates.dll
           /usr/lib/dotnet/packs/Microsoft.NETCore.App.Ref/8.0.25/ref/net8.0/System.Security.dll
           /usr/lib/dotnet/packs/Microsoft.NETCore.App.Ref/8.0.25/ref/net8.0/System.Security.Principal.dll
           /usr/lib/dotnet/packs/Microsoft.NETCore.App.Ref/8.0.25/ref/net8.0/System.Security.Principal.Windows.dll
           /usr/lib/dotnet/packs/Microsoft.NETCore.App.Ref/8.0.25/ref/net8.0/System.Security.SecureString.dll
           /usr/lib/dotnet/packs/Microsoft.NETCore.App.Ref/8.0.25/ref/net8.0/System.ServiceModel.Web.dll
           /usr/lib/dotnet/packs/Microsoft.NETCore.App.Ref/8.0.25/ref/net8.0/System.ServiceProcess.dll
           /usr/lib/dotnet/packs/Microsoft.NETCore.App.Ref/8.0.25/ref/net8.0/System.Text.Encoding.CodePages.dll
           /usr/lib/dotnet/packs/Microsoft.NETCore.App.Ref/8.0.25/ref/net8.0/System.Text.Encoding.dll
           /usr/lib/dotnet/packs/Microsoft.NETCore.App.Ref/8.0.25/ref/net8.0/System.Text.Encoding.Extensions.dll
           /usr/lib/dotnet/packs/Microsoft.NETCore.App.Ref/8.0.25/ref/net8.0/System.Text.Encodings.Web.dll
           /usr/lib/dotnet/packs/Microsoft.NETCore.App.Ref/8.0.25/ref/net8.0/System.Text.Json.dll
           /usr/lib/dotnet/packs/Microsoft.NETCore.App.Ref/8.0.25/ref/net8.0/System.Text.RegularExpressions.dll
           /usr/lib/dotnet/packs/Microsoft.NETCore.App.Ref/8.0.25/ref/net8.0/System.Threading.Channels.dll
           /usr/lib/dotnet/packs/Microsoft.NETCore.App.Ref/8.0.25/ref/net8.0/System.Threading.dll
           /usr/lib/dotnet/packs/Microsoft.NETCore.App.Ref/8.0.25/ref/net8.0/System.Threading.Overlapped.dll
           /usr/lib/dotnet/packs/Microsoft.NETCore.App.Ref/8.0.25/ref/net8.0/System.Threading.Tasks.Dataflow.dll
           /usr/lib/dotnet/packs/Microsoft.NETCore.App.Ref/8.0.25/ref/net8.0/System.Threading.Tasks.dll
           /usr/lib/dotnet/packs/Microsoft.NETCore.App.Ref/8.0.25/ref/net8.0/System.Threading.Tasks.Extensions.dll
           /usr/lib/dotnet/packs/Microsoft.NETCore.App.Ref/8.0.25/ref/net8.0/System.Threading.Tasks.Parallel.dll
           /usr/lib/dotnet/packs/Microsoft.NETCore.App.Ref/8.0.25/ref/net8.0/System.Threading.Thread.dll
           /usr/lib/dotnet/packs/Microsoft.NETCore.App.Ref/8.0.25/ref/net8.0/System.Threading.ThreadPool.dll
           /usr/lib/dotnet/packs/Microsoft.NETCore.App.Ref/8.0.25/ref/net8.0/System.Threading.Timer.dll
           /usr/lib/dotnet/packs/Microsoft.NETCore.App.Ref/8.0.25/ref/net8.0/System.Transactions.dll
           /usr/lib/dotnet/packs/Microsoft.NETCore.App.Ref/8.0.25/ref/net8.0/System.Transactions.Local.dll
           /usr/lib/dotnet/packs/Microsoft.NETCore.App.Ref/8.0.25/ref/net8.0/System.ValueTuple.dll
           /usr/lib/dotnet/packs/Microsoft.NETCore.App.Ref/8.0.25/ref/net8.0/System.Web.dll
           /usr/lib/dotnet/packs/Microsoft.NETCore.App.Ref/8.0.25/ref/net8.0/System.Web.HttpUtility.dll
           /usr/lib/dotnet/packs/Microsoft.NETCore.App.Ref/8.0.25/ref/net8.0/System.Windows.dll
           /usr/lib/dotnet/packs/Microsoft.NETCore.App.Ref/8.0.25/ref/net8.0/System.Xml.dll
           /usr/lib/dotnet/packs/Microsoft.NETCore.App.Ref/8.0.25/ref/net8.0/System.Xml.Linq.dll
           /usr/lib/dotnet/packs/Microsoft.NETCore.App.Ref/8.0.25/ref/net8.0/System.Xml.ReaderWriter.dll
           /usr/lib/dotnet/packs/Microsoft.NETCore.App.Ref/8.0.25/ref/net8.0/System.Xml.Serialization.dll
           /usr/lib/dotnet/packs/Microsoft.NETCore.App.Ref/8.0.25/ref/net8.0/System.Xml.XDocument.dll
           /usr/lib/dotnet/packs/Microsoft.NETCore.App.Ref/8.0.25/ref/net8.0/System.Xml.XmlDocument.dll
           /usr/lib/dotnet/packs/Microsoft.NETCore.App.Ref/8.0.25/ref/net8.0/System.Xml.XmlSerializer.dll
           /usr/lib/dotnet/packs/Microsoft.NETCore.App.Ref/8.0.25/ref/net8.0/System.Xml.XPath.dll
           /usr/lib/dotnet/packs/Microsoft.NETCore.App.Ref/8.0.25/ref/net8.0/System.Xml.XPath.XDocument.dll
           /usr/lib/dotnet/packs/Microsoft.NETCore.App.Ref/8.0.25/ref/net8.0/WindowsBase.dll
           obj/Debug/net8.0/Cadastro.Domain.csproj.CoreCompileInputs.cache
           /usr/lib/dotnet/sdk/10.0.104/Sdks/Microsoft.NET.Sdk/targets/../analyzers/Microsoft.CodeAnalysis.CSharp.NetAnalyzers.dll
           /usr/lib/dotnet/sdk/10.0.104/Sdks/Microsoft.NET.Sdk/targets/../analyzers/Microsoft.CodeAnalysis.NetAnalyzers.dll
           /usr/lib/dotnet/packs/Microsoft.NETCore.App.Ref/8.0.25/analyzers/dotnet/cs/Microsoft.Interop.ComInterfaceGenerator.dll
           /usr/lib/dotnet/packs/Microsoft.NETCore.App.Ref/8.0.25/analyzers/dotnet/cs/Microsoft.Interop.JavaScript.JSImportGenerator.dll
           /usr/lib/dotnet/packs/Microsoft.NETCore.App.Ref/8.0.25/analyzers/dotnet/cs/Microsoft.Interop.LibraryImportGenerator.dll
           /usr/lib/dotnet/packs/Microsoft.NETCore.App.Ref/8.0.25/analyzers/dotnet/cs/Microsoft.Interop.SourceGeneration.dll
           /usr/lib/dotnet/packs/Microsoft.NETCore.App.Ref/8.0.25/analyzers/dotnet/cs/System.Text.Json.SourceGeneration.dll
           /usr/lib/dotnet/packs/Microsoft.NETCore.App.Ref/8.0.25/analyzers/dotnet/cs/System.Text.RegularExpressions.Generator.dll
           obj/Debug/net8.0/Cadastro.Domain.GeneratedMSBuildEditorConfig.editorconfig
           /usr/lib/dotnet/sdk/10.0.104/Sdks/Microsoft.NET.Sdk/analyzers/build/config/analysislevel_8_default.globalconfig
           /home/tsgomes/mcad/services/cadastro-api/3-Domain/Cadastro.Domain/obj/Cadastro.Domain.csproj.nuget.g.props
           /usr/lib/dotnet/sdk/10.0.104/Current/Microsoft.Common.targets/ImportAfter/Microsoft.TestPlatform.ImportAfter.targets
           obj/Debug/net8.0/Cadastro.Domain.sourcelink.json
       Output files: 
           obj/Debug/net8.0/Cadastro.Domain.dll
           obj/Debug/net8.0/refint/Cadastro.Domain.dll
           obj/Debug/net8.0/Cadastro.Domain.pdb
       /usr/lib/dotnet/sdk/10.0.104/Roslyn/Microsoft.CSharp.Core.targets(66,7): message : Property reassignment: $(NoWarn)="1701;1702;1701;1702" (previous value: "1701;1702") at /usr/lib/dotnet/sdk/10.0.104/Roslyn/Microsoft.CSharp.Core.targets (66,7) [/home/tsgomes/mcad/services/cadastro-api/3-Domain/Cadastro.Domain/Cadastro.Domain.csproj]
   2:6>Done building target "CoreCompile" in project "Cadastro.Domain.csproj".
   2:6>Target "AfterCompile" in file "/usr/lib/dotnet/sdk/10.0.104/Microsoft.Common.CurrentVersion.targets" from project "/home/tsgomes/mcad/services/cadastro-api/3-Domain/Cadastro.Domain/Cadastro.Domain.csproj" (target "Compile" depends on it):
   2:6>Done building target "AfterCompile" in project "Cadastro.Domain.csproj".
   2:6>Target "Compile" in file "/usr/lib/dotnet/sdk/10.0.104/Microsoft.Common.CurrentVersion.targets" from project "/home/tsgomes/mcad/services/cadastro-api/3-Domain/Cadastro.Domain/Cadastro.Domain.csproj" (target "CoreBuild" depends on it):
   2:6>Done building target "Compile" in project "Cadastro.Domain.csproj".
   2:6>Target "_GenerateSatelliteAssemblyInputs" in file "/usr/lib/dotnet/sdk/10.0.104/Microsoft.Common.CurrentVersion.targets" from project "/home/tsgomes/mcad/services/cadastro-api/3-Domain/Cadastro.Domain/Cadastro.Domain.csproj" (target "CreateSatelliteAssemblies" depends on it):
   2:6>Done building target "_GenerateSatelliteAssemblyInputs" in project "Cadastro.Domain.csproj".
   2:6>Target "CreateSatelliteAssemblies" in file "/usr/lib/dotnet/sdk/10.0.104/Microsoft.Common.CurrentVersion.targets" from project "/home/tsgomes/mcad/services/cadastro-api/3-Domain/Cadastro.Domain/Cadastro.Domain.csproj" (target "CoreBuild" depends on it):
   2:6>Done building target "CreateSatelliteAssemblies" in project "Cadastro.Domain.csproj".
   2:6>Target "GetTargetPathWithTargetPlatformMoniker" in file "/usr/lib/dotnet/sdk/10.0.104/Microsoft.Common.CurrentVersion.targets" from project "/home/tsgomes/mcad/services/cadastro-api/3-Domain/Cadastro.Domain/Cadastro.Domain.csproj" (target "GetTargetPath" depends on it):
   2:6>Done building target "GetTargetPathWithTargetPlatformMoniker" in project "Cadastro.Domain.csproj".
   2:6>Target "GetTargetPath" in file "/usr/lib/dotnet/sdk/10.0.104/Microsoft.Common.CurrentVersion.targets" from project "/home/tsgomes/mcad/services/cadastro-api/3-Domain/Cadastro.Domain/Cadastro.Domain.csproj" (target "CoreBuild" depends on it):
   2:6>Done building target "GetTargetPath" in project "Cadastro.Domain.csproj".
       Target "AssignTargetPaths" skipped. Previously built successfully.
       Target "_SplitProjectReferencesByFileExistence" skipped. Previously built successfully.
       Target "_GetProjectReferenceTargetFrameworkProperties" skipped. Previously built successfully.
   2:6>Target "_PopulateCommonStateForGetCopyToOutputDirectoryItems" in file "/usr/lib/dotnet/sdk/10.0.104/Microsoft.Common.CurrentVersion.targets" from project "/home/tsgomes/mcad/services/cadastro-api/3-Domain/Cadastro.Domain/Cadastro.Domain.csproj" (target "GetCopyToOutputDirectoryItems" depends on it):
   2:6>Done building target "_PopulateCommonStateForGetCopyToOutputDirectoryItems" in project "Cadastro.Domain.csproj".
   2:6>Target "GetCopyToOutputDirectoryItems" in file "/usr/lib/dotnet/sdk/10.0.104/Microsoft.Common.CurrentVersion.targets" from project "/home/tsgomes/mcad/services/cadastro-api/3-Domain/Cadastro.Domain/Cadastro.Domain.csproj" (target "_CopySourceItemsToOutputDirectory" depends on it):
       Using "CallTarget" task from assembly "Microsoft.Build.Tasks.Core, Version=15.1.0.0, Culture=neutral, PublicKeyToken=b03f5f7f11d50a3a".
       Task "CallTarget"
       Target "_PopulateCommonStateForGetCopyToOutputDirectoryItems" skipped. Previously built successfully.
       Target "_AddOutputPathToGlobalPropertiesToRemove" skipped. Previously built successfully.
   2:6>Target "_GetCopyToOutputDirectoryItemsFromTransitiveProjectReferences" in file "/usr/lib/dotnet/sdk/10.0.104/Microsoft.Common.CurrentVersion.targets" from project "/home/tsgomes/mcad/services/cadastro-api/3-Domain/Cadastro.Domain/Cadastro.Domain.csproj" (target "GetCopyToOutputDirectoryItems" depends on it):
       Task "AssignTargetPath"
       Done executing task "AssignTargetPath".
   2:6>Done building target "_GetCopyToOutputDirectoryItemsFromTransitiveProjectReferences" in project "Cadastro.Domain.csproj".
       Done executing task "CallTarget".
       Task "CallTarget"
       Target "AssignTargetPaths" skipped. Previously built successfully.
       Target "_PopulateCommonStateForGetCopyToOutputDirectoryItems" skipped. Previously built successfully.
   2:6>Target "_GetCopyToOutputDirectoryItemsFromThisProject" in file "/usr/lib/dotnet/sdk/10.0.104/Microsoft.Common.CurrentVersion.targets" from project "/home/tsgomes/mcad/services/cadastro-api/3-Domain/Cadastro.Domain/Cadastro.Domain.csproj" (target "GetCopyToOutputDirectoryItems" depends on it):
       Task "AssignTargetPath"
       Done executing task "AssignTargetPath".
   2:6>Done building target "_GetCopyToOutputDirectoryItemsFromThisProject" in project "Cadastro.Domain.csproj".
       Done executing task "CallTarget".
   2:6>Done building target "GetCopyToOutputDirectoryItems" in project "Cadastro.Domain.csproj".
   2:6>Target "_CopySourceItemsToOutputDirectory" in file "/usr/lib/dotnet/sdk/10.0.104/Microsoft.Common.CurrentVersion.targets" from project "/home/tsgomes/mcad/services/cadastro-api/3-Domain/Cadastro.Domain/Cadastro.Domain.csproj" (target "CopyFilesToOutputDirectory" depends on it):
   2:6>Done building target "_CopySourceItemsToOutputDirectory" in project "Cadastro.Domain.csproj".
   2:6>Target "_CheckForCompileOutputs" in file "/usr/lib/dotnet/sdk/10.0.104/Microsoft.Common.CurrentVersion.targets" from project "/home/tsgomes/mcad/services/cadastro-api/3-Domain/Cadastro.Domain/Cadastro.Domain.csproj" (target "CopyFilesToOutputDirectory" depends on it):
   2:6>Done building target "_CheckForCompileOutputs" in project "Cadastro.Domain.csproj".
       Target "_DefaultMicrosoftNETPlatformLibrary" skipped. Previously built successfully.
       Target "_HandlePackageFileConflicts" skipped. Previously built successfully.
       Target "ResolveAssemblyReferences" skipped. Previously built successfully.
   2:6>Target "_ComputeReferenceAssemblies" in file "/usr/lib/dotnet/sdk/10.0.104/Sdks/Microsoft.NET.Sdk/targets/Microsoft.NET.Sdk.targets" from project "/home/tsgomes/mcad/services/cadastro-api/3-Domain/Cadastro.Domain/Cadastro.Domain.csproj" (target "GenerateBuildDependencyFile" depends on it):
   2:6>Done building target "_ComputeReferenceAssemblies" in project "Cadastro.Domain.csproj".
   2:6>Target "_ComputeUserRuntimeAssemblies" in file "/usr/lib/dotnet/sdk/10.0.104/Sdks/Microsoft.NET.Sdk/targets/Microsoft.NET.Sdk.targets" from project "/home/tsgomes/mcad/services/cadastro-api/3-Domain/Cadastro.Domain/Cadastro.Domain.csproj" (target "GenerateBuildDependencyFile" depends on it):
   2:6>Done building target "_ComputeUserRuntimeAssemblies" in project "Cadastro.Domain.csproj".
       Target "_ComputePackageReferencePublish" skipped. Previously built successfully.
   2:6>Target "GenerateBuildDependencyFile" in file "/usr/lib/dotnet/sdk/10.0.104/Sdks/Microsoft.NET.Sdk/targets/Microsoft.NET.Sdk.targets" from project "/home/tsgomes/mcad/services/cadastro-api/3-Domain/Cadastro.Domain/Cadastro.Domain.csproj" (target "CopyFilesToOutputDirectory" depends on it):
       Skipping target "GenerateBuildDependencyFile" because all output files are up-to-date with respect to the input files.
       Input files: 
           /home/tsgomes/mcad/services/cadastro-api/3-Domain/Cadastro.Domain/obj/project.assets.json
           /home/tsgomes/mcad/services/cadastro-api/3-Domain/Cadastro.Domain/obj/Debug/net8.0/Cadastro.Domain.assets.cache
           /home/tsgomes/mcad/services/cadastro-api/3-Domain/Cadastro.Domain/obj/Cadastro.Domain.csproj.nuget.g.props
           /usr/lib/dotnet/sdk/10.0.104/Current/Microsoft.Common.targets/ImportAfter/Microsoft.TestPlatform.ImportAfter.targets
       Output files: /home/tsgomes/mcad/services/cadastro-api/3-Domain/Cadastro.Domain/bin/Debug/net8.0/Cadastro.Domain.deps.json
   2:6>Done building target "GenerateBuildDependencyFile" in project "Cadastro.Domain.csproj".
   2:6>Target "CopyFilesToOutputDirectory" in file "/usr/lib/dotnet/sdk/10.0.104/Microsoft.Common.CurrentVersion.targets" from project "/home/tsgomes/mcad/services/cadastro-api/3-Domain/Cadastro.Domain/Cadastro.Domain.csproj" (target "PrepareForRun" depends on it):
       Using "Copy" task from assembly "Microsoft.Build.Tasks.Core, Version=15.1.0.0, Culture=neutral, PublicKeyToken=b03f5f7f11d50a3a".
       Task "Copy"
         Did not copy from file "obj/Debug/net8.0/Cadastro.Domain.dll" to file "bin/Debug/net8.0/Cadastro.Domain.dll" because the "SkipUnchangedFiles" parameter was set to "true" in the project and the files' sizes and timestamps match.
       Done executing task "Copy".
       Using "CopyRefAssembly" task from assembly "/usr/lib/dotnet/sdk/10.0.104/Sdks/Microsoft.NET.Sdk/targets/../../../Roslyn/Microsoft.Build.Tasks.CodeAnalysis.dll".
       Task "CopyRefAssembly"
         Reference assembly "/home/tsgomes/mcad/services/cadastro-api/3-Domain/Cadastro.Domain/obj/Debug/net8.0/ref/Cadastro.Domain.dll" already has latest information. Leaving it untouched.
       Done executing task "CopyRefAssembly".
       Task "Message"
         Cadastro.Domain -> /home/tsgomes/mcad/services/cadastro-api/3-Domain/Cadastro.Domain/bin/Debug/net8.0/Cadastro.Domain.dll
       Done executing task "Message".
       Task "Copy"
         Did not copy from file "obj/Debug/net8.0/Cadastro.Domain.pdb" to file "bin/Debug/net8.0/Cadastro.Domain.pdb" because the "SkipUnchangedFiles" parameter was set to "true" in the project and the files' sizes and timestamps match.
       Done executing task "Copy".
   2:6>Done building target "CopyFilesToOutputDirectory" in project "Cadastro.Domain.csproj".
   2:6>Target "PrepareForRun" in file "/usr/lib/dotnet/sdk/10.0.104/Microsoft.Common.CurrentVersion.targets" from project "/home/tsgomes/mcad/services/cadastro-api/3-Domain/Cadastro.Domain/Cadastro.Domain.csproj" (target "CoreBuild" depends on it):
   2:6>Done building target "PrepareForRun" in project "Cadastro.Domain.csproj".
       Target "_CheckForCompileOutputs" skipped. Previously built successfully.
   2:6>Target "_CleanGetCurrentAndPriorFileWrites" in file "/usr/lib/dotnet/sdk/10.0.104/Microsoft.Common.CurrentVersion.targets" from project "/home/tsgomes/mcad/services/cadastro-api/3-Domain/Cadastro.Domain/Cadastro.Domain.csproj" (target "IncrementalClean" depends on it):
       Using "ReadLinesFromFile" task from assembly "Microsoft.Build.Tasks.Core, Version=15.1.0.0, Culture=neutral, PublicKeyToken=b03f5f7f11d50a3a".
       Task "ReadLinesFromFile"
       Done executing task "ReadLinesFromFile".
       Task "ConvertToAbsolutePath"
       Done executing task "ConvertToAbsolutePath".
       Using "FindUnderPath" task from assembly "Microsoft.Build.Tasks.Core, Version=15.1.0.0, Culture=neutral, PublicKeyToken=b03f5f7f11d50a3a".
       Task "FindUnderPath"
         Comparison path is "/home/tsgomes/mcad/services/cadastro-api/3-Domain/Cadastro.Domain".
       Done executing task "FindUnderPath".
       Task "FindUnderPath"
         Comparison path is "bin/Debug/net8.0/".
       Done executing task "FindUnderPath".
       Task "FindUnderPath"
         Comparison path is "obj/Debug/net8.0/".
       Done executing task "FindUnderPath".
       Task "RemoveDuplicates"
       Done executing task "RemoveDuplicates".
   2:6>Done building target "_CleanGetCurrentAndPriorFileWrites" in project "Cadastro.Domain.csproj".
   2:6>Target "IncrementalClean" in file "/usr/lib/dotnet/sdk/10.0.104/Microsoft.Common.CurrentVersion.targets" from project "/home/tsgomes/mcad/services/cadastro-api/3-Domain/Cadastro.Domain/Cadastro.Domain.csproj" (target "CoreBuild" depends on it):
       Task "FindUnderPath"
         Comparison path is "bin/Debug/net8.0/".
       Done executing task "FindUnderPath".
       Task "FindUnderPath"
         Comparison path is "obj/Debug/net8.0/".
       Done executing task "FindUnderPath".
       Using "Delete" task from assembly "Microsoft.Build.Tasks.Core, Version=15.1.0.0, Culture=neutral, PublicKeyToken=b03f5f7f11d50a3a".
       Task "Delete"
       Done executing task "Delete".
       Task "RemoveDuplicates"
       Done executing task "RemoveDuplicates".
   2:6>Done building target "IncrementalClean" in project "Cadastro.Domain.csproj".
       Target "GenerateBuildDependencyFile" skipped. Previously built successfully.
   2:6>Target "CoreBuild" in file "/usr/lib/dotnet/sdk/10.0.104/Microsoft.Common.CurrentVersion.targets" from project "/home/tsgomes/mcad/services/cadastro-api/3-Domain/Cadastro.Domain/Cadastro.Domain.csproj" (target "Build" depends on it):
   2:6>Done building target "CoreBuild" in project "Cadastro.Domain.csproj".
   2:6>Target "AfterBuild" in file "/usr/lib/dotnet/sdk/10.0.104/Microsoft.Common.CurrentVersion.targets" from project "/home/tsgomes/mcad/services/cadastro-api/3-Domain/Cadastro.Domain/Cadastro.Domain.csproj" (target "Build" depends on it):
   2:6>Done building target "AfterBuild" in project "Cadastro.Domain.csproj".
       Target "_CheckForInvalidConfigurationAndPlatform" skipped. Previously built successfully.
       Target "_CheckForInvalidConfigurationAndPlatform" skipped. Previously built successfully.
   2:6>Target "Build" in file "/usr/lib/dotnet/sdk/10.0.104/Microsoft.Common.CurrentVersion.targets" from project "/home/tsgomes/mcad/services/cadastro-api/3-Domain/Cadastro.Domain/Cadastro.Domain.csproj" (entry point):
   2:6>Done building target "Build" in project "Cadastro.Domain.csproj".
   2:6>Target "_CheckContainersPackage" in file "/usr/lib/dotnet/sdk/10.0.104/Containers/build/Microsoft.NET.Build.Containers.targets" from project "/home/tsgomes/mcad/services/cadastro-api/3-Domain/Cadastro.Domain/Cadastro.Domain.csproj" (entry point):
   2:6>Done building target "_CheckContainersPackage" in project "Cadastro.Domain.csproj".
   2:6>Done Building Project "/home/tsgomes/mcad/services/cadastro-api/3-Domain/Cadastro.Domain/Cadastro.Domain.csproj" (default targets).
   1:7>Done executing task "MSBuild".
       Task "MSBuild"
         Removing Properties for project "../../3-Domain/Cadastro.Domain/Cadastro.Domain.csproj":
           TargetFramework
           RuntimeIdentifier
           SelfContained
   1:7>Project "/home/tsgomes/mcad/services/cadastro-api/2-Application/Cadastro.Application/Cadastro.Application.csproj" (1:7) is building "/home/tsgomes/mcad/services/cadastro-api/3-Domain/Cadastro.Domain/Cadastro.Domain.csproj" (2:7) on node 1 (GetNativeManifest target(s)).
   2:7>Target "GetNativeManifest" in file "/usr/lib/dotnet/sdk/10.0.104/Microsoft.Common.CurrentVersion.targets" from project "/home/tsgomes/mcad/services/cadastro-api/3-Domain/Cadastro.Domain/Cadastro.Domain.csproj" (entry point):
   2:7>Done building target "GetNativeManifest" in project "Cadastro.Domain.csproj".
   2:7>Done Building Project "/home/tsgomes/mcad/services/cadastro-api/3-Domain/Cadastro.Domain/Cadastro.Domain.csproj" (GetNativeManifest target(s)).
   1:7>Done executing task "MSBuild".
   1:7>Done building target "ResolveProjectReferences" in project "Cadastro.Application.csproj".
       Target "ResolveProjectReferences" skipped. Previously built successfully.
       Target "GetFrameworkPaths" skipped. Previously built successfully.
       Target "GetReferenceAssemblyPaths" skipped. Previously built successfully.
       Target "PrepareForBuild" skipped. Previously built successfully.
   1:7>Target "ResolveSDKReferences" in file "/usr/lib/dotnet/sdk/10.0.104/Microsoft.Common.CurrentVersion.targets" from project "/home/tsgomes/mcad/services/cadastro-api/2-Application/Cadastro.Application/Cadastro.Application.csproj" (target "ResolveAssemblyReferences" depends on it):
   1:7>Done building target "ResolveSDKReferences" in project "Cadastro.Application.csproj".
       Target "ResolveSDKReferences" skipped. Previously built successfully.
   1:7>Target "ExpandSDKReferences" in file "/usr/lib/dotnet/sdk/10.0.104/Microsoft.Common.CurrentVersion.targets" from project "/home/tsgomes/mcad/services/cadastro-api/2-Application/Cadastro.Application/Cadastro.Application.csproj" (target "ResolveAssemblyReferences" depends on it):
   1:7>Done building target "ExpandSDKReferences" in project "Cadastro.Application.csproj".
       Target "ResolvePackageDependenciesForBuild" skipped. Previously built successfully.
       Target "GetFrameworkPaths" skipped. Previously built successfully.
       Target "GetReferenceAssemblyPaths" skipped. Previously built successfully.
       Target "ProcessFrameworkReferences" skipped. Previously built successfully.
       Target "ResolvePackageAssets" skipped. Previously built successfully.
   1:7>Target "ResolveFrameworkReferences" in file "/usr/lib/dotnet/sdk/10.0.104/Sdks/Microsoft.NET.Sdk/targets/Microsoft.NET.Sdk.FrameworkReferenceResolution.targets" from project "/home/tsgomes/mcad/services/cadastro-api/2-Application/Cadastro.Application/Cadastro.Application.csproj" (target "ResolveTargetingPackAssets" depends on it):
       Using "GetPackageDirectory" task from assembly "/usr/lib/dotnet/sdk/10.0.104/Sdks/Microsoft.NET.Sdk/targets/../tools/net10.0/Microsoft.NET.Build.Tasks.dll".
       Task "GetPackageDirectory"
       Done executing task "GetPackageDirectory".
       Task "GetPackageDirectory"
       Done executing task "GetPackageDirectory".
       Task "GetPackageDirectory"
       Done executing task "GetPackageDirectory".
       Task "GetPackageDirectory"
       Done executing task "GetPackageDirectory".
       Task "GetPackageDirectory"
       Done executing task "GetPackageDirectory".
       Task "GetPackageDirectory"
       Done executing task "GetPackageDirectory".
       Task "GetPackageDirectory"
       Done executing task "GetPackageDirectory".
       Task "GetPackageDirectory"
       Done executing task "GetPackageDirectory".
       Task "GetPackageDirectory"
       Done executing task "GetPackageDirectory".
       Task "GetPackageDirectory"
       Done executing task "GetPackageDirectory".
       Using "ResolveFrameworkReferences" task from assembly "/usr/lib/dotnet/sdk/10.0.104/Sdks/Microsoft.NET.Sdk/targets/../tools/net10.0/Microsoft.NET.Build.Tasks.dll".
       Task "ResolveFrameworkReferences"
       Done executing task "ResolveFrameworkReferences".
   1:7>Done building target "ResolveFrameworkReferences" in project "Cadastro.Application.csproj".
   1:7>Target "ResolveTargetingPackAssets" in file "/usr/lib/dotnet/sdk/10.0.104/Sdks/Microsoft.NET.Sdk/targets/Microsoft.NET.Sdk.FrameworkReferenceResolution.targets" from project "/home/tsgomes/mcad/services/cadastro-api/2-Application/Cadastro.Application/Cadastro.Application.csproj" (target "_HandlePackageFileConflicts" depends on it):
       Using "ResolveTargetingPackAssets" task from assembly "/usr/lib/dotnet/sdk/10.0.104/Sdks/Microsoft.NET.Sdk/targets/../tools/net10.0/Microsoft.NET.Build.Tasks.dll".
       Task "ResolveTargetingPackAssets"
       Done executing task "ResolveTargetingPackAssets".
   1:7>Done building target "ResolveTargetingPackAssets" in project "Cadastro.Application.csproj".
   1:7>Target "ResolveOffByDefaultAnalyzers" in file "/usr/lib/dotnet/sdk/10.0.104/Sdks/Microsoft.NET.Sdk/targets/Microsoft.NET.Sdk.FrameworkReferenceResolution.targets" from project "/home/tsgomes/mcad/services/cadastro-api/2-Application/Cadastro.Application/Cadastro.Application.csproj" (target "_HandlePackageFileConflicts" depends on it):
   1:7>Done building target "ResolveOffByDefaultAnalyzers" in project "Cadastro.Application.csproj".
   1:7>Target "_HandlePackageFileConflicts" in file "/usr/lib/dotnet/sdk/10.0.104/Sdks/Microsoft.NET.Sdk/targets/Microsoft.NET.ConflictResolution.targets" from project "/home/tsgomes/mcad/services/cadastro-api/2-Application/Cadastro.Application/Cadastro.Application.csproj" (target "ResolveAssemblyReferences" depends on it):
       Using "ResolvePackageFileConflicts" task from assembly "/usr/lib/dotnet/sdk/10.0.104/Sdks/Microsoft.NET.Sdk/targets/../tools/net10.0/Microsoft.NET.Build.Tasks.dll".
       Task "ResolvePackageFileConflicts"
         Encountered conflict between 'Platform:mscorlib.dll' and 'Platform:mscorlib.dll'. Could not determine winner due to equal file and assembly versions.
         Encountered conflict between 'Platform:Microsoft.VisualBasic.dll' and 'Platform:Microsoft.VisualBasic.dll'. Could not determine winner due to equal file and assembly versions.
         Encountered conflict between 'Platform:System.dll' and 'Platform:System.dll'. Could not determine winner due to equal file and assembly versions.
         Encountered conflict between 'Platform:System.ComponentModel.DataAnnotations.dll' and 'Platform:System.ComponentModel.DataAnnotations.dll'. Could not determine winner due to equal file and assembly versions.
         Encountered conflict between 'Platform:System.Configuration.dll' and 'Platform:System.Configuration.dll'. Could not determine winner due to equal file and assembly versions.
         Encountered conflict between 'Platform:System.Core.dll' and 'Platform:System.Core.dll'. Could not determine winner due to equal file and assembly versions.
         Encountered conflict between 'Platform:System.Data.dll' and 'Platform:System.Data.dll'. Could not determine winner due to equal file and assembly versions.
         Encountered conflict between 'Platform:System.Drawing.dll' and 'Platform:System.Drawing.dll'. Could not determine winner due to equal file and assembly versions.
         Encountered conflict between 'Platform:System.IO.Compression.FileSystem.dll' and 'Platform:System.IO.Compression.FileSystem.dll'. Could not determine winner due to equal file and assembly versions.
         Encountered conflict between 'Platform:System.Net.dll' and 'Platform:System.Net.dll'. Could not determine winner due to equal file and assembly versions.
         Encountered conflict between 'Platform:System.Numerics.dll' and 'Platform:System.Numerics.dll'. Could not determine winner due to equal file and assembly versions.
         Encountered conflict between 'Platform:System.Runtime.Serialization.dll' and 'Platform:System.Runtime.Serialization.dll'. Could not determine winner due to equal file and assembly versions.
         Encountered conflict between 'Platform:System.Security.dll' and 'Platform:System.Security.dll'. Could not determine winner due to equal file and assembly versions.
         Encountered conflict between 'Platform:System.ServiceProcess.dll' and 'Platform:System.ServiceProcess.dll'. Could not determine winner due to equal file and assembly versions.
         Encountered conflict between 'Platform:System.ServiceModel.Web.dll' and 'Platform:System.ServiceModel.Web.dll'. Could not determine winner due to equal file and assembly versions.
         Encountered conflict between 'Platform:System.Transactions.dll' and 'Platform:System.Transactions.dll'. Could not determine winner due to equal file and assembly versions.
         Encountered conflict between 'Platform:System.Web.dll' and 'Platform:System.Web.dll'. Could not determine winner due to equal file and assembly versions.
         Encountered conflict between 'Platform:System.Windows.dll' and 'Platform:System.Windows.dll'. Could not determine winner due to equal file and assembly versions.
         Encountered conflict between 'Platform:System.Xml.dll' and 'Platform:System.Xml.dll'. Could not determine winner due to equal file and assembly versions.
         Encountered conflict between 'Platform:System.Xml.Serialization.dll' and 'Platform:System.Xml.Serialization.dll'. Could not determine winner due to equal file and assembly versions.
         Encountered conflict between 'Platform:System.Xml.Linq.dll' and 'Platform:System.Xml.Linq.dll'. Could not determine winner due to equal file and assembly versions.
         Encountered conflict between 'Platform:WindowsBase.dll' and 'Platform:WindowsBase.dll'. Could not determine winner due to equal file and assembly versions.
         Encountered conflict between 'Platform:netstandard.dll' and 'Platform:netstandard.dll'. Could not determine winner due to equal file and assembly versions.
         Encountered conflict between 'Platform:System.Private.CoreLib.dll' and 'Platform:System.Private.CoreLib.dll'. Could not determine winner due to equal file and assembly versions.
         Encountered conflict between 'Platform:System.Private.DataContractSerialization.dll' and 'Platform:System.Private.DataContractSerialization.dll'. Could not determine winner due to equal file and assembly versions.
         Encountered conflict between 'Platform:System.Private.Uri.dll' and 'Platform:System.Private.Uri.dll'. Could not determine winner due to equal file and assembly versions.
         Encountered conflict between 'Platform:System.Private.Xml.dll' and 'Platform:System.Private.Xml.dll'. Could not determine winner due to equal file and assembly versions.
         Encountered conflict between 'Platform:System.Private.Xml.Linq.dll' and 'Platform:System.Private.Xml.Linq.dll'. Could not determine winner due to equal file and assembly versions.
         Encountered conflict between 'Platform:mscordaccore_amd64_amd64_8.0.2526.11203.dll' and 'Platform:mscordaccore_amd64_amd64_8.0.2526.11203.dll'. Could not determine winner due to equal file and assembly versions.
       Done executing task "ResolvePackageFileConflicts".
   1:7>Done building target "_HandlePackageFileConflicts" in project "Cadastro.Application.csproj".
       Target "ResolveTargetingPackAssets" skipped. Previously built successfully.
   1:7>Target "ResolveAssemblyReferences" in file "/usr/lib/dotnet/sdk/10.0.104/Microsoft.Common.CurrentVersion.targets" from project "/home/tsgomes/mcad/services/cadastro-api/2-Application/Cadastro.Application/Cadastro.Application.csproj" (target "ResolveReferences" depends on it):
       Task "ResolveAssemblyReference"
         TargetFrameworkMoniker:
             .NETCoreApp,Version=v8.0
         TargetFrameworkMonikerDisplayName:
             .NET 8.0
         TargetedRuntimeVersion:
             
         Assemblies:
             /home/tsgomes/.nuget/packages/fluentvalidation/11.12.0/lib/net8.0/FluentValidation.dll
                 Private = 'false'
                 HintPath = '/home/tsgomes/.nuget/packages/fluentvalidation/11.12.0/lib/net8.0/FluentValidation.dll'
             /usr/lib/dotnet/packs/Microsoft.NETCore.App.Ref/8.0.25/ref/net8.0/Microsoft.CSharp.dll
                 Private = 'false'
             /usr/lib/dotnet/packs/Microsoft.NETCore.App.Ref/8.0.25/ref/net8.0/Microsoft.VisualBasic.Core.dll
                 Private = 'false'
             /usr/lib/dotnet/packs/Microsoft.NETCore.App.Ref/8.0.25/ref/net8.0/Microsoft.VisualBasic.dll
                 Private = 'false'
             /usr/lib/dotnet/packs/Microsoft.NETCore.App.Ref/8.0.25/ref/net8.0/Microsoft.Win32.Primitives.dll
                 Private = 'false'
             /usr/lib/dotnet/packs/Microsoft.NETCore.App.Ref/8.0.25/ref/net8.0/Microsoft.Win32.Registry.dll
                 Private = 'false'
             /usr/lib/dotnet/packs/Microsoft.NETCore.App.Ref/8.0.25/ref/net8.0/System.AppContext.dll
                 Private = 'false'
             /usr/lib/dotnet/packs/Microsoft.NETCore.App.Ref/8.0.25/ref/net8.0/System.Buffers.dll
                 Private = 'false'
             /usr/lib/dotnet/packs/Microsoft.NETCore.App.Ref/8.0.25/ref/net8.0/System.Collections.Concurrent.dll
                 Private = 'false'
             /usr/lib/dotnet/packs/Microsoft.NETCore.App.Ref/8.0.25/ref/net8.0/System.Collections.Immutable.dll
                 Private = 'false'
             /usr/lib/dotnet/packs/Microsoft.NETCore.App.Ref/8.0.25/ref/net8.0/System.Collections.NonGeneric.dll
                 Private = 'false'
             /usr/lib/dotnet/packs/Microsoft.NETCore.App.Ref/8.0.25/ref/net8.0/System.Collections.Specialized.dll
                 Private = 'false'
             /usr/lib/dotnet/packs/Microsoft.NETCore.App.Ref/8.0.25/ref/net8.0/System.Collections.dll
                 Private = 'false'
             /usr/lib/dotnet/packs/Microsoft.NETCore.App.Ref/8.0.25/ref/net8.0/System.ComponentModel.Annotations.dll
                 Private = 'false'
             /usr/lib/dotnet/packs/Microsoft.NETCore.App.Ref/8.0.25/ref/net8.0/System.ComponentModel.DataAnnotations.dll
                 Private = 'false'
             /usr/lib/dotnet/packs/Microsoft.NETCore.App.Ref/8.0.25/ref/net8.0/System.ComponentModel.EventBasedAsync.dll
                 Private = 'false'
             /usr/lib/dotnet/packs/Microsoft.NETCore.App.Ref/8.0.25/ref/net8.0/System.ComponentModel.Primitives.dll
                 Private = 'false'
             /usr/lib/dotnet/packs/Microsoft.NETCore.App.Ref/8.0.25/ref/net8.0/System.ComponentModel.TypeConverter.dll
                 Private = 'false'
             /usr/lib/dotnet/packs/Microsoft.NETCore.App.Ref/8.0.25/ref/net8.0/System.ComponentModel.dll
                 Private = 'false'
             /usr/lib/dotnet/packs/Microsoft.NETCore.App.Ref/8.0.25/ref/net8.0/System.Configuration.dll
                 Private = 'false'
             /usr/lib/dotnet/packs/Microsoft.NETCore.App.Ref/8.0.25/ref/net8.0/System.Console.dll
                 Private = 'false'
             /usr/lib/dotnet/packs/Microsoft.NETCore.App.Ref/8.0.25/ref/net8.0/System.Core.dll
                 Private = 'false'
             /usr/lib/dotnet/packs/Microsoft.NETCore.App.Ref/8.0.25/ref/net8.0/System.Data.Common.dll
                 Private = 'false'
             /usr/lib/dotnet/packs/Microsoft.NETCore.App.Ref/8.0.25/ref/net8.0/System.Data.DataSetExtensions.dll
                 Private = 'false'
             /usr/lib/dotnet/packs/Microsoft.NETCore.App.Ref/8.0.25/ref/net8.0/System.Data.dll
                 Private = 'false'
             /usr/lib/dotnet/packs/Microsoft.NETCore.App.Ref/8.0.25/ref/net8.0/System.Diagnostics.Contracts.dll
                 Private = 'false'
             /usr/lib/dotnet/packs/Microsoft.NETCore.App.Ref/8.0.25/ref/net8.0/System.Diagnostics.Debug.dll
                 Private = 'false'
             /usr/lib/dotnet/packs/Microsoft.NETCore.App.Ref/8.0.25/ref/net8.0/System.Diagnostics.DiagnosticSource.dll
                 Private = 'false'
             /usr/lib/dotnet/packs/Microsoft.NETCore.App.Ref/8.0.25/ref/net8.0/System.Diagnostics.FileVersionInfo.dll
                 Private = 'false'
             /usr/lib/dotnet/packs/Microsoft.NETCore.App.Ref/8.0.25/ref/net8.0/System.Diagnostics.Process.dll
                 Private = 'false'
             /usr/lib/dotnet/packs/Microsoft.NETCore.App.Ref/8.0.25/ref/net8.0/System.Diagnostics.StackTrace.dll
                 Private = 'false'
             /usr/lib/dotnet/packs/Microsoft.NETCore.App.Ref/8.0.25/ref/net8.0/System.Diagnostics.TextWriterTraceListener.dll
                 Private = 'false'
             /usr/lib/dotnet/packs/Microsoft.NETCore.App.Ref/8.0.25/ref/net8.0/System.Diagnostics.Tools.dll
                 Private = 'false'
             /usr/lib/dotnet/packs/Microsoft.NETCore.App.Ref/8.0.25/ref/net8.0/System.Diagnostics.TraceSource.dll
                 Private = 'false'
             /usr/lib/dotnet/packs/Microsoft.NETCore.App.Ref/8.0.25/ref/net8.0/System.Diagnostics.Tracing.dll
                 Private = 'false'
             /usr/lib/dotnet/packs/Microsoft.NETCore.App.Ref/8.0.25/ref/net8.0/System.Drawing.Primitives.dll
                 Private = 'false'
             /usr/lib/dotnet/packs/Microsoft.NETCore.App.Ref/8.0.25/ref/net8.0/System.Drawing.dll
                 Private = 'false'
             /usr/lib/dotnet/packs/Microsoft.NETCore.App.Ref/8.0.25/ref/net8.0/System.Dynamic.Runtime.dll
                 Private = 'false'
             /usr/lib/dotnet/packs/Microsoft.NETCore.App.Ref/8.0.25/ref/net8.0/System.Formats.Asn1.dll
                 Private = 'false'
             /usr/lib/dotnet/packs/Microsoft.NETCore.App.Ref/8.0.25/ref/net8.0/System.Formats.Tar.dll
                 Private = 'false'
             /usr/lib/dotnet/packs/Microsoft.NETCore.App.Ref/8.0.25/ref/net8.0/System.Globalization.Calendars.dll
                 Private = 'false'
             /usr/lib/dotnet/packs/Microsoft.NETCore.App.Ref/8.0.25/ref/net8.0/System.Globalization.Extensions.dll
                 Private = 'false'
             /usr/lib/dotnet/packs/Microsoft.NETCore.App.Ref/8.0.25/ref/net8.0/System.Globalization.dll
                 Private = 'false'
             /usr/lib/dotnet/packs/Microsoft.NETCore.App.Ref/8.0.25/ref/net8.0/System.IO.Compression.Brotli.dll
                 Private = 'false'
             /usr/lib/dotnet/packs/Microsoft.NETCore.App.Ref/8.0.25/ref/net8.0/System.IO.Compression.FileSystem.dll
                 Private = 'false'
             /usr/lib/dotnet/packs/Microsoft.NETCore.App.Ref/8.0.25/ref/net8.0/System.IO.Compression.ZipFile.dll
                 Private = 'false'
             /usr/lib/dotnet/packs/Microsoft.NETCore.App.Ref/8.0.25/ref/net8.0/System.IO.Compression.dll
                 Private = 'false'
             /usr/lib/dotnet/packs/Microsoft.NETCore.App.Ref/8.0.25/ref/net8.0/System.IO.FileSystem.AccessControl.dll
                 Private = 'false'
             /usr/lib/dotnet/packs/Microsoft.NETCore.App.Ref/8.0.25/ref/net8.0/System.IO.FileSystem.DriveInfo.dll
                 Private = 'false'
             /usr/lib/dotnet/packs/Microsoft.NETCore.App.Ref/8.0.25/ref/net8.0/System.IO.FileSystem.Primitives.dll
                 Private = 'false'
             /usr/lib/dotnet/packs/Microsoft.NETCore.App.Ref/8.0.25/ref/net8.0/System.IO.FileSystem.Watcher.dll
                 Private = 'false'
             /usr/lib/dotnet/packs/Microsoft.NETCore.App.Ref/8.0.25/ref/net8.0/System.IO.FileSystem.dll
                 Private = 'false'
             /usr/lib/dotnet/packs/Microsoft.NETCore.App.Ref/8.0.25/ref/net8.0/System.IO.IsolatedStorage.dll
                 Private = 'false'
             /usr/lib/dotnet/packs/Microsoft.NETCore.App.Ref/8.0.25/ref/net8.0/System.IO.MemoryMappedFiles.dll
                 Private = 'false'
             /usr/lib/dotnet/packs/Microsoft.NETCore.App.Ref/8.0.25/ref/net8.0/System.IO.Pipes.AccessControl.dll
                 Private = 'false'
             /usr/lib/dotnet/packs/Microsoft.NETCore.App.Ref/8.0.25/ref/net8.0/System.IO.Pipes.dll
                 Private = 'false'
             /usr/lib/dotnet/packs/Microsoft.NETCore.App.Ref/8.0.25/ref/net8.0/System.IO.UnmanagedMemoryStream.dll
                 Private = 'false'
             /usr/lib/dotnet/packs/Microsoft.NETCore.App.Ref/8.0.25/ref/net8.0/System.IO.dll
                 Private = 'false'
             /usr/lib/dotnet/packs/Microsoft.NETCore.App.Ref/8.0.25/ref/net8.0/System.Linq.Expressions.dll
                 Private = 'false'
             /usr/lib/dotnet/packs/Microsoft.NETCore.App.Ref/8.0.25/ref/net8.0/System.Linq.Parallel.dll
                 Private = 'false'
             /usr/lib/dotnet/packs/Microsoft.NETCore.App.Ref/8.0.25/ref/net8.0/System.Linq.Queryable.dll
                 Private = 'false'
             /usr/lib/dotnet/packs/Microsoft.NETCore.App.Ref/8.0.25/ref/net8.0/System.Linq.dll
                 Private = 'false'
             /usr/lib/dotnet/packs/Microsoft.NETCore.App.Ref/8.0.25/ref/net8.0/System.Memory.dll
                 Private = 'false'
             /usr/lib/dotnet/packs/Microsoft.NETCore.App.Ref/8.0.25/ref/net8.0/System.Net.Http.Json.dll
                 Private = 'false'
             /usr/lib/dotnet/packs/Microsoft.NETCore.App.Ref/8.0.25/ref/net8.0/System.Net.Http.dll
                 Private = 'false'
             /usr/lib/dotnet/packs/Microsoft.NETCore.App.Ref/8.0.25/ref/net8.0/System.Net.HttpListener.dll
                 Private = 'false'
             /usr/lib/dotnet/packs/Microsoft.NETCore.App.Ref/8.0.25/ref/net8.0/System.Net.Mail.dll
                 Private = 'false'
             /usr/lib/dotnet/packs/Microsoft.NETCore.App.Ref/8.0.25/ref/net8.0/System.Net.NameResolution.dll
                 Private = 'false'
             /usr/lib/dotnet/packs/Microsoft.NETCore.App.Ref/8.0.25/ref/net8.0/System.Net.NetworkInformation.dll
                 Private = 'false'
             /usr/lib/dotnet/packs/Microsoft.NETCore.App.Ref/8.0.25/ref/net8.0/System.Net.Ping.dll
                 Private = 'false'
             /usr/lib/dotnet/packs/Microsoft.NETCore.App.Ref/8.0.25/ref/net8.0/System.Net.Primitives.dll
                 Private = 'false'
             /usr/lib/dotnet/packs/Microsoft.NETCore.App.Ref/8.0.25/ref/net8.0/System.Net.Quic.dll
                 Private = 'false'
             /usr/lib/dotnet/packs/Microsoft.NETCore.App.Ref/8.0.25/ref/net8.0/System.Net.Requests.dll
                 Private = 'false'
             /usr/lib/dotnet/packs/Microsoft.NETCore.App.Ref/8.0.25/ref/net8.0/System.Net.Security.dll
                 Private = 'false'
             /usr/lib/dotnet/packs/Microsoft.NETCore.App.Ref/8.0.25/ref/net8.0/System.Net.ServicePoint.dll
                 Private = 'false'
             /usr/lib/dotnet/packs/Microsoft.NETCore.App.Ref/8.0.25/ref/net8.0/System.Net.Sockets.dll
                 Private = 'false'
             /usr/lib/dotnet/packs/Microsoft.NETCore.App.Ref/8.0.25/ref/net8.0/System.Net.WebClient.dll
                 Private = 'false'
             /usr/lib/dotnet/packs/Microsoft.NETCore.App.Ref/8.0.25/ref/net8.0/System.Net.WebHeaderCollection.dll
                 Private = 'false'
             /usr/lib/dotnet/packs/Microsoft.NETCore.App.Ref/8.0.25/ref/net8.0/System.Net.WebProxy.dll
                 Private = 'false'
             /usr/lib/dotnet/packs/Microsoft.NETCore.App.Ref/8.0.25/ref/net8.0/System.Net.WebSockets.Client.dll
                 Private = 'false'
             /usr/lib/dotnet/packs/Microsoft.NETCore.App.Ref/8.0.25/ref/net8.0/System.Net.WebSockets.dll
                 Private = 'false'
             /usr/lib/dotnet/packs/Microsoft.NETCore.App.Ref/8.0.25/ref/net8.0/System.Net.dll
                 Private = 'false'
             /usr/lib/dotnet/packs/Microsoft.NETCore.App.Ref/8.0.25/ref/net8.0/System.Numerics.Vectors.dll
                 Private = 'false'
             /usr/lib/dotnet/packs/Microsoft.NETCore.App.Ref/8.0.25/ref/net8.0/System.Numerics.dll
                 Private = 'false'
             /usr/lib/dotnet/packs/Microsoft.NETCore.App.Ref/8.0.25/ref/net8.0/System.ObjectModel.dll
                 Private = 'false'
             /usr/lib/dotnet/packs/Microsoft.NETCore.App.Ref/8.0.25/ref/net8.0/System.Reflection.DispatchProxy.dll
                 Private = 'false'
             /usr/lib/dotnet/packs/Microsoft.NETCore.App.Ref/8.0.25/ref/net8.0/System.Reflection.Emit.ILGeneration.dll
                 Private = 'false'
             /usr/lib/dotnet/packs/Microsoft.NETCore.App.Ref/8.0.25/ref/net8.0/System.Reflection.Emit.Lightweight.dll
                 Private = 'false'
             /usr/lib/dotnet/packs/Microsoft.NETCore.App.Ref/8.0.25/ref/net8.0/System.Reflection.Emit.dll
                 Private = 'false'
             /usr/lib/dotnet/packs/Microsoft.NETCore.App.Ref/8.0.25/ref/net8.0/System.Reflection.Extensions.dll
                 Private = 'false'
             /usr/lib/dotnet/packs/Microsoft.NETCore.App.Ref/8.0.25/ref/net8.0/System.Reflection.Metadata.dll
                 Private = 'false'
             /usr/lib/dotnet/packs/Microsoft.NETCore.App.Ref/8.0.25/ref/net8.0/System.Reflection.Primitives.dll
                 Private = 'false'
             /usr/lib/dotnet/packs/Microsoft.NETCore.App.Ref/8.0.25/ref/net8.0/System.Reflection.TypeExtensions.dll
                 Private = 'false'
             /usr/lib/dotnet/packs/Microsoft.NETCore.App.Ref/8.0.25/ref/net8.0/System.Reflection.dll
                 Private = 'false'
             /usr/lib/dotnet/packs/Microsoft.NETCore.App.Ref/8.0.25/ref/net8.0/System.Resources.Reader.dll
                 Private = 'false'
             /usr/lib/dotnet/packs/Microsoft.NETCore.App.Ref/8.0.25/ref/net8.0/System.Resources.ResourceManager.dll
                 Private = 'false'
             /usr/lib/dotnet/packs/Microsoft.NETCore.App.Ref/8.0.25/ref/net8.0/System.Resources.Writer.dll
                 Private = 'false'
             /usr/lib/dotnet/packs/Microsoft.NETCore.App.Ref/8.0.25/ref/net8.0/System.Runtime.CompilerServices.Unsafe.dll
                 Private = 'false'
             /usr/lib/dotnet/packs/Microsoft.NETCore.App.Ref/8.0.25/ref/net8.0/System.Runtime.CompilerServices.VisualC.dll
                 Private = 'false'
             /usr/lib/dotnet/packs/Microsoft.NETCore.App.Ref/8.0.25/ref/net8.0/System.Runtime.Extensions.dll
                 Private = 'false'
             /usr/lib/dotnet/packs/Microsoft.NETCore.App.Ref/8.0.25/ref/net8.0/System.Runtime.Handles.dll
                 Private = 'false'
             /usr/lib/dotnet/packs/Microsoft.NETCore.App.Ref/8.0.25/ref/net8.0/System.Runtime.InteropServices.JavaScript.dll
                 Private = 'false'
             /usr/lib/dotnet/packs/Microsoft.NETCore.App.Ref/8.0.25/ref/net8.0/System.Runtime.InteropServices.RuntimeInformation.dll
                 Private = 'false'
             /usr/lib/dotnet/packs/Microsoft.NETCore.App.Ref/8.0.25/ref/net8.0/System.Runtime.InteropServices.dll
                 Private = 'false'
             /usr/lib/dotnet/packs/Microsoft.NETCore.App.Ref/8.0.25/ref/net8.0/System.Runtime.Intrinsics.dll
                 Private = 'false'
             /usr/lib/dotnet/packs/Microsoft.NETCore.App.Ref/8.0.25/ref/net8.0/System.Runtime.Loader.dll
                 Private = 'false'
             /usr/lib/dotnet/packs/Microsoft.NETCore.App.Ref/8.0.25/ref/net8.0/System.Runtime.Numerics.dll
                 Private = 'false'
             /usr/lib/dotnet/packs/Microsoft.NETCore.App.Ref/8.0.25/ref/net8.0/System.Runtime.Serialization.Formatters.dll
                 Private = 'false'
             /usr/lib/dotnet/packs/Microsoft.NETCore.App.Ref/8.0.25/ref/net8.0/System.Runtime.Serialization.Json.dll
                 Private = 'false'
             /usr/lib/dotnet/packs/Microsoft.NETCore.App.Ref/8.0.25/ref/net8.0/System.Runtime.Serialization.Primitives.dll
                 Private = 'false'
             /usr/lib/dotnet/packs/Microsoft.NETCore.App.Ref/8.0.25/ref/net8.0/System.Runtime.Serialization.Xml.dll
                 Private = 'false'
             /usr/lib/dotnet/packs/Microsoft.NETCore.App.Ref/8.0.25/ref/net8.0/System.Runtime.Serialization.dll
                 Private = 'false'
             /usr/lib/dotnet/packs/Microsoft.NETCore.App.Ref/8.0.25/ref/net8.0/System.Runtime.dll
                 Private = 'false'
             /usr/lib/dotnet/packs/Microsoft.NETCore.App.Ref/8.0.25/ref/net8.0/System.Security.AccessControl.dll
                 Private = 'false'
             /usr/lib/dotnet/packs/Microsoft.NETCore.App.Ref/8.0.25/ref/net8.0/System.Security.Claims.dll
                 Private = 'false'
             /usr/lib/dotnet/packs/Microsoft.NETCore.App.Ref/8.0.25/ref/net8.0/System.Security.Cryptography.Algorithms.dll
                 Private = 'false'
             /usr/lib/dotnet/packs/Microsoft.NETCore.App.Ref/8.0.25/ref/net8.0/System.Security.Cryptography.Cng.dll
                 Private = 'false'
             /usr/lib/dotnet/packs/Microsoft.NETCore.App.Ref/8.0.25/ref/net8.0/System.Security.Cryptography.Csp.dll
                 Private = 'false'
             /usr/lib/dotnet/packs/Microsoft.NETCore.App.Ref/8.0.25/ref/net8.0/System.Security.Cryptography.Encoding.dll
                 Private = 'false'
             /usr/lib/dotnet/packs/Microsoft.NETCore.App.Ref/8.0.25/ref/net8.0/System.Security.Cryptography.OpenSsl.dll
                 Private = 'false'
             /usr/lib/dotnet/packs/Microsoft.NETCore.App.Ref/8.0.25/ref/net8.0/System.Security.Cryptography.Primitives.dll
                 Private = 'false'
             /usr/lib/dotnet/packs/Microsoft.NETCore.App.Ref/8.0.25/ref/net8.0/System.Security.Cryptography.X509Certificates.dll
                 Private = 'false'
             /usr/lib/dotnet/packs/Microsoft.NETCore.App.Ref/8.0.25/ref/net8.0/System.Security.Cryptography.dll
                 Private = 'false'
             /usr/lib/dotnet/packs/Microsoft.NETCore.App.Ref/8.0.25/ref/net8.0/System.Security.Principal.Windows.dll
                 Private = 'false'
             /usr/lib/dotnet/packs/Microsoft.NETCore.App.Ref/8.0.25/ref/net8.0/System.Security.Principal.dll
                 Private = 'false'
             /usr/lib/dotnet/packs/Microsoft.NETCore.App.Ref/8.0.25/ref/net8.0/System.Security.SecureString.dll
                 Private = 'false'
             /usr/lib/dotnet/packs/Microsoft.NETCore.App.Ref/8.0.25/ref/net8.0/System.Security.dll
                 Private = 'false'
             /usr/lib/dotnet/packs/Microsoft.NETCore.App.Ref/8.0.25/ref/net8.0/System.ServiceModel.Web.dll
                 Private = 'false'
             /usr/lib/dotnet/packs/Microsoft.NETCore.App.Ref/8.0.25/ref/net8.0/System.ServiceProcess.dll
                 Private = 'false'
             /usr/lib/dotnet/packs/Microsoft.NETCore.App.Ref/8.0.25/ref/net8.0/System.Text.Encoding.CodePages.dll
                 Private = 'false'
             /usr/lib/dotnet/packs/Microsoft.NETCore.App.Ref/8.0.25/ref/net8.0/System.Text.Encoding.Extensions.dll
                 Private = 'false'
             /usr/lib/dotnet/packs/Microsoft.NETCore.App.Ref/8.0.25/ref/net8.0/System.Text.Encoding.dll
                 Private = 'false'
             /usr/lib/dotnet/packs/Microsoft.NETCore.App.Ref/8.0.25/ref/net8.0/System.Text.Encodings.Web.dll
                 Private = 'false'
             /usr/lib/dotnet/packs/Microsoft.NETCore.App.Ref/8.0.25/ref/net8.0/System.Text.Json.dll
                 Private = 'false'
             /usr/lib/dotnet/packs/Microsoft.NETCore.App.Ref/8.0.25/ref/net8.0/System.Text.RegularExpressions.dll
                 Private = 'false'
             /usr/lib/dotnet/packs/Microsoft.NETCore.App.Ref/8.0.25/ref/net8.0/System.Threading.Channels.dll
                 Private = 'false'
             /usr/lib/dotnet/packs/Microsoft.NETCore.App.Ref/8.0.25/ref/net8.0/System.Threading.Overlapped.dll
                 Private = 'false'
             /usr/lib/dotnet/packs/Microsoft.NETCore.App.Ref/8.0.25/ref/net8.0/System.Threading.Tasks.Dataflow.dll
                 Private = 'false'
             /usr/lib/dotnet/packs/Microsoft.NETCore.App.Ref/8.0.25/ref/net8.0/System.Threading.Tasks.Extensions.dll
                 Private = 'false'
             /usr/lib/dotnet/packs/Microsoft.NETCore.App.Ref/8.0.25/ref/net8.0/System.Threading.Tasks.Parallel.dll
                 Private = 'false'
             /usr/lib/dotnet/packs/Microsoft.NETCore.App.Ref/8.0.25/ref/net8.0/System.Threading.Tasks.dll
                 Private = 'false'
             /usr/lib/dotnet/packs/Microsoft.NETCore.App.Ref/8.0.25/ref/net8.0/System.Threading.Thread.dll
                 Private = 'false'
             /usr/lib/dotnet/packs/Microsoft.NETCore.App.Ref/8.0.25/ref/net8.0/System.Threading.ThreadPool.dll
                 Private = 'false'
             /usr/lib/dotnet/packs/Microsoft.NETCore.App.Ref/8.0.25/ref/net8.0/System.Threading.Timer.dll
                 Private = 'false'
             /usr/lib/dotnet/packs/Microsoft.NETCore.App.Ref/8.0.25/ref/net8.0/System.Threading.dll
                 Private = 'false'
             /usr/lib/dotnet/packs/Microsoft.NETCore.App.Ref/8.0.25/ref/net8.0/System.Transactions.Local.dll
                 Private = 'false'
             /usr/lib/dotnet/packs/Microsoft.NETCore.App.Ref/8.0.25/ref/net8.0/System.Transactions.dll
                 Private = 'false'
             /usr/lib/dotnet/packs/Microsoft.NETCore.App.Ref/8.0.25/ref/net8.0/System.ValueTuple.dll
                 Private = 'false'
             /usr/lib/dotnet/packs/Microsoft.NETCore.App.Ref/8.0.25/ref/net8.0/System.Web.HttpUtility.dll
                 Private = 'false'
             /usr/lib/dotnet/packs/Microsoft.NETCore.App.Ref/8.0.25/ref/net8.0/System.Web.dll
                 Private = 'false'
             /usr/lib/dotnet/packs/Microsoft.NETCore.App.Ref/8.0.25/ref/net8.0/System.Windows.dll
                 Private = 'false'
             /usr/lib/dotnet/packs/Microsoft.NETCore.App.Ref/8.0.25/ref/net8.0/System.Xml.Linq.dll
                 Private = 'false'
             /usr/lib/dotnet/packs/Microsoft.NETCore.App.Ref/8.0.25/ref/net8.0/System.Xml.ReaderWriter.dll
                 Private = 'false'
             /usr/lib/dotnet/packs/Microsoft.NETCore.App.Ref/8.0.25/ref/net8.0/System.Xml.Serialization.dll
                 Private = 'false'
             /usr/lib/dotnet/packs/Microsoft.NETCore.App.Ref/8.0.25/ref/net8.0/System.Xml.XDocument.dll
                 Private = 'false'
             /usr/lib/dotnet/packs/Microsoft.NETCore.App.Ref/8.0.25/ref/net8.0/System.Xml.XPath.XDocument.dll
                 Private = 'false'
             /usr/lib/dotnet/packs/Microsoft.NETCore.App.Ref/8.0.25/ref/net8.0/System.Xml.XPath.dll
                 Private = 'false'
             /usr/lib/dotnet/packs/Microsoft.NETCore.App.Ref/8.0.25/ref/net8.0/System.Xml.XmlDocument.dll
                 Private = 'false'
             /usr/lib/dotnet/packs/Microsoft.NETCore.App.Ref/8.0.25/ref/net8.0/System.Xml.XmlSerializer.dll
                 Private = 'false'
             /usr/lib/dotnet/packs/Microsoft.NETCore.App.Ref/8.0.25/ref/net8.0/System.Xml.dll
                 Private = 'false'
             /usr/lib/dotnet/packs/Microsoft.NETCore.App.Ref/8.0.25/ref/net8.0/System.dll
                 Private = 'false'
             /usr/lib/dotnet/packs/Microsoft.NETCore.App.Ref/8.0.25/ref/net8.0/WindowsBase.dll
                 Private = 'false'
             /usr/lib/dotnet/packs/Microsoft.NETCore.App.Ref/8.0.25/ref/net8.0/mscorlib.dll
                 Private = 'false'
             /usr/lib/dotnet/packs/Microsoft.NETCore.App.Ref/8.0.25/ref/net8.0/netstandard.dll
                 Private = 'false'
         AssemblyFiles:
             /home/tsgomes/mcad/services/cadastro-api/3-Domain/Cadastro.Domain/bin/Debug/net8.0/Cadastro.Domain.dll
         CandidateAssemblyFiles:
         TargetFrameworkDirectories:
             
         NonCultureResourceDirectories:
             
         InstalledAssemblyTables:
         IgnoreInstalledAssemblyTable:
             False
         SearchPaths:
             {CandidateAssemblyFiles}
             {HintPathFromItem}
             {TargetFrameworkDirectory}
             {RawFileName}
         AllowedAssemblyExtensions:
             .winmd
             .dll
             .exe
         AllowedRelatedFileExtensions:
             .pdb
             .xml
             .pri
             .dll.config
             .exe.config
         AppConfigFile:
             
         AutoUnify:
             True
         EnableCustomCulture:
             False
         EnableCustomCulture:
             False
         CopyLocalDependenciesWhenParentReferenceInGac:
             True
         FindDependencies:
             True
         TargetProcessorArchitecture:
             msil
         StateFile:
             obj/Debug/net8.0/Cadastro.Application.csproj.AssemblyReference.cache
         InstalledAssemblySubsetTables:
         IgnoreInstalledAssemblySubsetTable:
             False
         TargetFrameworkSubsets:
         FullTargetFrameworkSubsetNames:
             Full
         ProfileName:
             
         FullFrameworkFolders:
         LatestTargetFrameworkDirectories:
         ProfileTablesLocation:
         Primary reference "Cadastro.Domain, Version=1.0.0.0, Culture=neutral, PublicKeyToken=null".
             Resolved file path is "/home/tsgomes/mcad/services/cadastro-api/3-Domain/Cadastro.Domain/bin/Debug/net8.0/Cadastro.Domain.dll".
             Reference found at search path location "/home/tsgomes/mcad/services/cadastro-api/3-Domain/Cadastro.Domain/bin/Debug/net8.0/Cadastro.Domain.dll".
             Found related file "/home/tsgomes/mcad/services/cadastro-api/3-Domain/Cadastro.Domain/bin/Debug/net8.0/Cadastro.Domain.pdb".
             The ImageRuntimeVersion for this reference is "".
         Primary reference "FluentValidation, Version=11.0.0.0, Culture=neutral, PublicKeyToken=7de548da2fbae0f0".
             Resolved file path is "/home/tsgomes/.nuget/packages/fluentvalidation/11.12.0/lib/net8.0/FluentValidation.dll".
             Reference found at search path location "{HintPathFromItem}".
             This reference is not "CopyLocal" because at least one source item had "Private" set to "false" and no source items had "Private" set to "true".
             The ImageRuntimeVersion for this reference is "".
         Primary reference "Microsoft.CSharp, Version=8.0.0.0, Culture=neutral, PublicKeyToken=b03f5f7f11d50a3a".
             Resolved file path is "/usr/lib/dotnet/packs/Microsoft.NETCore.App.Ref/8.0.25/ref/net8.0/Microsoft.CSharp.dll".
             Reference found at search path location "{RawFileName}".
             This reference is not "CopyLocal" because at least one source item had "Private" set to "false" and no source items had "Private" set to "true".
             The ImageRuntimeVersion for this reference is "".
         Primary reference "Microsoft.VisualBasic.Core, Version=13.0.0.0, Culture=neutral, PublicKeyToken=b03f5f7f11d50a3a".
             Resolved file path is "/usr/lib/dotnet/packs/Microsoft.NETCore.App.Ref/8.0.25/ref/net8.0/Microsoft.VisualBasic.Core.dll".
             Reference found at search path location "{RawFileName}".
             This reference is not "CopyLocal" because at least one source item had "Private" set to "false" and no source items had "Private" set to "true".
             The ImageRuntimeVersion for this reference is "".
         Primary reference "Microsoft.VisualBasic, Version=10.0.0.0, Culture=neutral, PublicKeyToken=b03f5f7f11d50a3a".
             Resolved file path is "/usr/lib/dotnet/packs/Microsoft.NETCore.App.Ref/8.0.25/ref/net8.0/Microsoft.VisualBasic.dll".
             Reference found at search path location "{RawFileName}".
             This reference is not "CopyLocal" because at least one source item had "Private" set to "false" and no source items had "Private" set to "true".
             The ImageRuntimeVersion for this reference is "".
         Primary reference "Microsoft.Win32.Primitives, Version=8.0.0.0, Culture=neutral, PublicKeyToken=b03f5f7f11d50a3a".
             Resolved file path is "/usr/lib/dotnet/packs/Microsoft.NETCore.App.Ref/8.0.25/ref/net8.0/Microsoft.Win32.Primitives.dll".
             Reference found at search path location "{RawFileName}".
             This reference is not "CopyLocal" because at least one source item had "Private" set to "false" and no source items had "Private" set to "true".
             The ImageRuntimeVersion for this reference is "".
         Primary reference "Microsoft.Win32.Registry, Version=8.0.0.0, Culture=neutral, PublicKeyToken=b03f5f7f11d50a3a".
             Resolved file path is "/usr/lib/dotnet/packs/Microsoft.NETCore.App.Ref/8.0.25/ref/net8.0/Microsoft.Win32.Registry.dll".
             Reference found at search path location "{RawFileName}".
             This reference is not "CopyLocal" because at least one source item had "Private" set to "false" and no source items had "Private" set to "true".
             The ImageRuntimeVersion for this reference is "".
         Primary reference "System.AppContext, Version=8.0.0.0, Culture=neutral, PublicKeyToken=b03f5f7f11d50a3a".
             Resolved file path is "/usr/lib/dotnet/packs/Microsoft.NETCore.App.Ref/8.0.25/ref/net8.0/System.AppContext.dll".
             Reference found at search path location "{RawFileName}".
             This reference is not "CopyLocal" because at least one source item had "Private" set to "false" and no source items had "Private" set to "true".
             The ImageRuntimeVersion for this reference is "".
         Primary reference "System.Buffers, Version=8.0.0.0, Culture=neutral, PublicKeyToken=cc7b13ffcd2ddd51".
             Resolved file path is "/usr/lib/dotnet/packs/Microsoft.NETCore.App.Ref/8.0.25/ref/net8.0/System.Buffers.dll".
             Reference found at search path location "{RawFileName}".
             This reference is not "CopyLocal" because at least one source item had "Private" set to "false" and no source items had "Private" set to "true".
             The ImageRuntimeVersion for this reference is "".
         Primary reference "System.Collections.Concurrent, Version=8.0.0.0, Culture=neutral, PublicKeyToken=b03f5f7f11d50a3a".
             Resolved file path is "/usr/lib/dotnet/packs/Microsoft.NETCore.App.Ref/8.0.25/ref/net8.0/System.Collections.Concurrent.dll".
             Reference found at search path location "{RawFileName}".
             This reference is not "CopyLocal" because at least one source item had "Private" set to "false" and no source items had "Private" set to "true".
             The ImageRuntimeVersion for this reference is "".
         Primary reference "System.Collections.Immutable, Version=8.0.0.0, Culture=neutral, PublicKeyToken=b03f5f7f11d50a3a".
             Resolved file path is "/usr/lib/dotnet/packs/Microsoft.NETCore.App.Ref/8.0.25/ref/net8.0/System.Collections.Immutable.dll".
             Reference found at search path location "{RawFileName}".
             This reference is not "CopyLocal" because at least one source item had "Private" set to "false" and no source items had "Private" set to "true".
             The ImageRuntimeVersion for this reference is "".
         Primary reference "System.Collections.NonGeneric, Version=8.0.0.0, Culture=neutral, PublicKeyToken=b03f5f7f11d50a3a".
             Resolved file path is "/usr/lib/dotnet/packs/Microsoft.NETCore.App.Ref/8.0.25/ref/net8.0/System.Collections.NonGeneric.dll".
             Reference found at search path location "{RawFileName}".
             This reference is not "CopyLocal" because at least one source item had "Private" set to "false" and no source items had "Private" set to "true".
             The ImageRuntimeVersion for this reference is "".
         Primary reference "System.Collections.Specialized, Version=8.0.0.0, Culture=neutral, PublicKeyToken=b03f5f7f11d50a3a".
             Resolved file path is "/usr/lib/dotnet/packs/Microsoft.NETCore.App.Ref/8.0.25/ref/net8.0/System.Collections.Specialized.dll".
             Reference found at search path location "{RawFileName}".
             This reference is not "CopyLocal" because at least one source item had "Private" set to "false" and no source items had "Private" set to "true".
             The ImageRuntimeVersion for this reference is "".
         Primary reference "System.Collections, Version=8.0.0.0, Culture=neutral, PublicKeyToken=b03f5f7f11d50a3a".
             Resolved file path is "/usr/lib/dotnet/packs/Microsoft.NETCore.App.Ref/8.0.25/ref/net8.0/System.Collections.dll".
             Reference found at search path location "{RawFileName}".
             This reference is not "CopyLocal" because at least one source item had "Private" set to "false" and no source items had "Private" set to "true".
             The ImageRuntimeVersion for this reference is "".
         Primary reference "System.ComponentModel.Annotations, Version=8.0.0.0, Culture=neutral, PublicKeyToken=b03f5f7f11d50a3a".
             Resolved file path is "/usr/lib/dotnet/packs/Microsoft.NETCore.App.Ref/8.0.25/ref/net8.0/System.ComponentModel.Annotations.dll".
             Reference found at search path location "{RawFileName}".
             This reference is not "CopyLocal" because at least one source item had "Private" set to "false" and no source items had "Private" set to "true".
             The ImageRuntimeVersion for this reference is "".
         Primary reference "System.ComponentModel.DataAnnotations, Version=4.0.0.0, Culture=neutral, PublicKeyToken=31bf3856ad364e35".
             Resolved file path is "/usr/lib/dotnet/packs/Microsoft.NETCore.App.Ref/8.0.25/ref/net8.0/System.ComponentModel.DataAnnotations.dll".
             Reference found at search path location "{RawFileName}".
             This reference is not "CopyLocal" because at least one source item had "Private" set to "false" and no source items had "Private" set to "true".
             The ImageRuntimeVersion for this reference is "".
         Primary reference "System.ComponentModel.EventBasedAsync, Version=8.0.0.0, Culture=neutral, PublicKeyToken=b03f5f7f11d50a3a".
             Resolved file path is "/usr/lib/dotnet/packs/Microsoft.NETCore.App.Ref/8.0.25/ref/net8.0/System.ComponentModel.EventBasedAsync.dll".
             Reference found at search path location "{RawFileName}".
             This reference is not "CopyLocal" because at least one source item had "Private" set to "false" and no source items had "Private" set to "true".
             The ImageRuntimeVersion for this reference is "".
         Primary reference "System.ComponentModel.Primitives, Version=8.0.0.0, Culture=neutral, PublicKeyToken=b03f5f7f11d50a3a".
             Resolved file path is "/usr/lib/dotnet/packs/Microsoft.NETCore.App.Ref/8.0.25/ref/net8.0/System.ComponentModel.Primitives.dll".
             Reference found at search path location "{RawFileName}".
             This reference is not "CopyLocal" because at least one source item had "Private" set to "false" and no source items had "Private" set to "true".
             The ImageRuntimeVersion for this reference is "".
         Primary reference "System.ComponentModel.TypeConverter, Version=8.0.0.0, Culture=neutral, PublicKeyToken=b03f5f7f11d50a3a".
             Resolved file path is "/usr/lib/dotnet/packs/Microsoft.NETCore.App.Ref/8.0.25/ref/net8.0/System.ComponentModel.TypeConverter.dll".
             Reference found at search path location "{RawFileName}".
             This reference is not "CopyLocal" because at least one source item had "Private" set to "false" and no source items had "Private" set to "true".
             The ImageRuntimeVersion for this reference is "".
         Primary reference "System.ComponentModel, Version=8.0.0.0, Culture=neutral, PublicKeyToken=b03f5f7f11d50a3a".
             Resolved file path is "/usr/lib/dotnet/packs/Microsoft.NETCore.App.Ref/8.0.25/ref/net8.0/System.ComponentModel.dll".
             Reference found at search path location "{RawFileName}".
             This reference is not "CopyLocal" because at least one source item had "Private" set to "false" and no source items had "Private" set to "true".
             The ImageRuntimeVersion for this reference is "".
         Primary reference "System.Configuration, Version=4.0.0.0, Culture=neutral, PublicKeyToken=b03f5f7f11d50a3a".
             Resolved file path is "/usr/lib/dotnet/packs/Microsoft.NETCore.App.Ref/8.0.25/ref/net8.0/System.Configuration.dll".
             Reference found at search path location "{RawFileName}".
             This reference is not "CopyLocal" because at least one source item had "Private" set to "false" and no source items had "Private" set to "true".
             The ImageRuntimeVersion for this reference is "".
         Primary reference "System.Console, Version=8.0.0.0, Culture=neutral, PublicKeyToken=b03f5f7f11d50a3a".
             Resolved file path is "/usr/lib/dotnet/packs/Microsoft.NETCore.App.Ref/8.0.25/ref/net8.0/System.Console.dll".
             Reference found at search path location "{RawFileName}".
             This reference is not "CopyLocal" because at least one source item had "Private" set to "false" and no source items had "Private" set to "true".
             The ImageRuntimeVersion for this reference is "".
         Primary reference "System.Core, Version=4.0.0.0, Culture=neutral, PublicKeyToken=b77a5c561934e089".
             Resolved file path is "/usr/lib/dotnet/packs/Microsoft.NETCore.App.Ref/8.0.25/ref/net8.0/System.Core.dll".
             Reference found at search path location "{RawFileName}".
             This reference is not "CopyLocal" because at least one source item had "Private" set to "false" and no source items had "Private" set to "true".
             The ImageRuntimeVersion for this reference is "".
         Primary reference "System.Data.Common, Version=8.0.0.0, Culture=neutral, PublicKeyToken=b03f5f7f11d50a3a".
             Resolved file path is "/usr/lib/dotnet/packs/Microsoft.NETCore.App.Ref/8.0.25/ref/net8.0/System.Data.Common.dll".
             Reference found at search path location "{RawFileName}".
             This reference is not "CopyLocal" because at least one source item had "Private" set to "false" and no source items had "Private" set to "true".
             The ImageRuntimeVersion for this reference is "".
         Primary reference "System.Data.DataSetExtensions, Version=8.0.0.0, Culture=neutral, PublicKeyToken=b77a5c561934e089".
             Resolved file path is "/usr/lib/dotnet/packs/Microsoft.NETCore.App.Ref/8.0.25/ref/net8.0/System.Data.DataSetExtensions.dll".
             Reference found at search path location "{RawFileName}".
             This reference is not "CopyLocal" because at least one source item had "Private" set to "false" and no source items had "Private" set to "true".
             The ImageRuntimeVersion for this reference is "".
         Primary reference "System.Data, Version=4.0.0.0, Culture=neutral, PublicKeyToken=b77a5c561934e089".
             Resolved file path is "/usr/lib/dotnet/packs/Microsoft.NETCore.App.Ref/8.0.25/ref/net8.0/System.Data.dll".
             Reference found at search path location "{RawFileName}".
             This reference is not "CopyLocal" because at least one source item had "Private" set to "false" and no source items had "Private" set to "true".
             The ImageRuntimeVersion for this reference is "".
         Primary reference "System.Diagnostics.Contracts, Version=8.0.0.0, Culture=neutral, PublicKeyToken=b03f5f7f11d50a3a".
             Resolved file path is "/usr/lib/dotnet/packs/Microsoft.NETCore.App.Ref/8.0.25/ref/net8.0/System.Diagnostics.Contracts.dll".
             Reference found at search path location "{RawFileName}".
             This reference is not "CopyLocal" because at least one source item had "Private" set to "false" and no source items had "Private" set to "true".
             The ImageRuntimeVersion for this reference is "".
         Primary reference "System.Diagnostics.Debug, Version=8.0.0.0, Culture=neutral, PublicKeyToken=b03f5f7f11d50a3a".
             Resolved file path is "/usr/lib/dotnet/packs/Microsoft.NETCore.App.Ref/8.0.25/ref/net8.0/System.Diagnostics.Debug.dll".
             Reference found at search path location "{RawFileName}".
             This reference is not "CopyLocal" because at least one source item had "Private" set to "false" and no source items had "Private" set to "true".
             The ImageRuntimeVersion for this reference is "".
         Primary reference "System.Diagnostics.DiagnosticSource, Version=8.0.0.0, Culture=neutral, PublicKeyToken=cc7b13ffcd2ddd51".
             Resolved file path is "/usr/lib/dotnet/packs/Microsoft.NETCore.App.Ref/8.0.25/ref/net8.0/System.Diagnostics.DiagnosticSource.dll".
             Reference found at search path location "{RawFileName}".
             This reference is not "CopyLocal" because at least one source item had "Private" set to "false" and no source items had "Private" set to "true".
             The ImageRuntimeVersion for this reference is "".
         Primary reference "System.Diagnostics.FileVersionInfo, Version=8.0.0.0, Culture=neutral, PublicKeyToken=b03f5f7f11d50a3a".
             Resolved file path is "/usr/lib/dotnet/packs/Microsoft.NETCore.App.Ref/8.0.25/ref/net8.0/System.Diagnostics.FileVersionInfo.dll".
             Reference found at search path location "{RawFileName}".
             This reference is not "CopyLocal" because at least one source item had "Private" set to "false" and no source items had "Private" set to "true".
             The ImageRuntimeVersion for this reference is "".
         Primary reference "System.Diagnostics.Process, Version=8.0.0.0, Culture=neutral, PublicKeyToken=b03f5f7f11d50a3a".
             Resolved file path is "/usr/lib/dotnet/packs/Microsoft.NETCore.App.Ref/8.0.25/ref/net8.0/System.Diagnostics.Process.dll".
             Reference found at search path location "{RawFileName}".
             This reference is not "CopyLocal" because at least one source item had "Private" set to "false" and no source items had "Private" set to "true".
             The ImageRuntimeVersion for this reference is "".
         Primary reference "System.Diagnostics.StackTrace, Version=8.0.0.0, Culture=neutral, PublicKeyToken=b03f5f7f11d50a3a".
             Resolved file path is "/usr/lib/dotnet/packs/Microsoft.NETCore.App.Ref/8.0.25/ref/net8.0/System.Diagnostics.StackTrace.dll".
             Reference found at search path location "{RawFileName}".
             This reference is not "CopyLocal" because at least one source item had "Private" set to "false" and no source items had "Private" set to "true".
             The ImageRuntimeVersion for this reference is "".
         Primary reference "System.Diagnostics.TextWriterTraceListener, Version=8.0.0.0, Culture=neutral, PublicKeyToken=b03f5f7f11d50a3a".
             Resolved file path is "/usr/lib/dotnet/packs/Microsoft.NETCore.App.Ref/8.0.25/ref/net8.0/System.Diagnostics.TextWriterTraceListener.dll".
             Reference found at search path location "{RawFileName}".
             This reference is not "CopyLocal" because at least one source item had "Private" set to "false" and no source items had "Private" set to "true".
             The ImageRuntimeVersion for this reference is "".
         Primary reference "System.Diagnostics.Tools, Version=8.0.0.0, Culture=neutral, PublicKeyToken=b03f5f7f11d50a3a".
             Resolved file path is "/usr/lib/dotnet/packs/Microsoft.NETCore.App.Ref/8.0.25/ref/net8.0/System.Diagnostics.Tools.dll".
             Reference found at search path location "{RawFileName}".
             This reference is not "CopyLocal" because at least one source item had "Private" set to "false" and no source items had "Private" set to "true".
             The ImageRuntimeVersion for this reference is "".
         Primary reference "System.Diagnostics.TraceSource, Version=8.0.0.0, Culture=neutral, PublicKeyToken=b03f5f7f11d50a3a".
             Resolved file path is "/usr/lib/dotnet/packs/Microsoft.NETCore.App.Ref/8.0.25/ref/net8.0/System.Diagnostics.TraceSource.dll".
             Reference found at search path location "{RawFileName}".
             This reference is not "CopyLocal" because at least one source item had "Private" set to "false" and no source items had "Private" set to "true".
             The ImageRuntimeVersion for this reference is "".
         Primary reference "System.Diagnostics.Tracing, Version=8.0.0.0, Culture=neutral, PublicKeyToken=b03f5f7f11d50a3a".
             Resolved file path is "/usr/lib/dotnet/packs/Microsoft.NETCore.App.Ref/8.0.25/ref/net8.0/System.Diagnostics.Tracing.dll".
             Reference found at search path location "{RawFileName}".
             This reference is not "CopyLocal" because at least one source item had "Private" set to "false" and no source items had "Private" set to "true".
             The ImageRuntimeVersion for this reference is "".
         Primary reference "System.Drawing.Primitives, Version=8.0.0.0, Culture=neutral, PublicKeyToken=b03f5f7f11d50a3a".
             Resolved file path is "/usr/lib/dotnet/packs/Microsoft.NETCore.App.Ref/8.0.25/ref/net8.0/System.Drawing.Primitives.dll".
             Reference found at search path location "{RawFileName}".
             This reference is not "CopyLocal" because at least one source item had "Private" set to "false" and no source items had "Private" set to "true".
             The ImageRuntimeVersion for this reference is "".
         Primary reference "System.Drawing, Version=4.0.0.0, Culture=neutral, PublicKeyToken=b03f5f7f11d50a3a".
             Resolved file path is "/usr/lib/dotnet/packs/Microsoft.NETCore.App.Ref/8.0.25/ref/net8.0/System.Drawing.dll".
             Reference found at search path location "{RawFileName}".
             This reference is not "CopyLocal" because at least one source item had "Private" set to "false" and no source items had "Private" set to "true".
             The ImageRuntimeVersion for this reference is "".
         Primary reference "System.Dynamic.Runtime, Version=8.0.0.0, Culture=neutral, PublicKeyToken=b03f5f7f11d50a3a".
             Resolved file path is "/usr/lib/dotnet/packs/Microsoft.NETCore.App.Ref/8.0.25/ref/net8.0/System.Dynamic.Runtime.dll".
             Reference found at search path location "{RawFileName}".
             This reference is not "CopyLocal" because at least one source item had "Private" set to "false" and no source items had "Private" set to "true".
             The ImageRuntimeVersion for this reference is "".
         Primary reference "System.Formats.Asn1, Version=8.0.0.0, Culture=neutral, PublicKeyToken=cc7b13ffcd2ddd51".
             Resolved file path is "/usr/lib/dotnet/packs/Microsoft.NETCore.App.Ref/8.0.25/ref/net8.0/System.Formats.Asn1.dll".
             Reference found at search path location "{RawFileName}".
             This reference is not "CopyLocal" because at least one source item had "Private" set to "false" and no source items had "Private" set to "true".
             The ImageRuntimeVersion for this reference is "".
         Primary reference "System.Formats.Tar, Version=8.0.0.0, Culture=neutral, PublicKeyToken=cc7b13ffcd2ddd51".
             Resolved file path is "/usr/lib/dotnet/packs/Microsoft.NETCore.App.Ref/8.0.25/ref/net8.0/System.Formats.Tar.dll".
             Reference found at search path location "{RawFileName}".
             This reference is not "CopyLocal" because at least one source item had "Private" set to "false" and no source items had "Private" set to "true".
             The ImageRuntimeVersion for this reference is "".
         Primary reference "System.Globalization.Calendars, Version=8.0.0.0, Culture=neutral, PublicKeyToken=b03f5f7f11d50a3a".
             Resolved file path is "/usr/lib/dotnet/packs/Microsoft.NETCore.App.Ref/8.0.25/ref/net8.0/System.Globalization.Calendars.dll".
             Reference found at search path location "{RawFileName}".
             This reference is not "CopyLocal" because at least one source item had "Private" set to "false" and no source items had "Private" set to "true".
             The ImageRuntimeVersion for this reference is "".
         Primary reference "System.Globalization.Extensions, Version=8.0.0.0, Culture=neutral, PublicKeyToken=b03f5f7f11d50a3a".
             Resolved file path is "/usr/lib/dotnet/packs/Microsoft.NETCore.App.Ref/8.0.25/ref/net8.0/System.Globalization.Extensions.dll".
             Reference found at search path location "{RawFileName}".
             This reference is not "CopyLocal" because at least one source item had "Private" set to "false" and no source items had "Private" set to "true".
             The ImageRuntimeVersion for this reference is "".
         Primary reference "System.Globalization, Version=8.0.0.0, Culture=neutral, PublicKeyToken=b03f5f7f11d50a3a".
             Resolved file path is "/usr/lib/dotnet/packs/Microsoft.NETCore.App.Ref/8.0.25/ref/net8.0/System.Globalization.dll".
             Reference found at search path location "{RawFileName}".
             This reference is not "CopyLocal" because at least one source item had "Private" set to "false" and no source items had "Private" set to "true".
             The ImageRuntimeVersion for this reference is "".
         Primary reference "System.IO.Compression.Brotli, Version=8.0.0.0, Culture=neutral, PublicKeyToken=b77a5c561934e089".
             Resolved file path is "/usr/lib/dotnet/packs/Microsoft.NETCore.App.Ref/8.0.25/ref/net8.0/System.IO.Compression.Brotli.dll".
             Reference found at search path location "{RawFileName}".
             This reference is not "CopyLocal" because at least one source item had "Private" set to "false" and no source items had "Private" set to "true".
             The ImageRuntimeVersion for this reference is "".
         Primary reference "System.IO.Compression.FileSystem, Version=4.0.0.0, Culture=neutral, PublicKeyToken=b77a5c561934e089".
             Resolved file path is "/usr/lib/dotnet/packs/Microsoft.NETCore.App.Ref/8.0.25/ref/net8.0/System.IO.Compression.FileSystem.dll".
             Reference found at search path location "{RawFileName}".
             This reference is not "CopyLocal" because at least one source item had "Private" set to "false" and no source items had "Private" set to "true".
             The ImageRuntimeVersion for this reference is "".
         Primary reference "System.IO.Compression.ZipFile, Version=8.0.0.0, Culture=neutral, PublicKeyToken=b77a5c561934e089".
             Resolved file path is "/usr/lib/dotnet/packs/Microsoft.NETCore.App.Ref/8.0.25/ref/net8.0/System.IO.Compression.ZipFile.dll".
             Reference found at search path location "{RawFileName}".
             This reference is not "CopyLocal" because at least one source item had "Private" set to "false" and no source items had "Private" set to "true".
             The ImageRuntimeVersion for this reference is "".
         Primary reference "System.IO.Compression, Version=8.0.0.0, Culture=neutral, PublicKeyToken=b77a5c561934e089".
             Resolved file path is "/usr/lib/dotnet/packs/Microsoft.NETCore.App.Ref/8.0.25/ref/net8.0/System.IO.Compression.dll".
             Reference found at search path location "{RawFileName}".
             This reference is not "CopyLocal" because at least one source item had "Private" set to "false" and no source items had "Private" set to "true".
             The ImageRuntimeVersion for this reference is "".
         Primary reference "System.IO.FileSystem.AccessControl, Version=8.0.0.0, Culture=neutral, PublicKeyToken=b03f5f7f11d50a3a".
             Resolved file path is "/usr/lib/dotnet/packs/Microsoft.NETCore.App.Ref/8.0.25/ref/net8.0/System.IO.FileSystem.AccessControl.dll".
             Reference found at search path location "{RawFileName}".
             This reference is not "CopyLocal" because at least one source item had "Private" set to "false" and no source items had "Private" set to "true".
             The ImageRuntimeVersion for this reference is "".
         Primary reference "System.IO.FileSystem.DriveInfo, Version=8.0.0.0, Culture=neutral, PublicKeyToken=b03f5f7f11d50a3a".
             Resolved file path is "/usr/lib/dotnet/packs/Microsoft.NETCore.App.Ref/8.0.25/ref/net8.0/System.IO.FileSystem.DriveInfo.dll".
             Reference found at search path location "{RawFileName}".
             This reference is not "CopyLocal" because at least one source item had "Private" set to "false" and no source items had "Private" set to "true".
             The ImageRuntimeVersion for this reference is "".
         Primary reference "System.IO.FileSystem.Primitives, Version=8.0.0.0, Culture=neutral, PublicKeyToken=b03f5f7f11d50a3a".
             Resolved file path is "/usr/lib/dotnet/packs/Microsoft.NETCore.App.Ref/8.0.25/ref/net8.0/System.IO.FileSystem.Primitives.dll".
             Reference found at search path location "{RawFileName}".
             This reference is not "CopyLocal" because at least one source item had "Private" set to "false" and no source items had "Private" set to "true".
             The ImageRuntimeVersion for this reference is "".
         Primary reference "System.IO.FileSystem.Watcher, Version=8.0.0.0, Culture=neutral, PublicKeyToken=b03f5f7f11d50a3a".
             Resolved file path is "/usr/lib/dotnet/packs/Microsoft.NETCore.App.Ref/8.0.25/ref/net8.0/System.IO.FileSystem.Watcher.dll".
             Reference found at search path location "{RawFileName}".
             This reference is not "CopyLocal" because at least one source item had "Private" set to "false" and no source items had "Private" set to "true".
             The ImageRuntimeVersion for this reference is "".
         Primary reference "System.IO.FileSystem, Version=8.0.0.0, Culture=neutral, PublicKeyToken=b03f5f7f11d50a3a".
             Resolved file path is "/usr/lib/dotnet/packs/Microsoft.NETCore.App.Ref/8.0.25/ref/net8.0/System.IO.FileSystem.dll".
             Reference found at search path location "{RawFileName}".
             This reference is not "CopyLocal" because at least one source item had "Private" set to "false" and no source items had "Private" set to "true".
             The ImageRuntimeVersion for this reference is "".
         Primary reference "System.IO.IsolatedStorage, Version=8.0.0.0, Culture=neutral, PublicKeyToken=b03f5f7f11d50a3a".
             Resolved file path is "/usr/lib/dotnet/packs/Microsoft.NETCore.App.Ref/8.0.25/ref/net8.0/System.IO.IsolatedStorage.dll".
             Reference found at search path location "{RawFileName}".
             This reference is not "CopyLocal" because at least one source item had "Private" set to "false" and no source items had "Private" set to "true".
             The ImageRuntimeVersion for this reference is "".
         Primary reference "System.IO.MemoryMappedFiles, Version=8.0.0.0, Culture=neutral, PublicKeyToken=b03f5f7f11d50a3a".
             Resolved file path is "/usr/lib/dotnet/packs/Microsoft.NETCore.App.Ref/8.0.25/ref/net8.0/System.IO.MemoryMappedFiles.dll".
             Reference found at search path location "{RawFileName}".
             This reference is not "CopyLocal" because at least one source item had "Private" set to "false" and no source items had "Private" set to "true".
             The ImageRuntimeVersion for this reference is "".
         Primary reference "System.IO.Pipes.AccessControl, Version=8.0.0.0, Culture=neutral, PublicKeyToken=b03f5f7f11d50a3a".
             Resolved file path is "/usr/lib/dotnet/packs/Microsoft.NETCore.App.Ref/8.0.25/ref/net8.0/System.IO.Pipes.AccessControl.dll".
             Reference found at search path location "{RawFileName}".
             This reference is not "CopyLocal" because at least one source item had "Private" set to "false" and no source items had "Private" set to "true".
             The ImageRuntimeVersion for this reference is "".
         Primary reference "System.IO.Pipes, Version=8.0.0.0, Culture=neutral, PublicKeyToken=b03f5f7f11d50a3a".
             Resolved file path is "/usr/lib/dotnet/packs/Microsoft.NETCore.App.Ref/8.0.25/ref/net8.0/System.IO.Pipes.dll".
             Reference found at search path location "{RawFileName}".
             This reference is not "CopyLocal" because at least one source item had "Private" set to "false" and no source items had "Private" set to "true".
             The ImageRuntimeVersion for this reference is "".
         Primary reference "System.IO.UnmanagedMemoryStream, Version=8.0.0.0, Culture=neutral, PublicKeyToken=b03f5f7f11d50a3a".
             Resolved file path is "/usr/lib/dotnet/packs/Microsoft.NETCore.App.Ref/8.0.25/ref/net8.0/System.IO.UnmanagedMemoryStream.dll".
             Reference found at search path location "{RawFileName}".
             This reference is not "CopyLocal" because at least one source item had "Private" set to "false" and no source items had "Private" set to "true".
             The ImageRuntimeVersion for this reference is "".
         Primary reference "System.IO, Version=8.0.0.0, Culture=neutral, PublicKeyToken=b03f5f7f11d50a3a".
             Resolved file path is "/usr/lib/dotnet/packs/Microsoft.NETCore.App.Ref/8.0.25/ref/net8.0/System.IO.dll".
             Reference found at search path location "{RawFileName}".
             This reference is not "CopyLocal" because at least one source item had "Private" set to "false" and no source items had "Private" set to "true".
             The ImageRuntimeVersion for this reference is "".
         Primary reference "System.Linq.Expressions, Version=8.0.0.0, Culture=neutral, PublicKeyToken=b03f5f7f11d50a3a".
             Resolved file path is "/usr/lib/dotnet/packs/Microsoft.NETCore.App.Ref/8.0.25/ref/net8.0/System.Linq.Expressions.dll".
             Reference found at search path location "{RawFileName}".
             This reference is not "CopyLocal" because at least one source item had "Private" set to "false" and no source items had "Private" set to "true".
             The ImageRuntimeVersion for this reference is "".
         Primary reference "System.Linq.Parallel, Version=8.0.0.0, Culture=neutral, PublicKeyToken=b03f5f7f11d50a3a".
             Resolved file path is "/usr/lib/dotnet/packs/Microsoft.NETCore.App.Ref/8.0.25/ref/net8.0/System.Linq.Parallel.dll".
             Reference found at search path location "{RawFileName}".
             This reference is not "CopyLocal" because at least one source item had "Private" set to "false" and no source items had "Private" set to "true".
             The ImageRuntimeVersion for this reference is "".
         Primary reference "System.Linq.Queryable, Version=8.0.0.0, Culture=neutral, PublicKeyToken=b03f5f7f11d50a3a".
             Resolved file path is "/usr/lib/dotnet/packs/Microsoft.NETCore.App.Ref/8.0.25/ref/net8.0/System.Linq.Queryable.dll".
             Reference found at search path location "{RawFileName}".
             This reference is not "CopyLocal" because at least one source item had "Private" set to "false" and no source items had "Private" set to "true".
             The ImageRuntimeVersion for this reference is "".
         Primary reference "System.Linq, Version=8.0.0.0, Culture=neutral, PublicKeyToken=b03f5f7f11d50a3a".
             Resolved file path is "/usr/lib/dotnet/packs/Microsoft.NETCore.App.Ref/8.0.25/ref/net8.0/System.Linq.dll".
             Reference found at search path location "{RawFileName}".
             This reference is not "CopyLocal" because at least one source item had "Private" set to "false" and no source items had "Private" set to "true".
             The ImageRuntimeVersion for this reference is "".
         Primary reference "System.Memory, Version=8.0.0.0, Culture=neutral, PublicKeyToken=cc7b13ffcd2ddd51".
             Resolved file path is "/usr/lib/dotnet/packs/Microsoft.NETCore.App.Ref/8.0.25/ref/net8.0/System.Memory.dll".
             Reference found at search path location "{RawFileName}".
             This reference is not "CopyLocal" because at least one source item had "Private" set to "false" and no source items had "Private" set to "true".
             The ImageRuntimeVersion for this reference is "".
         Primary reference "System.Net.Http.Json, Version=8.0.0.0, Culture=neutral, PublicKeyToken=cc7b13ffcd2ddd51".
             Resolved file path is "/usr/lib/dotnet/packs/Microsoft.NETCore.App.Ref/8.0.25/ref/net8.0/System.Net.Http.Json.dll".
             Reference found at search path location "{RawFileName}".
             This reference is not "CopyLocal" because at least one source item had "Private" set to "false" and no source items had "Private" set to "true".
             The ImageRuntimeVersion for this reference is "".
         Primary reference "System.Net.Http, Version=8.0.0.0, Culture=neutral, PublicKeyToken=b03f5f7f11d50a3a".
             Resolved file path is "/usr/lib/dotnet/packs/Microsoft.NETCore.App.Ref/8.0.25/ref/net8.0/System.Net.Http.dll".
             Reference found at search path location "{RawFileName}".
             This reference is not "CopyLocal" because at least one source item had "Private" set to "false" and no source items had "Private" set to "true".
             The ImageRuntimeVersion for this reference is "".
         Primary reference "System.Net.HttpListener, Version=8.0.0.0, Culture=neutral, PublicKeyToken=cc7b13ffcd2ddd51".
             Resolved file path is "/usr/lib/dotnet/packs/Microsoft.NETCore.App.Ref/8.0.25/ref/net8.0/System.Net.HttpListener.dll".
             Reference found at search path location "{RawFileName}".
             This reference is not "CopyLocal" because at least one source item had "Private" set to "false" and no source items had "Private" set to "true".
             The ImageRuntimeVersion for this reference is "".
         Primary reference "System.Net.Mail, Version=8.0.0.0, Culture=neutral, PublicKeyToken=cc7b13ffcd2ddd51".
             Resolved file path is "/usr/lib/dotnet/packs/Microsoft.NETCore.App.Ref/8.0.25/ref/net8.0/System.Net.Mail.dll".
             Reference found at search path location "{RawFileName}".
             This reference is not "CopyLocal" because at least one source item had "Private" set to "false" and no source items had "Private" set to "true".
             The ImageRuntimeVersion for this reference is "".
         Primary reference "System.Net.NameResolution, Version=8.0.0.0, Culture=neutral, PublicKeyToken=b03f5f7f11d50a3a".
             Resolved file path is "/usr/lib/dotnet/packs/Microsoft.NETCore.App.Ref/8.0.25/ref/net8.0/System.Net.NameResolution.dll".
             Reference found at search path location "{RawFileName}".
             This reference is not "CopyLocal" because at least one source item had "Private" set to "false" and no source items had "Private" set to "true".
             The ImageRuntimeVersion for this reference is "".
         Primary reference "System.Net.NetworkInformation, Version=8.0.0.0, Culture=neutral, PublicKeyToken=b03f5f7f11d50a3a".
             Resolved file path is "/usr/lib/dotnet/packs/Microsoft.NETCore.App.Ref/8.0.25/ref/net8.0/System.Net.NetworkInformation.dll".
             Reference found at search path location "{RawFileName}".
             This reference is not "CopyLocal" because at least one source item had "Private" set to "false" and no source items had "Private" set to "true".
             The ImageRuntimeVersion for this reference is "".
         Primary reference "System.Net.Ping, Version=8.0.0.0, Culture=neutral, PublicKeyToken=b03f5f7f11d50a3a".
             Resolved file path is "/usr/lib/dotnet/packs/Microsoft.NETCore.App.Ref/8.0.25/ref/net8.0/System.Net.Ping.dll".
             Reference found at search path location "{RawFileName}".
             This reference is not "CopyLocal" because at least one source item had "Private" set to "false" and no source items had "Private" set to "true".
             The ImageRuntimeVersion for this reference is "".
         Primary reference "System.Net.Primitives, Version=8.0.0.0, Culture=neutral, PublicKeyToken=b03f5f7f11d50a3a".
             Resolved file path is "/usr/lib/dotnet/packs/Microsoft.NETCore.App.Ref/8.0.25/ref/net8.0/System.Net.Primitives.dll".
             Reference found at search path location "{RawFileName}".
             This reference is not "CopyLocal" because at least one source item had "Private" set to "false" and no source items had "Private" set to "true".
             The ImageRuntimeVersion for this reference is "".
         Primary reference "System.Net.Quic, Version=8.0.0.0, Culture=neutral, PublicKeyToken=b03f5f7f11d50a3a".
             Resolved file path is "/usr/lib/dotnet/packs/Microsoft.NETCore.App.Ref/8.0.25/ref/net8.0/System.Net.Quic.dll".
             Reference found at search path location "{RawFileName}".
             This reference is not "CopyLocal" because at least one source item had "Private" set to "false" and no source items had "Private" set to "true".
             The ImageRuntimeVersion for this reference is "".
         Primary reference "System.Net.Requests, Version=8.0.0.0, Culture=neutral, PublicKeyToken=b03f5f7f11d50a3a".
             Resolved file path is "/usr/lib/dotnet/packs/Microsoft.NETCore.App.Ref/8.0.25/ref/net8.0/System.Net.Requests.dll".
             Reference found at search path location "{RawFileName}".
             This reference is not "CopyLocal" because at least one source item had "Private" set to "false" and no source items had "Private" set to "true".
             The ImageRuntimeVersion for this reference is "".
         Primary reference "System.Net.Security, Version=8.0.0.0, Culture=neutral, PublicKeyToken=b03f5f7f11d50a3a".
             Resolved file path is "/usr/lib/dotnet/packs/Microsoft.NETCore.App.Ref/8.0.25/ref/net8.0/System.Net.Security.dll".
             Reference found at search path location "{RawFileName}".
             This reference is not "CopyLocal" because at least one source item had "Private" set to "false" and no source items had "Private" set to "true".
             The ImageRuntimeVersion for this reference is "".
         Primary reference "System.Net.ServicePoint, Version=8.0.0.0, Culture=neutral, PublicKeyToken=cc7b13ffcd2ddd51".
             Resolved file path is "/usr/lib/dotnet/packs/Microsoft.NETCore.App.Ref/8.0.25/ref/net8.0/System.Net.ServicePoint.dll".
             Reference found at search path location "{RawFileName}".
             This reference is not "CopyLocal" because at least one source item had "Private" set to "false" and no source items had "Private" set to "true".
             The ImageRuntimeVersion for this reference is "".
         Primary reference "System.Net.Sockets, Version=8.0.0.0, Culture=neutral, PublicKeyToken=b03f5f7f11d50a3a".
             Resolved file path is "/usr/lib/dotnet/packs/Microsoft.NETCore.App.Ref/8.0.25/ref/net8.0/System.Net.Sockets.dll".
             Reference found at search path location "{RawFileName}".
             This reference is not "CopyLocal" because at least one source item had "Private" set to "false" and no source items had "Private" set to "true".
             The ImageRuntimeVersion for this reference is "".
         Primary reference "System.Net.WebClient, Version=8.0.0.0, Culture=neutral, PublicKeyToken=cc7b13ffcd2ddd51".
             Resolved file path is "/usr/lib/dotnet/packs/Microsoft.NETCore.App.Ref/8.0.25/ref/net8.0/System.Net.WebClient.dll".
             Reference found at search path location "{RawFileName}".
             This reference is not "CopyLocal" because at least one source item had "Private" set to "false" and no source items had "Private" set to "true".
             The ImageRuntimeVersion for this reference is "".
         Primary reference "System.Net.WebHeaderCollection, Version=8.0.0.0, Culture=neutral, PublicKeyToken=b03f5f7f11d50a3a".
             Resolved file path is "/usr/lib/dotnet/packs/Microsoft.NETCore.App.Ref/8.0.25/ref/net8.0/System.Net.WebHeaderCollection.dll".
             Reference found at search path location "{RawFileName}".
             This reference is not "CopyLocal" because at least one source item had "Private" set to "false" and no source items had "Private" set to "true".
             The ImageRuntimeVersion for this reference is "".
         Primary reference "System.Net.WebProxy, Version=8.0.0.0, Culture=neutral, PublicKeyToken=cc7b13ffcd2ddd51".
             Resolved file path is "/usr/lib/dotnet/packs/Microsoft.NETCore.App.Ref/8.0.25/ref/net8.0/System.Net.WebProxy.dll".
             Reference found at search path location "{RawFileName}".
             This reference is not "CopyLocal" because at least one source item had "Private" set to "false" and no source items had "Private" set to "true".
             The ImageRuntimeVersion for this reference is "".
         Primary reference "System.Net.WebSockets.Client, Version=8.0.0.0, Culture=neutral, PublicKeyToken=b03f5f7f11d50a3a".
             Resolved file path is "/usr/lib/dotnet/packs/Microsoft.NETCore.App.Ref/8.0.25/ref/net8.0/System.Net.WebSockets.Client.dll".
             Reference found at search path location "{RawFileName}".
             This reference is not "CopyLocal" because at least one source item had "Private" set to "false" and no source items had "Private" set to "true".
             The ImageRuntimeVersion for this reference is "".
         Primary reference "System.Net.WebSockets, Version=8.0.0.0, Culture=neutral, PublicKeyToken=b03f5f7f11d50a3a".
             Resolved file path is "/usr/lib/dotnet/packs/Microsoft.NETCore.App.Ref/8.0.25/ref/net8.0/System.Net.WebSockets.dll".
             Reference found at search path location "{RawFileName}".
             This reference is not "CopyLocal" because at least one source item had "Private" set to "false" and no source items had "Private" set to "true".
             The ImageRuntimeVersion for this reference is "".
         Primary reference "System.Net, Version=4.0.0.0, Culture=neutral, PublicKeyToken=b03f5f7f11d50a3a".
             Resolved file path is "/usr/lib/dotnet/packs/Microsoft.NETCore.App.Ref/8.0.25/ref/net8.0/System.Net.dll".
             Reference found at search path location "{RawFileName}".
             This reference is not "CopyLocal" because at least one source item had "Private" set to "false" and no source items had "Private" set to "true".
             The ImageRuntimeVersion for this reference is "".
         Primary reference "System.Numerics.Vectors, Version=8.0.0.0, Culture=neutral, PublicKeyToken=b03f5f7f11d50a3a".
             Resolved file path is "/usr/lib/dotnet/packs/Microsoft.NETCore.App.Ref/8.0.25/ref/net8.0/System.Numerics.Vectors.dll".
             Reference found at search path location "{RawFileName}".
             This reference is not "CopyLocal" because at least one source item had "Private" set to "false" and no source items had "Private" set to "true".
             The ImageRuntimeVersion for this reference is "".
         Primary reference "System.Numerics, Version=4.0.0.0, Culture=neutral, PublicKeyToken=b77a5c561934e089".
             Resolved file path is "/usr/lib/dotnet/packs/Microsoft.NETCore.App.Ref/8.0.25/ref/net8.0/System.Numerics.dll".
             Reference found at search path location "{RawFileName}".
             This reference is not "CopyLocal" because at least one source item had "Private" set to "false" and no source items had "Private" set to "true".
             The ImageRuntimeVersion for this reference is "".
         Primary reference "System.ObjectModel, Version=8.0.0.0, Culture=neutral, PublicKeyToken=b03f5f7f11d50a3a".
             Resolved file path is "/usr/lib/dotnet/packs/Microsoft.NETCore.App.Ref/8.0.25/ref/net8.0/System.ObjectModel.dll".
             Reference found at search path location "{RawFileName}".
             This reference is not "CopyLocal" because at least one source item had "Private" set to "false" and no source items had "Private" set to "true".
             The ImageRuntimeVersion for this reference is "".
         Primary reference "System.Reflection.DispatchProxy, Version=8.0.0.0, Culture=neutral, PublicKeyToken=b03f5f7f11d50a3a".
             Resolved file path is "/usr/lib/dotnet/packs/Microsoft.NETCore.App.Ref/8.0.25/ref/net8.0/System.Reflection.DispatchProxy.dll".
             Reference found at search path location "{RawFileName}".
             This reference is not "CopyLocal" because at least one source item had "Private" set to "false" and no source items had "Private" set to "true".
             The ImageRuntimeVersion for this reference is "".
         Primary reference "System.Reflection.Emit.ILGeneration, Version=8.0.0.0, Culture=neutral, PublicKeyToken=b03f5f7f11d50a3a".
             Resolved file path is "/usr/lib/dotnet/packs/Microsoft.NETCore.App.Ref/8.0.25/ref/net8.0/System.Reflection.Emit.ILGeneration.dll".
             Reference found at search path location "{RawFileName}".
             This reference is not "CopyLocal" because at least one source item had "Private" set to "false" and no source items had "Private" set to "true".
             The ImageRuntimeVersion for this reference is "".
         Primary reference "System.Reflection.Emit.Lightweight, Version=8.0.0.0, Culture=neutral, PublicKeyToken=b03f5f7f11d50a3a".
             Resolved file path is "/usr/lib/dotnet/packs/Microsoft.NETCore.App.Ref/8.0.25/ref/net8.0/System.Reflection.Emit.Lightweight.dll".
             Reference found at search path location "{RawFileName}".
             This reference is not "CopyLocal" because at least one source item had "Private" set to "false" and no source items had "Private" set to "true".
             The ImageRuntimeVersion for this reference is "".
         Primary reference "System.Reflection.Emit, Version=8.0.0.0, Culture=neutral, PublicKeyToken=b03f5f7f11d50a3a".
             Resolved file path is "/usr/lib/dotnet/packs/Microsoft.NETCore.App.Ref/8.0.25/ref/net8.0/System.Reflection.Emit.dll".
             Reference found at search path location "{RawFileName}".
             This reference is not "CopyLocal" because at least one source item had "Private" set to "false" and no source items had "Private" set to "true".
             The ImageRuntimeVersion for this reference is "".
         Primary reference "System.Reflection.Extensions, Version=8.0.0.0, Culture=neutral, PublicKeyToken=b03f5f7f11d50a3a".
             Resolved file path is "/usr/lib/dotnet/packs/Microsoft.NETCore.App.Ref/8.0.25/ref/net8.0/System.Reflection.Extensions.dll".
             Reference found at search path location "{RawFileName}".
             This reference is not "CopyLocal" because at least one source item had "Private" set to "false" and no source items had "Private" set to "true".
             The ImageRuntimeVersion for this reference is "".
         Primary reference "System.Reflection.Metadata, Version=8.0.0.0, Culture=neutral, PublicKeyToken=b03f5f7f11d50a3a".
             Resolved file path is "/usr/lib/dotnet/packs/Microsoft.NETCore.App.Ref/8.0.25/ref/net8.0/System.Reflection.Metadata.dll".
             Reference found at search path location "{RawFileName}".
             This reference is not "CopyLocal" because at least one source item had "Private" set to "false" and no source items had "Private" set to "true".
             The ImageRuntimeVersion for this reference is "".
         Primary reference "System.Reflection.Primitives, Version=8.0.0.0, Culture=neutral, PublicKeyToken=b03f5f7f11d50a3a".
             Resolved file path is "/usr/lib/dotnet/packs/Microsoft.NETCore.App.Ref/8.0.25/ref/net8.0/System.Reflection.Primitives.dll".
             Reference found at search path location "{RawFileName}".
             This reference is not "CopyLocal" because at least one source item had "Private" set to "false" and no source items had "Private" set to "true".
             The ImageRuntimeVersion for this reference is "".
         Primary reference "System.Reflection.TypeExtensions, Version=8.0.0.0, Culture=neutral, PublicKeyToken=b03f5f7f11d50a3a".
             Resolved file path is "/usr/lib/dotnet/packs/Microsoft.NETCore.App.Ref/8.0.25/ref/net8.0/System.Reflection.TypeExtensions.dll".
             Reference found at search path location "{RawFileName}".
             This reference is not "CopyLocal" because at least one source item had "Private" set to "false" and no source items had "Private" set to "true".
             The ImageRuntimeVersion for this reference is "".
         Primary reference "System.Reflection, Version=8.0.0.0, Culture=neutral, PublicKeyToken=b03f5f7f11d50a3a".
             Resolved file path is "/usr/lib/dotnet/packs/Microsoft.NETCore.App.Ref/8.0.25/ref/net8.0/System.Reflection.dll".
             Reference found at search path location "{RawFileName}".
             This reference is not "CopyLocal" because at least one source item had "Private" set to "false" and no source items had "Private" set to "true".
             The ImageRuntimeVersion for this reference is "".
         Primary reference "System.Resources.Reader, Version=8.0.0.0, Culture=neutral, PublicKeyToken=b03f5f7f11d50a3a".
             Resolved file path is "/usr/lib/dotnet/packs/Microsoft.NETCore.App.Ref/8.0.25/ref/net8.0/System.Resources.Reader.dll".
             Reference found at search path location "{RawFileName}".
             This reference is not "CopyLocal" because at least one source item had "Private" set to "false" and no source items had "Private" set to "true".
             The ImageRuntimeVersion for this reference is "".
         Primary reference "System.Resources.ResourceManager, Version=8.0.0.0, Culture=neutral, PublicKeyToken=b03f5f7f11d50a3a".
             Resolved file path is "/usr/lib/dotnet/packs/Microsoft.NETCore.App.Ref/8.0.25/ref/net8.0/System.Resources.ResourceManager.dll".
             Reference found at search path location "{RawFileName}".
             This reference is not "CopyLocal" because at least one source item had "Private" set to "false" and no source items had "Private" set to "true".
             The ImageRuntimeVersion for this reference is "".
         Primary reference "System.Resources.Writer, Version=8.0.0.0, Culture=neutral, PublicKeyToken=b03f5f7f11d50a3a".
             Resolved file path is "/usr/lib/dotnet/packs/Microsoft.NETCore.App.Ref/8.0.25/ref/net8.0/System.Resources.Writer.dll".
             Reference found at search path location "{RawFileName}".
             This reference is not "CopyLocal" because at least one source item had "Private" set to "false" and no source items had "Private" set to "true".
             The ImageRuntimeVersion for this reference is "".
         Primary reference "System.Runtime.CompilerServices.Unsafe, Version=8.0.0.0, Culture=neutral, PublicKeyToken=b03f5f7f11d50a3a".
             Resolved file path is "/usr/lib/dotnet/packs/Microsoft.NETCore.App.Ref/8.0.25/ref/net8.0/System.Runtime.CompilerServices.Unsafe.dll".
             Reference found at search path location "{RawFileName}".
             This reference is not "CopyLocal" because at least one source item had "Private" set to "false" and no source items had "Private" set to "true".
             The ImageRuntimeVersion for this reference is "".
         Primary reference "System.Runtime.CompilerServices.VisualC, Version=8.0.0.0, Culture=neutral, PublicKeyToken=b03f5f7f11d50a3a".
             Resolved file path is "/usr/lib/dotnet/packs/Microsoft.NETCore.App.Ref/8.0.25/ref/net8.0/System.Runtime.CompilerServices.VisualC.dll".
             Reference found at search path location "{RawFileName}".
             This reference is not "CopyLocal" because at least one source item had "Private" set to "false" and no source items had "Private" set to "true".
             The ImageRuntimeVersion for this reference is "".
         Primary reference "System.Runtime.Extensions, Version=8.0.0.0, Culture=neutral, PublicKeyToken=b03f5f7f11d50a3a".
             Resolved file path is "/usr/lib/dotnet/packs/Microsoft.NETCore.App.Ref/8.0.25/ref/net8.0/System.Runtime.Extensions.dll".
             Reference found at search path location "{RawFileName}".
             This reference is not "CopyLocal" because at least one source item had "Private" set to "false" and no source items had "Private" set to "true".
             The ImageRuntimeVersion for this reference is "".
         Primary reference "System.Runtime.Handles, Version=8.0.0.0, Culture=neutral, PublicKeyToken=b03f5f7f11d50a3a".
             Resolved file path is "/usr/lib/dotnet/packs/Microsoft.NETCore.App.Ref/8.0.25/ref/net8.0/System.Runtime.Handles.dll".
             Reference found at search path location "{RawFileName}".
             This reference is not "CopyLocal" because at least one source item had "Private" set to "false" and no source items had "Private" set to "true".
             The ImageRuntimeVersion for this reference is "".
         Primary reference "System.Runtime.InteropServices.JavaScript, Version=8.0.0.0, Culture=neutral, PublicKeyToken=b03f5f7f11d50a3a".
             Resolved file path is "/usr/lib/dotnet/packs/Microsoft.NETCore.App.Ref/8.0.25/ref/net8.0/System.Runtime.InteropServices.JavaScript.dll".
             Reference found at search path location "{RawFileName}".
             This reference is not "CopyLocal" because at least one source item had "Private" set to "false" and no source items had "Private" set to "true".
             The ImageRuntimeVersion for this reference is "".
         Primary reference "System.Runtime.InteropServices.RuntimeInformation, Version=8.0.0.0, Culture=neutral, PublicKeyToken=b03f5f7f11d50a3a".
             Resolved file path is "/usr/lib/dotnet/packs/Microsoft.NETCore.App.Ref/8.0.25/ref/net8.0/System.Runtime.InteropServices.RuntimeInformation.dll".
             Reference found at search path location "{RawFileName}".
             This reference is not "CopyLocal" because at least one source item had "Private" set to "false" and no source items had "Private" set to "true".
             The ImageRuntimeVersion for this reference is "".
         Primary reference "System.Runtime.InteropServices, Version=8.0.0.0, Culture=neutral, PublicKeyToken=b03f5f7f11d50a3a".
             Resolved file path is "/usr/lib/dotnet/packs/Microsoft.NETCore.App.Ref/8.0.25/ref/net8.0/System.Runtime.InteropServices.dll".
             Reference found at search path location "{RawFileName}".
             This reference is not "CopyLocal" because at least one source item had "Private" set to "false" and no source items had "Private" set to "true".
             The ImageRuntimeVersion for this reference is "".
         Primary reference "System.Runtime.Intrinsics, Version=8.0.0.0, Culture=neutral, PublicKeyToken=cc7b13ffcd2ddd51".
             Resolved file path is "/usr/lib/dotnet/packs/Microsoft.NETCore.App.Ref/8.0.25/ref/net8.0/System.Runtime.Intrinsics.dll".
             Reference found at search path location "{RawFileName}".
             This reference is not "CopyLocal" because at least one source item had "Private" set to "false" and no source items had "Private" set to "true".
             The ImageRuntimeVersion for this reference is "".
         Primary reference "System.Runtime.Loader, Version=8.0.0.0, Culture=neutral, PublicKeyToken=b03f5f7f11d50a3a".
             Resolved file path is "/usr/lib/dotnet/packs/Microsoft.NETCore.App.Ref/8.0.25/ref/net8.0/System.Runtime.Loader.dll".
             Reference found at search path location "{RawFileName}".
             This reference is not "CopyLocal" because at least one source item had "Private" set to "false" and no source items had "Private" set to "true".
             The ImageRuntimeVersion for this reference is "".
         Primary reference "System.Runtime.Numerics, Version=8.0.0.0, Culture=neutral, PublicKeyToken=b03f5f7f11d50a3a".
             Resolved file path is "/usr/lib/dotnet/packs/Microsoft.NETCore.App.Ref/8.0.25/ref/net8.0/System.Runtime.Numerics.dll".
             Reference found at search path location "{RawFileName}".
             This reference is not "CopyLocal" because at least one source item had "Private" set to "false" and no source items had "Private" set to "true".
             The ImageRuntimeVersion for this reference is "".
         Primary reference "System.Runtime.Serialization.Formatters, Version=8.0.0.0, Culture=neutral, PublicKeyToken=b03f5f7f11d50a3a".
             Resolved file path is "/usr/lib/dotnet/packs/Microsoft.NETCore.App.Ref/8.0.25/ref/net8.0/System.Runtime.Serialization.Formatters.dll".
             Reference found at search path location "{RawFileName}".
             This reference is not "CopyLocal" because at least one source item had "Private" set to "false" and no source items had "Private" set to "true".
             The ImageRuntimeVersion for this reference is "".
         Primary reference "System.Runtime.Serialization.Json, Version=8.0.0.0, Culture=neutral, PublicKeyToken=b03f5f7f11d50a3a".
             Resolved file path is "/usr/lib/dotnet/packs/Microsoft.NETCore.App.Ref/8.0.25/ref/net8.0/System.Runtime.Serialization.Json.dll".
             Reference found at search path location "{RawFileName}".
             This reference is not "CopyLocal" because at least one source item had "Private" set to "false" and no source items had "Private" set to "true".
             The ImageRuntimeVersion for this reference is "".
         Primary reference "System.Runtime.Serialization.Primitives, Version=8.0.0.0, Culture=neutral, PublicKeyToken=b03f5f7f11d50a3a".
             Resolved file path is "/usr/lib/dotnet/packs/Microsoft.NETCore.App.Ref/8.0.25/ref/net8.0/System.Runtime.Serialization.Primitives.dll".
             Reference found at search path location "{RawFileName}".
             This reference is not "CopyLocal" because at least one source item had "Private" set to "false" and no source items had "Private" set to "true".
             The ImageRuntimeVersion for this reference is "".
         Primary reference "System.Runtime.Serialization.Xml, Version=8.0.0.0, Culture=neutral, PublicKeyToken=b03f5f7f11d50a3a".
             Resolved file path is "/usr/lib/dotnet/packs/Microsoft.NETCore.App.Ref/8.0.25/ref/net8.0/System.Runtime.Serialization.Xml.dll".
             Reference found at search path location "{RawFileName}".
             This reference is not "CopyLocal" because at least one source item had "Private" set to "false" and no source items had "Private" set to "true".
             The ImageRuntimeVersion for this reference is "".
         Primary reference "System.Runtime.Serialization, Version=4.0.0.0, Culture=neutral, PublicKeyToken=b77a5c561934e089".
             Resolved file path is "/usr/lib/dotnet/packs/Microsoft.NETCore.App.Ref/8.0.25/ref/net8.0/System.Runtime.Serialization.dll".
             Reference found at search path location "{RawFileName}".
             This reference is not "CopyLocal" because at least one source item had "Private" set to "false" and no source items had "Private" set to "true".
             The ImageRuntimeVersion for this reference is "".
         Primary reference "System.Runtime, Version=8.0.0.0, Culture=neutral, PublicKeyToken=b03f5f7f11d50a3a".
             Resolved file path is "/usr/lib/dotnet/packs/Microsoft.NETCore.App.Ref/8.0.25/ref/net8.0/System.Runtime.dll".
             Reference found at search path location "{RawFileName}".
             This reference is not "CopyLocal" because at least one source item had "Private" set to "false" and no source items had "Private" set to "true".
             The ImageRuntimeVersion for this reference is "".
         Primary reference "System.Security.AccessControl, Version=8.0.0.0, Culture=neutral, PublicKeyToken=b03f5f7f11d50a3a".
             Resolved file path is "/usr/lib/dotnet/packs/Microsoft.NETCore.App.Ref/8.0.25/ref/net8.0/System.Security.AccessControl.dll".
             Reference found at search path location "{RawFileName}".
             This reference is not "CopyLocal" because at least one source item had "Private" set to "false" and no source items had "Private" set to "true".
             The ImageRuntimeVersion for this reference is "".
         Primary reference "System.Security.Claims, Version=8.0.0.0, Culture=neutral, PublicKeyToken=b03f5f7f11d50a3a".
             Resolved file path is "/usr/lib/dotnet/packs/Microsoft.NETCore.App.Ref/8.0.25/ref/net8.0/System.Security.Claims.dll".
             Reference found at search path location "{RawFileName}".
             This reference is not "CopyLocal" because at least one source item had "Private" set to "false" and no source items had "Private" set to "true".
             The ImageRuntimeVersion for this reference is "".
         Primary reference "System.Security.Cryptography.Algorithms, Version=8.0.0.0, Culture=neutral, PublicKeyToken=b03f5f7f11d50a3a".
             Resolved file path is "/usr/lib/dotnet/packs/Microsoft.NETCore.App.Ref/8.0.25/ref/net8.0/System.Security.Cryptography.Algorithms.dll".
             Reference found at search path location "{RawFileName}".
             This reference is not "CopyLocal" because at least one source item had "Private" set to "false" and no source items had "Private" set to "true".
             The ImageRuntimeVersion for this reference is "".
         Primary reference "System.Security.Cryptography.Cng, Version=8.0.0.0, Culture=neutral, PublicKeyToken=b03f5f7f11d50a3a".
             Resolved file path is "/usr/lib/dotnet/packs/Microsoft.NETCore.App.Ref/8.0.25/ref/net8.0/System.Security.Cryptography.Cng.dll".
             Reference found at search path location "{RawFileName}".
             This reference is not "CopyLocal" because at least one source item had "Private" set to "false" and no source items had "Private" set to "true".
             The ImageRuntimeVersion for this reference is "".
         Primary reference "System.Security.Cryptography.Csp, Version=8.0.0.0, Culture=neutral, PublicKeyToken=b03f5f7f11d50a3a".
             Resolved file path is "/usr/lib/dotnet/packs/Microsoft.NETCore.App.Ref/8.0.25/ref/net8.0/System.Security.Cryptography.Csp.dll".
             Reference found at search path location "{RawFileName}".
             This reference is not "CopyLocal" because at least one source item had "Private" set to "false" and no source items had "Private" set to "true".
             The ImageRuntimeVersion for this reference is "".
         Primary reference "System.Security.Cryptography.Encoding, Version=8.0.0.0, Culture=neutral, PublicKeyToken=b03f5f7f11d50a3a".
             Resolved file path is "/usr/lib/dotnet/packs/Microsoft.NETCore.App.Ref/8.0.25/ref/net8.0/System.Security.Cryptography.Encoding.dll".
             Reference found at search path location "{RawFileName}".
             This reference is not "CopyLocal" because at least one source item had "Private" set to "false" and no source items had "Private" set to "true".
             The ImageRuntimeVersion for this reference is "".
         Primary reference "System.Security.Cryptography.OpenSsl, Version=8.0.0.0, Culture=neutral, PublicKeyToken=b03f5f7f11d50a3a".
             Resolved file path is "/usr/lib/dotnet/packs/Microsoft.NETCore.App.Ref/8.0.25/ref/net8.0/System.Security.Cryptography.OpenSsl.dll".
             Reference found at search path location "{RawFileName}".
             This reference is not "CopyLocal" because at least one source item had "Private" set to "false" and no source items had "Private" set to "true".
             The ImageRuntimeVersion for this reference is "".
         Primary reference "System.Security.Cryptography.Primitives, Version=8.0.0.0, Culture=neutral, PublicKeyToken=b03f5f7f11d50a3a".
             Resolved file path is "/usr/lib/dotnet/packs/Microsoft.NETCore.App.Ref/8.0.25/ref/net8.0/System.Security.Cryptography.Primitives.dll".
             Reference found at search path location "{RawFileName}".
             This reference is not "CopyLocal" because at least one source item had "Private" set to "false" and no source items had "Private" set to "true".
             The ImageRuntimeVersion for this reference is "".
         Primary reference "System.Security.Cryptography.X509Certificates, Version=8.0.0.0, Culture=neutral, PublicKeyToken=b03f5f7f11d50a3a".
             Resolved file path is "/usr/lib/dotnet/packs/Microsoft.NETCore.App.Ref/8.0.25/ref/net8.0/System.Security.Cryptography.X509Certificates.dll".
             Reference found at search path location "{RawFileName}".
             This reference is not "CopyLocal" because at least one source item had "Private" set to "false" and no source items had "Private" set to "true".
             The ImageRuntimeVersion for this reference is "".
         Primary reference "System.Security.Cryptography, Version=8.0.0.0, Culture=neutral, PublicKeyToken=b03f5f7f11d50a3a".
             Resolved file path is "/usr/lib/dotnet/packs/Microsoft.NETCore.App.Ref/8.0.25/ref/net8.0/System.Security.Cryptography.dll".
             Reference found at search path location "{RawFileName}".
             This reference is not "CopyLocal" because at least one source item had "Private" set to "false" and no source items had "Private" set to "true".
             The ImageRuntimeVersion for this reference is "".
         Primary reference "System.Security.Principal.Windows, Version=8.0.0.0, Culture=neutral, PublicKeyToken=b03f5f7f11d50a3a".
             Resolved file path is "/usr/lib/dotnet/packs/Microsoft.NETCore.App.Ref/8.0.25/ref/net8.0/System.Security.Principal.Windows.dll".
             Reference found at search path location "{RawFileName}".
             This reference is not "CopyLocal" because at least one source item had "Private" set to "false" and no source items had "Private" set to "true".
             The ImageRuntimeVersion for this reference is "".
         Primary reference "System.Security.Principal, Version=8.0.0.0, Culture=neutral, PublicKeyToken=b03f5f7f11d50a3a".
             Resolved file path is "/usr/lib/dotnet/packs/Microsoft.NETCore.App.Ref/8.0.25/ref/net8.0/System.Security.Principal.dll".
             Reference found at search path location "{RawFileName}".
             This reference is not "CopyLocal" because at least one source item had "Private" set to "false" and no source items had "Private" set to "true".
             The ImageRuntimeVersion for this reference is "".
         Primary reference "System.Security.SecureString, Version=8.0.0.0, Culture=neutral, PublicKeyToken=b03f5f7f11d50a3a".
             Resolved file path is "/usr/lib/dotnet/packs/Microsoft.NETCore.App.Ref/8.0.25/ref/net8.0/System.Security.SecureString.dll".
             Reference found at search path location "{RawFileName}".
             This reference is not "CopyLocal" because at least one source item had "Private" set to "false" and no source items had "Private" set to "true".
             The ImageRuntimeVersion for this reference is "".
         Primary reference "System.Security, Version=4.0.0.0, Culture=neutral, PublicKeyToken=b03f5f7f11d50a3a".
             Resolved file path is "/usr/lib/dotnet/packs/Microsoft.NETCore.App.Ref/8.0.25/ref/net8.0/System.Security.dll".
             Reference found at search path location "{RawFileName}".
             This reference is not "CopyLocal" because at least one source item had "Private" set to "false" and no source items had "Private" set to "true".
             The ImageRuntimeVersion for this reference is "".
         Primary reference "System.ServiceModel.Web, Version=4.0.0.0, Culture=neutral, PublicKeyToken=31bf3856ad364e35".
             Resolved file path is "/usr/lib/dotnet/packs/Microsoft.NETCore.App.Ref/8.0.25/ref/net8.0/System.ServiceModel.Web.dll".
             Reference found at search path location "{RawFileName}".
             This reference is not "CopyLocal" because at least one source item had "Private" set to "false" and no source items had "Private" set to "true".
             The ImageRuntimeVersion for this reference is "".
         Primary reference "System.ServiceProcess, Version=4.0.0.0, Culture=neutral, PublicKeyToken=b03f5f7f11d50a3a".
             Resolved file path is "/usr/lib/dotnet/packs/Microsoft.NETCore.App.Ref/8.0.25/ref/net8.0/System.ServiceProcess.dll".
             Reference found at search path location "{RawFileName}".
             This reference is not "CopyLocal" because at least one source item had "Private" set to "false" and no source items had "Private" set to "true".
             The ImageRuntimeVersion for this reference is "".
         Primary reference "System.Text.Encoding.CodePages, Version=8.0.0.0, Culture=neutral, PublicKeyToken=b03f5f7f11d50a3a".
             Resolved file path is "/usr/lib/dotnet/packs/Microsoft.NETCore.App.Ref/8.0.25/ref/net8.0/System.Text.Encoding.CodePages.dll".
             Reference found at search path location "{RawFileName}".
             This reference is not "CopyLocal" because at least one source item had "Private" set to "false" and no source items had "Private" set to "true".
             The ImageRuntimeVersion for this reference is "".
         Primary reference "System.Text.Encoding.Extensions, Version=8.0.0.0, Culture=neutral, PublicKeyToken=b03f5f7f11d50a3a".
             Resolved file path is "/usr/lib/dotnet/packs/Microsoft.NETCore.App.Ref/8.0.25/ref/net8.0/System.Text.Encoding.Extensions.dll".
             Reference found at search path location "{RawFileName}".
             This reference is not "CopyLocal" because at least one source item had "Private" set to "false" and no source items had "Private" set to "true".
             The ImageRuntimeVersion for this reference is "".
         Primary reference "System.Text.Encoding, Version=8.0.0.0, Culture=neutral, PublicKeyToken=b03f5f7f11d50a3a".
             Resolved file path is "/usr/lib/dotnet/packs/Microsoft.NETCore.App.Ref/8.0.25/ref/net8.0/System.Text.Encoding.dll".
             Reference found at search path location "{RawFileName}".
             This reference is not "CopyLocal" because at least one source item had "Private" set to "false" and no source items had "Private" set to "true".
             The ImageRuntimeVersion for this reference is "".
         Primary reference "System.Text.Encodings.Web, Version=8.0.0.0, Culture=neutral, PublicKeyToken=cc7b13ffcd2ddd51".
             Resolved file path is "/usr/lib/dotnet/packs/Microsoft.NETCore.App.Ref/8.0.25/ref/net8.0/System.Text.Encodings.Web.dll".
             Reference found at search path location "{RawFileName}".
             This reference is not "CopyLocal" because at least one source item had "Private" set to "false" and no source items had "Private" set to "true".
             The ImageRuntimeVersion for this reference is "".
         Primary reference "System.Text.Json, Version=8.0.0.0, Culture=neutral, PublicKeyToken=cc7b13ffcd2ddd51".
             Resolved file path is "/usr/lib/dotnet/packs/Microsoft.NETCore.App.Ref/8.0.25/ref/net8.0/System.Text.Json.dll".
             Reference found at search path location "{RawFileName}".
             This reference is not "CopyLocal" because at least one source item had "Private" set to "false" and no source items had "Private" set to "true".
             The ImageRuntimeVersion for this reference is "".
         Primary reference "System.Text.RegularExpressions, Version=8.0.0.0, Culture=neutral, PublicKeyToken=b03f5f7f11d50a3a".
             Resolved file path is "/usr/lib/dotnet/packs/Microsoft.NETCore.App.Ref/8.0.25/ref/net8.0/System.Text.RegularExpressions.dll".
             Reference found at search path location "{RawFileName}".
             This reference is not "CopyLocal" because at least one source item had "Private" set to "false" and no source items had "Private" set to "true".
             The ImageRuntimeVersion for this reference is "".
         Primary reference "System.Threading.Channels, Version=8.0.0.0, Culture=neutral, PublicKeyToken=cc7b13ffcd2ddd51".
             Resolved file path is "/usr/lib/dotnet/packs/Microsoft.NETCore.App.Ref/8.0.25/ref/net8.0/System.Threading.Channels.dll".
             Reference found at search path location "{RawFileName}".
             This reference is not "CopyLocal" because at least one source item had "Private" set to "false" and no source items had "Private" set to "true".
             The ImageRuntimeVersion for this reference is "".
         Primary reference "System.Threading.Overlapped, Version=8.0.0.0, Culture=neutral, PublicKeyToken=b03f5f7f11d50a3a".
             Resolved file path is "/usr/lib/dotnet/packs/Microsoft.NETCore.App.Ref/8.0.25/ref/net8.0/System.Threading.Overlapped.dll".
             Reference found at search path location "{RawFileName}".
             This reference is not "CopyLocal" because at least one source item had "Private" set to "false" and no source items had "Private" set to "true".
             The ImageRuntimeVersion for this reference is "".
         Primary reference "System.Threading.Tasks.Dataflow, Version=8.0.0.0, Culture=neutral, PublicKeyToken=b03f5f7f11d50a3a".
             Resolved file path is "/usr/lib/dotnet/packs/Microsoft.NETCore.App.Ref/8.0.25/ref/net8.0/System.Threading.Tasks.Dataflow.dll".
             Reference found at search path location "{RawFileName}".
             This reference is not "CopyLocal" because at least one source item had "Private" set to "false" and no source items had "Private" set to "true".
             The ImageRuntimeVersion for this reference is "".
         Primary reference "System.Threading.Tasks.Extensions, Version=8.0.0.0, Culture=neutral, PublicKeyToken=cc7b13ffcd2ddd51".
             Resolved file path is "/usr/lib/dotnet/packs/Microsoft.NETCore.App.Ref/8.0.25/ref/net8.0/System.Threading.Tasks.Extensions.dll".
             Reference found at search path location "{RawFileName}".
             This reference is not "CopyLocal" because at least one source item had "Private" set to "false" and no source items had "Private" set to "true".
             The ImageRuntimeVersion for this reference is "".
         Primary reference "System.Threading.Tasks.Parallel, Version=8.0.0.0, Culture=neutral, PublicKeyToken=b03f5f7f11d50a3a".
             Resolved file path is "/usr/lib/dotnet/packs/Microsoft.NETCore.App.Ref/8.0.25/ref/net8.0/System.Threading.Tasks.Parallel.dll".
             Reference found at search path location "{RawFileName}".
             This reference is not "CopyLocal" because at least one source item had "Private" set to "false" and no source items had "Private" set to "true".
             The ImageRuntimeVersion for this reference is "".
         Primary reference "System.Threading.Tasks, Version=8.0.0.0, Culture=neutral, PublicKeyToken=b03f5f7f11d50a3a".
             Resolved file path is "/usr/lib/dotnet/packs/Microsoft.NETCore.App.Ref/8.0.25/ref/net8.0/System.Threading.Tasks.dll".
             Reference found at search path location "{RawFileName}".
             This reference is not "CopyLocal" because at least one source item had "Private" set to "false" and no source items had "Private" set to "true".
             The ImageRuntimeVersion for this reference is "".
         Primary reference "System.Threading.Thread, Version=8.0.0.0, Culture=neutral, PublicKeyToken=b03f5f7f11d50a3a".
             Resolved file path is "/usr/lib/dotnet/packs/Microsoft.NETCore.App.Ref/8.0.25/ref/net8.0/System.Threading.Thread.dll".
             Reference found at search path location "{RawFileName}".
             This reference is not "CopyLocal" because at least one source item had "Private" set to "false" and no source items had "Private" set to "true".
             The ImageRuntimeVersion for this reference is "".
         Primary reference "System.Threading.ThreadPool, Version=8.0.0.0, Culture=neutral, PublicKeyToken=b03f5f7f11d50a3a".
             Resolved file path is "/usr/lib/dotnet/packs/Microsoft.NETCore.App.Ref/8.0.25/ref/net8.0/System.Threading.ThreadPool.dll".
             Reference found at search path location "{RawFileName}".
             This reference is not "CopyLocal" because at least one source item had "Private" set to "false" and no source items had "Private" set to "true".
             The ImageRuntimeVersion for this reference is "".
         Primary reference "System.Threading.Timer, Version=8.0.0.0, Culture=neutral, PublicKeyToken=b03f5f7f11d50a3a".
             Resolved file path is "/usr/lib/dotnet/packs/Microsoft.NETCore.App.Ref/8.0.25/ref/net8.0/System.Threading.Timer.dll".
             Reference found at search path location "{RawFileName}".
             This reference is not "CopyLocal" because at least one source item had "Private" set to "false" and no source items had "Private" set to "true".
             The ImageRuntimeVersion for this reference is "".
         Primary reference "System.Threading, Version=8.0.0.0, Culture=neutral, PublicKeyToken=b03f5f7f11d50a3a".
             Resolved file path is "/usr/lib/dotnet/packs/Microsoft.NETCore.App.Ref/8.0.25/ref/net8.0/System.Threading.dll".
             Reference found at search path location "{RawFileName}".
             This reference is not "CopyLocal" because at least one source item had "Private" set to "false" and no source items had "Private" set to "true".
             The ImageRuntimeVersion for this reference is "".
         Primary reference "System.Transactions.Local, Version=8.0.0.0, Culture=neutral, PublicKeyToken=cc7b13ffcd2ddd51".
             Resolved file path is "/usr/lib/dotnet/packs/Microsoft.NETCore.App.Ref/8.0.25/ref/net8.0/System.Transactions.Local.dll".
             Reference found at search path location "{RawFileName}".
             This reference is not "CopyLocal" because at least one source item had "Private" set to "false" and no source items had "Private" set to "true".
             The ImageRuntimeVersion for this reference is "".
         Primary reference "System.Transactions, Version=4.0.0.0, Culture=neutral, PublicKeyToken=b77a5c561934e089".
             Resolved file path is "/usr/lib/dotnet/packs/Microsoft.NETCore.App.Ref/8.0.25/ref/net8.0/System.Transactions.dll".
             Reference found at search path location "{RawFileName}".
             This reference is not "CopyLocal" because at least one source item had "Private" set to "false" and no source items had "Private" set to "true".
             The ImageRuntimeVersion for this reference is "".
         Primary reference "System.ValueTuple, Version=8.0.0.0, Culture=neutral, PublicKeyToken=cc7b13ffcd2ddd51".
             Resolved file path is "/usr/lib/dotnet/packs/Microsoft.NETCore.App.Ref/8.0.25/ref/net8.0/System.ValueTuple.dll".
             Reference found at search path location "{RawFileName}".
             This reference is not "CopyLocal" because at least one source item had "Private" set to "false" and no source items had "Private" set to "true".
             The ImageRuntimeVersion for this reference is "".
         Primary reference "System.Web.HttpUtility, Version=8.0.0.0, Culture=neutral, PublicKeyToken=cc7b13ffcd2ddd51".
             Resolved file path is "/usr/lib/dotnet/packs/Microsoft.NETCore.App.Ref/8.0.25/ref/net8.0/System.Web.HttpUtility.dll".
             Reference found at search path location "{RawFileName}".
             This reference is not "CopyLocal" because at least one source item had "Private" set to "false" and no source items had "Private" set to "true".
             The ImageRuntimeVersion for this reference is "".
         Primary reference "System.Web, Version=4.0.0.0, Culture=neutral, PublicKeyToken=b03f5f7f11d50a3a".
             Resolved file path is "/usr/lib/dotnet/packs/Microsoft.NETCore.App.Ref/8.0.25/ref/net8.0/System.Web.dll".
             Reference found at search path location "{RawFileName}".
             This reference is not "CopyLocal" because at least one source item had "Private" set to "false" and no source items had "Private" set to "true".
             The ImageRuntimeVersion for this reference is "".
         Primary reference "System.Windows, Version=4.0.0.0, Culture=neutral, PublicKeyToken=b03f5f7f11d50a3a".
             Resolved file path is "/usr/lib/dotnet/packs/Microsoft.NETCore.App.Ref/8.0.25/ref/net8.0/System.Windows.dll".
             Reference found at search path location "{RawFileName}".
             This reference is not "CopyLocal" because at least one source item had "Private" set to "false" and no source items had "Private" set to "true".
             The ImageRuntimeVersion for this reference is "".
         Primary reference "System.Xml.Linq, Version=4.0.0.0, Culture=neutral, PublicKeyToken=b77a5c561934e089".
             Resolved file path is "/usr/lib/dotnet/packs/Microsoft.NETCore.App.Ref/8.0.25/ref/net8.0/System.Xml.Linq.dll".
             Reference found at search path location "{RawFileName}".
             This reference is not "CopyLocal" because at least one source item had "Private" set to "false" and no source items had "Private" set to "true".
             The ImageRuntimeVersion for this reference is "".
         Primary reference "System.Xml.ReaderWriter, Version=8.0.0.0, Culture=neutral, PublicKeyToken=b03f5f7f11d50a3a".
             Resolved file path is "/usr/lib/dotnet/packs/Microsoft.NETCore.App.Ref/8.0.25/ref/net8.0/System.Xml.ReaderWriter.dll".
             Reference found at search path location "{RawFileName}".
             This reference is not "CopyLocal" because at least one source item had "Private" set to "false" and no source items had "Private" set to "true".
             The ImageRuntimeVersion for this reference is "".
         Primary reference "System.Xml.Serialization, Version=4.0.0.0, Culture=neutral, PublicKeyToken=b77a5c561934e089".
             Resolved file path is "/usr/lib/dotnet/packs/Microsoft.NETCore.App.Ref/8.0.25/ref/net8.0/System.Xml.Serialization.dll".
             Reference found at search path location "{RawFileName}".
             This reference is not "CopyLocal" because at least one source item had "Private" set to "false" and no source items had "Private" set to "true".
             The ImageRuntimeVersion for this reference is "".
         Primary reference "System.Xml.XDocument, Version=8.0.0.0, Culture=neutral, PublicKeyToken=b03f5f7f11d50a3a".
             Resolved file path is "/usr/lib/dotnet/packs/Microsoft.NETCore.App.Ref/8.0.25/ref/net8.0/System.Xml.XDocument.dll".
             Reference found at search path location "{RawFileName}".
             This reference is not "CopyLocal" because at least one source item had "Private" set to "false" and no source items had "Private" set to "true".
             The ImageRuntimeVersion for this reference is "".
         Primary reference "System.Xml.XPath.XDocument, Version=8.0.0.0, Culture=neutral, PublicKeyToken=b03f5f7f11d50a3a".
             Resolved file path is "/usr/lib/dotnet/packs/Microsoft.NETCore.App.Ref/8.0.25/ref/net8.0/System.Xml.XPath.XDocument.dll".
             Reference found at search path location "{RawFileName}".
             This reference is not "CopyLocal" because at least one source item had "Private" set to "false" and no source items had "Private" set to "true".
             The ImageRuntimeVersion for this reference is "".
         Primary reference "System.Xml.XPath, Version=8.0.0.0, Culture=neutral, PublicKeyToken=b03f5f7f11d50a3a".
             Resolved file path is "/usr/lib/dotnet/packs/Microsoft.NETCore.App.Ref/8.0.25/ref/net8.0/System.Xml.XPath.dll".
             Reference found at search path location "{RawFileName}".
             This reference is not "CopyLocal" because at least one source item had "Private" set to "false" and no source items had "Private" set to "true".
             The ImageRuntimeVersion for this reference is "".
         Primary reference "System.Xml.XmlDocument, Version=8.0.0.0, Culture=neutral, PublicKeyToken=b03f5f7f11d50a3a".
             Resolved file path is "/usr/lib/dotnet/packs/Microsoft.NETCore.App.Ref/8.0.25/ref/net8.0/System.Xml.XmlDocument.dll".
             Reference found at search path location "{RawFileName}".
             This reference is not "CopyLocal" because at least one source item had "Private" set to "false" and no source items had "Private" set to "true".
             The ImageRuntimeVersion for this reference is "".
         Primary reference "System.Xml.XmlSerializer, Version=8.0.0.0, Culture=neutral, PublicKeyToken=b03f5f7f11d50a3a".
             Resolved file path is "/usr/lib/dotnet/packs/Microsoft.NETCore.App.Ref/8.0.25/ref/net8.0/System.Xml.XmlSerializer.dll".
             Reference found at search path location "{RawFileName}".
             This reference is not "CopyLocal" because at least one source item had "Private" set to "false" and no source items had "Private" set to "true".
             The ImageRuntimeVersion for this reference is "".
         Primary reference "System.Xml, Version=4.0.0.0, Culture=neutral, PublicKeyToken=b77a5c561934e089".
             Resolved file path is "/usr/lib/dotnet/packs/Microsoft.NETCore.App.Ref/8.0.25/ref/net8.0/System.Xml.dll".
             Reference found at search path location "{RawFileName}".
             This reference is not "CopyLocal" because at least one source item had "Private" set to "false" and no source items had "Private" set to "true".
             The ImageRuntimeVersion for this reference is "".
         Primary reference "System, Version=4.0.0.0, Culture=neutral, PublicKeyToken=b77a5c561934e089".
             Resolved file path is "/usr/lib/dotnet/packs/Microsoft.NETCore.App.Ref/8.0.25/ref/net8.0/System.dll".
             Reference found at search path location "{RawFileName}".
             This reference is not "CopyLocal" because at least one source item had "Private" set to "false" and no source items had "Private" set to "true".
             The ImageRuntimeVersion for this reference is "".
         Primary reference "WindowsBase, Version=4.0.0.0, Culture=neutral, PublicKeyToken=31bf3856ad364e35".
             Resolved file path is "/usr/lib/dotnet/packs/Microsoft.NETCore.App.Ref/8.0.25/ref/net8.0/WindowsBase.dll".
             Reference found at search path location "{RawFileName}".
             This reference is not "CopyLocal" because at least one source item had "Private" set to "false" and no source items had "Private" set to "true".
             The ImageRuntimeVersion for this reference is "".
         Primary reference "mscorlib, Version=4.0.0.0, Culture=neutral, PublicKeyToken=b77a5c561934e089".
             Resolved file path is "/usr/lib/dotnet/packs/Microsoft.NETCore.App.Ref/8.0.25/ref/net8.0/mscorlib.dll".
             Reference found at search path location "{RawFileName}".
             This reference is not "CopyLocal" because at least one source item had "Private" set to "false" and no source items had "Private" set to "true".
             The ImageRuntimeVersion for this reference is "".
         Primary reference "netstandard, Version=2.1.0.0, Culture=neutral, PublicKeyToken=cc7b13ffcd2ddd51".
             Resolved file path is "/usr/lib/dotnet/packs/Microsoft.NETCore.App.Ref/8.0.25/ref/net8.0/netstandard.dll".
             Reference found at search path location "{RawFileName}".
             This reference is not "CopyLocal" because at least one source item had "Private" set to "false" and no source items had "Private" set to "true".
             The ImageRuntimeVersion for this reference is "".
       Done executing task "ResolveAssemblyReference".
   1:7>Done building target "ResolveAssemblyReferences" in project "Cadastro.Application.csproj".
   1:7>Target "AfterResolveReferences" in file "/usr/lib/dotnet/sdk/10.0.104/Microsoft.Common.CurrentVersion.targets" from project "/home/tsgomes/mcad/services/cadastro-api/2-Application/Cadastro.Application/Cadastro.Application.csproj" (target "ResolveReferences" depends on it):
   1:7>Done building target "AfterResolveReferences" in project "Cadastro.Application.csproj".
   1:7>Target "ResolveReferences" in file "/usr/lib/dotnet/sdk/10.0.104/Microsoft.Common.CurrentVersion.targets" from project "/home/tsgomes/mcad/services/cadastro-api/2-Application/Cadastro.Application/Cadastro.Application.csproj" (target "_BlockWinMDsOnUnsupportedTFMs" depends on it):
   1:7>Done building target "ResolveReferences" in project "Cadastro.Application.csproj".
   1:7>Target "_BlockWinMDsOnUnsupportedTFMs" in file "/usr/lib/dotnet/sdk/10.0.104/Sdks/Microsoft.NET.Sdk/targets/Microsoft.NET.Sdk.targets" from project "/home/tsgomes/mcad/services/cadastro-api/2-Application/Cadastro.Application/Cadastro.Application.csproj" (target "CoreBuild" depends on it):
       Using "CheckForUnsupportedWinMDReferences" task from assembly "/usr/lib/dotnet/sdk/10.0.104/Sdks/Microsoft.NET.Sdk/targets/../tools/net10.0/Microsoft.NET.Build.Tasks.dll".
       Task "CheckForUnsupportedWinMDReferences"
       Done executing task "CheckForUnsupportedWinMDReferences".
   1:7>Done building target "_BlockWinMDsOnUnsupportedTFMs" in project "Cadastro.Application.csproj".
       Target "ResolveReferences" skipped. Previously built successfully.
       Target "ResolvePackageDependenciesForBuild" skipped. Previously built successfully.
       Target "_HandlePackageFileConflicts" skipped. Previously built successfully.
   1:7>Target "CopyAdditionalFiles" in file "/usr/lib/dotnet/sdk/10.0.104/Roslyn/Microsoft.Managed.Core.targets" from project "/home/tsgomes/mcad/services/cadastro-api/2-Application/Cadastro.Application/Cadastro.Application.csproj" (target "AssignTargetPaths" depends on it):
   1:7>Done building target "CopyAdditionalFiles" in project "Cadastro.Application.csproj".
   1:7>Target "_ComputeNETCoreBuildOutputFiles" in file "/usr/lib/dotnet/sdk/10.0.104/Sdks/Microsoft.NET.Sdk/targets/Microsoft.NET.Sdk.targets" from project "/home/tsgomes/mcad/services/cadastro-api/2-Application/Cadastro.Application/Cadastro.Application.csproj" (target "AssignTargetPaths" depends on it):
   1:7>Done building target "_ComputeNETCoreBuildOutputFiles" in project "Cadastro.Application.csproj".
   1:7>Target "AssignTargetPaths" in file "/usr/lib/dotnet/sdk/10.0.104/Microsoft.Common.CurrentVersion.targets" from project "/home/tsgomes/mcad/services/cadastro-api/2-Application/Cadastro.Application/Cadastro.Application.csproj" (target "PrepareResourceNames" depends on it):
       Task "AssignTargetPath"
       Done executing task "AssignTargetPath".
       Task "AssignTargetPath"
       Done executing task "AssignTargetPath".
       Task "AssignTargetPath"
       Done executing task "AssignTargetPath".
       Task "AssignTargetPath"
       Done executing task "AssignTargetPath".
   1:7>Done building target "AssignTargetPaths" in project "Cadastro.Application.csproj".
       Target "AssignTargetPaths" skipped. Previously built successfully.
   1:7>Target "SplitResourcesByCulture" in file "/usr/lib/dotnet/sdk/10.0.104/Microsoft.Common.CurrentVersion.targets" from project "/home/tsgomes/mcad/services/cadastro-api/2-Application/Cadastro.Application/Cadastro.Application.csproj" (target "PrepareResourceNames" depends on it):
       Task "AssignCulture"
       Done executing task "AssignCulture".
   1:7>Done building target "SplitResourcesByCulture" in project "Cadastro.Application.csproj".
   1:7>Target "CreateCustomManifestResourceNames" in file "/usr/lib/dotnet/sdk/10.0.104/Microsoft.Common.CurrentVersion.targets" from project "/home/tsgomes/mcad/services/cadastro-api/2-Application/Cadastro.Application/Cadastro.Application.csproj" (target "PrepareResourceNames" depends on it):
   1:7>Done building target "CreateCustomManifestResourceNames" in project "Cadastro.Application.csproj".
   1:7>Target "PrepareResourceNames" in file "/usr/lib/dotnet/sdk/10.0.104/Microsoft.Common.CurrentVersion.targets" from project "/home/tsgomes/mcad/services/cadastro-api/2-Application/Cadastro.Application/Cadastro.Application.csproj" (target "PrepareResources" depends on it):
   1:7>Done building target "PrepareResourceNames" in project "Cadastro.Application.csproj".
       Target "ResolveAssemblyReferences" skipped. Previously built successfully.
       Target "SplitResourcesByCulture" skipped. Previously built successfully.
   1:7>Target "BeforeResGen" in file "/usr/lib/dotnet/sdk/10.0.104/Microsoft.Common.CurrentVersion.targets" from project "/home/tsgomes/mcad/services/cadastro-api/2-Application/Cadastro.Application/Cadastro.Application.csproj" (target "ResGen" depends on it):
   1:7>Done building target "BeforeResGen" in project "Cadastro.Application.csproj".
       Target "ResolveReferences" skipped. Previously built successfully.
   1:7>Target "FindReferenceAssembliesForReferences" in file "/usr/lib/dotnet/sdk/10.0.104/Microsoft.Common.CurrentVersion.targets" from project "/home/tsgomes/mcad/services/cadastro-api/2-Application/Cadastro.Application/Cadastro.Application.csproj" (target "CoreResGen" depends on it):
   1:7>Done building target "FindReferenceAssembliesForReferences" in project "Cadastro.Application.csproj".
   1:7>Target "CoreResGen" in file "/usr/lib/dotnet/sdk/10.0.104/Microsoft.Common.CurrentVersion.targets" from project "/home/tsgomes/mcad/services/cadastro-api/2-Application/Cadastro.Application/Cadastro.Application.csproj" (target "ResGen" depends on it):
   1:7>Done building target "CoreResGen" in project "Cadastro.Application.csproj".
   1:7>Target "AfterResGen" in file "/usr/lib/dotnet/sdk/10.0.104/Microsoft.Common.CurrentVersion.targets" from project "/home/tsgomes/mcad/services/cadastro-api/2-Application/Cadastro.Application/Cadastro.Application.csproj" (target "ResGen" depends on it):
   1:7>Done building target "AfterResGen" in project "Cadastro.Application.csproj".
   1:7>Target "ResGen" in file "/usr/lib/dotnet/sdk/10.0.104/Microsoft.Common.CurrentVersion.targets" from project "/home/tsgomes/mcad/services/cadastro-api/2-Application/Cadastro.Application/Cadastro.Application.csproj" (target "PrepareResources" depends on it):
   1:7>Done building target "ResGen" in project "Cadastro.Application.csproj".
   1:7>Target "PrepareResources" in file "/usr/lib/dotnet/sdk/10.0.104/Microsoft.Common.CurrentVersion.targets" from project "/home/tsgomes/mcad/services/cadastro-api/2-Application/Cadastro.Application/Cadastro.Application.csproj" (target "CoreBuild" depends on it):
   1:7>Done building target "PrepareResources" in project "Cadastro.Application.csproj".
       Target "ResolveReferences" skipped. Previously built successfully.
   1:7>Target "_SetEmbeddedWin32ManifestProperties" in file "/usr/lib/dotnet/sdk/10.0.104/Microsoft.Common.CurrentVersion.targets" from project "/home/tsgomes/mcad/services/cadastro-api/2-Application/Cadastro.Application/Cadastro.Application.csproj" (target "SetWin32ManifestProperties" depends on it):
       Task "GetFrameworkPath"
       Done executing task "GetFrameworkPath".
   1:7>Done building target "_SetEmbeddedWin32ManifestProperties" in project "Cadastro.Application.csproj".
   1:7>Target "SetWin32ManifestProperties" in file "/usr/lib/dotnet/sdk/10.0.104/Microsoft.Common.CurrentVersion.targets" from project "/home/tsgomes/mcad/services/cadastro-api/2-Application/Cadastro.Application/Cadastro.Application.csproj" (target "Compile" depends on it):
   1:7>Done building target "SetWin32ManifestProperties" in project "Cadastro.Application.csproj".
       Target "FindReferenceAssembliesForReferences" skipped. Previously built successfully.
   1:7>Target "_GenerateCompileInputs" in file "/usr/lib/dotnet/sdk/10.0.104/Microsoft.Common.CurrentVersion.targets" from project "/home/tsgomes/mcad/services/cadastro-api/2-Application/Cadastro.Application/Cadastro.Application.csproj" (target "Compile" depends on it):
   1:7>Done building target "_GenerateCompileInputs" in project "Cadastro.Application.csproj".
       Target "PrepareForBuild" skipped. Previously built successfully.
   1:7>Target "GenerateMSBuildEditorConfigFileShouldRun" in file "/usr/lib/dotnet/sdk/10.0.104/Roslyn/Microsoft.Managed.Core.targets" from project "/home/tsgomes/mcad/services/cadastro-api/2-Application/Cadastro.Application/Cadastro.Application.csproj" (target "GenerateMSBuildEditorConfigFile" depends on it):
   1:7>Done building target "GenerateMSBuildEditorConfigFileShouldRun" in project "Cadastro.Application.csproj".
   1:7>Target "AddGlobalAnalyzerConfigForPackage_MicrosoftCodeAnalysisCSharpCodeStyle" in file "/usr/lib/dotnet/sdk/10.0.104/Sdks/Microsoft.NET.Sdk/codestyle/cs/build/Microsoft.CodeAnalysis.CSharp.CodeStyle.targets" from project "/home/tsgomes/mcad/services/cadastro-api/2-Application/Cadastro.Application/Cadastro.Application.csproj" (target "GenerateMSBuildEditorConfigFileCore" depends on it):
   1:7>Done building target "AddGlobalAnalyzerConfigForPackage_MicrosoftCodeAnalysisCSharpCodeStyle" in project "Cadastro.Application.csproj".
   1:7>Target "GenerateMSBuildEditorConfigFileCore" in file "/usr/lib/dotnet/sdk/10.0.104/Roslyn/Microsoft.Managed.Core.targets" from project "/home/tsgomes/mcad/services/cadastro-api/2-Application/Cadastro.Application/Cadastro.Application.csproj" (target "GenerateMSBuildEditorConfigFile" depends on it):
       Building target "GenerateMSBuildEditorConfigFileCore" completely.
       No input files were specified.
       Using "GenerateMSBuildEditorConfig" task from assembly "/usr/lib/dotnet/sdk/10.0.104/Sdks/Microsoft.NET.Sdk/targets/../../../Roslyn/Microsoft.Build.Tasks.CodeAnalysis.dll".
       Task "GenerateMSBuildEditorConfig"
       Done executing task "GenerateMSBuildEditorConfig".
   1:7>Done building target "GenerateMSBuildEditorConfigFileCore" in project "Cadastro.Application.csproj".
   1:7>Target "GenerateMSBuildEditorConfigFile" in file "/usr/lib/dotnet/sdk/10.0.104/Roslyn/Microsoft.Managed.Core.targets" from project "/home/tsgomes/mcad/services/cadastro-api/2-Application/Cadastro.Application/Cadastro.Application.csproj" (target "BeforeCompile" depends on it):
   1:7>Done building target "GenerateMSBuildEditorConfigFile" in project "Cadastro.Application.csproj".
       Target "PrepareForBuild" skipped. Previously built successfully.
       Target "GetReferenceAssemblyPaths" skipped. Previously built successfully.
   1:7>Target "_SetTargetFrameworkMonikerAttribute" in file "/usr/lib/dotnet/sdk/10.0.104/Microsoft.CSharp.CurrentVersion.targets" from project "/home/tsgomes/mcad/services/cadastro-api/2-Application/Cadastro.Application/Cadastro.Application.csproj" (target "GenerateTargetFrameworkMonikerAttribute" depends on it):
   1:7>Done building target "_SetTargetFrameworkMonikerAttribute" in project "Cadastro.Application.csproj".
   1:7>Target "GenerateTargetFrameworkMonikerAttribute" in file "/usr/lib/dotnet/sdk/10.0.104/Microsoft.Common.CurrentVersion.targets" from project "/home/tsgomes/mcad/services/cadastro-api/2-Application/Cadastro.Application/Cadastro.Application.csproj" (target "BeforeCompile" depends on it):
       Skipping target "GenerateTargetFrameworkMonikerAttribute" because all output files are up-to-date with respect to the input files.
       Input files: /usr/lib/dotnet/sdk/10.0.104/Microsoft.Common.targets
       Output files: obj/Debug/net8.0/.NETCoreApp,Version=v8.0.AssemblyAttributes.cs
   1:7>Done building target "GenerateTargetFrameworkMonikerAttribute" in project "Cadastro.Application.csproj".
       Target "PrepareForBuild" skipped. Previously built successfully.
   1:7>Target "GetAssemblyVersion" in file "/usr/lib/dotnet/sdk/10.0.104/Sdks/Microsoft.NET.Sdk/targets/Microsoft.NET.GenerateAssemblyInfo.targets" from project "/home/tsgomes/mcad/services/cadastro-api/2-Application/Cadastro.Application/Cadastro.Application.csproj" (target "GetAssemblyAttributes" depends on it):
       Using "GetAssemblyVersion" task from assembly "/usr/lib/dotnet/sdk/10.0.104/Sdks/Microsoft.NET.Sdk/targets/../tools/net10.0/Microsoft.NET.Build.Tasks.dll".
       Task "GetAssemblyVersion"
       Done executing task "GetAssemblyVersion".
   1:7>Done building target "GetAssemblyVersion" in project "Cadastro.Application.csproj".
   1:7>Target "InitializeSourceControlInformationFromSourceControlManager" in file "/usr/lib/dotnet/sdk/10.0.104/Sdks/Microsoft.Build.Tasks.Git/build/Microsoft.Build.Tasks.Git.targets" from project "/home/tsgomes/mcad/services/cadastro-api/2-Application/Cadastro.Application/Cadastro.Application.csproj" (target "_InitializeSourceControlInformationFromSourceControlManager" depends on it):
       Using "Microsoft.Build.Tasks.Git.LocateRepository" task from assembly "/usr/lib/dotnet/sdk/10.0.104/Sdks/Microsoft.Build.Tasks.Git/build/../tools/net/Microsoft.Build.Tasks.Git.dll".
       Task "Microsoft.Build.Tasks.Git.LocateRepository"
         SourceLink: Reusing cached git repository information.
       Done executing task "Microsoft.Build.Tasks.Git.LocateRepository".
   1:7>Done building target "InitializeSourceControlInformationFromSourceControlManager" in project "Cadastro.Application.csproj".
   1:7>Target "_SourceLinkHasSingleProvider" in file "/usr/lib/dotnet/sdk/10.0.104/Sdks/Microsoft.SourceLink.Common/build/InitializeSourceControlInformation.targets" from project "/home/tsgomes/mcad/services/cadastro-api/2-Application/Cadastro.Application/Cadastro.Application.csproj" (target "_InitializeSourceControlInformationFromSourceControlManager" depends on it):
       Using "Microsoft.SourceLink.Common.SourceLinkHasSingleProvider" task from assembly "/usr/lib/dotnet/sdk/10.0.104/Sdks/Microsoft.SourceLink.Common/build/../tools/net/Microsoft.SourceLink.Common.dll".
       Task "Microsoft.SourceLink.Common.SourceLinkHasSingleProvider"
       Done executing task "Microsoft.SourceLink.Common.SourceLinkHasSingleProvider".
   1:7>Done building target "_SourceLinkHasSingleProvider" in project "Cadastro.Application.csproj".
   1:7>Target "TranslateGitHubUrlsInSourceControlInformation" in file "/usr/lib/dotnet/sdk/10.0.104/Sdks/Microsoft.SourceLink.GitHub/build/Microsoft.SourceLink.GitHub.targets" from project "/home/tsgomes/mcad/services/cadastro-api/2-Application/Cadastro.Application/Cadastro.Application.csproj" (target "_InitializeSourceControlInformationFromSourceControlManager" depends on it):
       Using "Microsoft.SourceLink.GitHub.TranslateRepositoryUrls" task from assembly "/usr/lib/dotnet/sdk/10.0.104/Sdks/Microsoft.SourceLink.GitHub/build/../tools/net/Microsoft.SourceLink.GitHub.dll".
       Task "Microsoft.SourceLink.GitHub.TranslateRepositoryUrls"
       /usr/lib/dotnet/sdk/10.0.104/Sdks/Microsoft.SourceLink.GitHub/build/Microsoft.SourceLink.GitHub.targets(56,7): message : Property reassignment: $(ScmRepositoryUrl)="https://github.com/tassosgomes/mcad.git" (previous value: "ssh://git@github.com/tassosgomes/mcad.git") at /usr/lib/dotnet/sdk/10.0.104/Sdks/Microsoft.SourceLink.GitHub/build/Microsoft.SourceLink.GitHub.targets (56,7) [/home/tsgomes/mcad/services/cadastro-api/2-Application/Cadastro.Application/Cadastro.Application.csproj]
       Done executing task "Microsoft.SourceLink.GitHub.TranslateRepositoryUrls".
   1:7>Done building target "TranslateGitHubUrlsInSourceControlInformation" in project "Cadastro.Application.csproj".
   1:7>Target "TranslateGitLabUrlsInSourceControlInformation" in file "/usr/lib/dotnet/sdk/10.0.104/Sdks/Microsoft.SourceLink.GitLab/build/Microsoft.SourceLink.GitLab.targets" from project "/home/tsgomes/mcad/services/cadastro-api/2-Application/Cadastro.Application/Cadastro.Application.csproj" (target "_InitializeSourceControlInformationFromSourceControlManager" depends on it):
       Using "Microsoft.SourceLink.GitLab.TranslateRepositoryUrls" task from assembly "/usr/lib/dotnet/sdk/10.0.104/Sdks/Microsoft.SourceLink.GitLab/build/../tools/net/Microsoft.SourceLink.GitLab.dll".
       Task "Microsoft.SourceLink.GitLab.TranslateRepositoryUrls"
       Done executing task "Microsoft.SourceLink.GitLab.TranslateRepositoryUrls".
   1:7>Done building target "TranslateGitLabUrlsInSourceControlInformation" in project "Cadastro.Application.csproj".
   1:7>Target "TranslateAzureReposGitUrlsInSourceControlInformation" in file "/usr/lib/dotnet/sdk/10.0.104/Sdks/Microsoft.SourceLink.AzureRepos.Git/build/Microsoft.SourceLink.AzureRepos.Git.targets" from project "/home/tsgomes/mcad/services/cadastro-api/2-Application/Cadastro.Application/Cadastro.Application.csproj" (target "_InitializeSourceControlInformationFromSourceControlManager" depends on it):
       Using "Microsoft.SourceLink.AzureRepos.Git.TranslateRepositoryUrls" task from assembly "/usr/lib/dotnet/sdk/10.0.104/Sdks/Microsoft.SourceLink.AzureRepos.Git/build/../tools/net/Microsoft.SourceLink.AzureRepos.Git.dll".
       Task "Microsoft.SourceLink.AzureRepos.Git.TranslateRepositoryUrls"
       Done executing task "Microsoft.SourceLink.AzureRepos.Git.TranslateRepositoryUrls".
   1:7>Done building target "TranslateAzureReposGitUrlsInSourceControlInformation" in project "Cadastro.Application.csproj".
   1:7>Target "TranslateBitbucketGitUrlsInSourceControlInformation" in file "/usr/lib/dotnet/sdk/10.0.104/Sdks/Microsoft.SourceLink.Bitbucket.Git/build/Microsoft.SourceLink.Bitbucket.Git.targets" from project "/home/tsgomes/mcad/services/cadastro-api/2-Application/Cadastro.Application/Cadastro.Application.csproj" (target "_InitializeSourceControlInformationFromSourceControlManager" depends on it):
       Using "Microsoft.SourceLink.Bitbucket.Git.TranslateRepositoryUrls" task from assembly "/usr/lib/dotnet/sdk/10.0.104/Sdks/Microsoft.SourceLink.Bitbucket.Git/build/../tools/net/Microsoft.SourceLink.Bitbucket.Git.dll".
       Task "Microsoft.SourceLink.Bitbucket.Git.TranslateRepositoryUrls"
       Done executing task "Microsoft.SourceLink.Bitbucket.Git.TranslateRepositoryUrls".
   1:7>Done building target "TranslateBitbucketGitUrlsInSourceControlInformation" in project "Cadastro.Application.csproj".
   1:7>Target "SourceControlManagerPublishTranslatedUrls" in file "/usr/lib/dotnet/sdk/10.0.104/Sdks/Microsoft.SourceLink.Common/build/InitializeSourceControlInformation.targets" from project "/home/tsgomes/mcad/services/cadastro-api/2-Application/Cadastro.Application/Cadastro.Application.csproj" (target "_InitializeSourceControlInformationFromSourceControlManager" depends on it):
   1:7>Done building target "SourceControlManagerPublishTranslatedUrls" in project "Cadastro.Application.csproj".
   1:7>Target "_InitializeSourceControlInformationFromSourceControlManager" in file "/usr/lib/dotnet/sdk/10.0.104/Sdks/Microsoft.SourceLink.Common/build/InitializeSourceControlInformation.targets" from project "/home/tsgomes/mcad/services/cadastro-api/2-Application/Cadastro.Application/Cadastro.Application.csproj" (target "InitializeSourceControlInformation" depends on it):
   1:7>Done building target "_InitializeSourceControlInformationFromSourceControlManager" in project "Cadastro.Application.csproj".
   1:7>Target "InitializeSourceControlInformation" in file "/usr/lib/dotnet/sdk/10.0.104/Microsoft.Common.CurrentVersion.targets" from project "/home/tsgomes/mcad/services/cadastro-api/2-Application/Cadastro.Application/Cadastro.Application.csproj" (target "GetAssemblyAttributes" depends on it):
   1:7>Done building target "InitializeSourceControlInformation" in project "Cadastro.Application.csproj".
       Target "GetAssemblyVersion" skipped. Previously built successfully.
       Target "InitializeSourceControlInformation" skipped. Previously built successfully.
   1:7>Target "AddSourceRevisionToInformationalVersion" in file "/usr/lib/dotnet/sdk/10.0.104/Sdks/Microsoft.NET.Sdk/targets/Microsoft.NET.GenerateAssemblyInfo.targets" from project "/home/tsgomes/mcad/services/cadastro-api/2-Application/Cadastro.Application/Cadastro.Application.csproj" (target "GetAssemblyAttributes" depends on it):
       /usr/lib/dotnet/sdk/10.0.104/Sdks/Microsoft.NET.Sdk/targets/Microsoft.NET.GenerateAssemblyInfo.targets(70,7): message : Property reassignment: $(InformationalVersion)="1.0.0+ff89d6a27419c809b19dcef5f032e3c0232d2e71" (previous value: "1.0.0") at /usr/lib/dotnet/sdk/10.0.104/Sdks/Microsoft.NET.Sdk/targets/Microsoft.NET.GenerateAssemblyInfo.targets (70,7) [/home/tsgomes/mcad/services/cadastro-api/2-Application/Cadastro.Application/Cadastro.Application.csproj]
   1:7>Done building target "AddSourceRevisionToInformationalVersion" in project "Cadastro.Application.csproj".
   1:7>Target "GetAssemblyAttributes" in file "/usr/lib/dotnet/sdk/10.0.104/Sdks/Microsoft.NET.Sdk/targets/Microsoft.NET.GenerateAssemblyInfo.targets" from project "/home/tsgomes/mcad/services/cadastro-api/2-Application/Cadastro.Application/Cadastro.Application.csproj" (target "CreateGeneratedAssemblyInfoInputsCacheFile" depends on it):
   1:7>Done building target "GetAssemblyAttributes" in project "Cadastro.Application.csproj".
   1:7>Target "CreateGeneratedAssemblyInfoInputsCacheFile" in file "/usr/lib/dotnet/sdk/10.0.104/Sdks/Microsoft.NET.Sdk/targets/Microsoft.NET.GenerateAssemblyInfo.targets" from project "/home/tsgomes/mcad/services/cadastro-api/2-Application/Cadastro.Application/Cadastro.Application.csproj" (target "CoreGenerateAssemblyInfo" depends on it):
       Task "Hash"
       Done executing task "Hash".
       Task "WriteLinesToFile"
         Skipping write to file "obj/Debug/net8.0/Cadastro.Application.AssemblyInfoInputs.cache" because content would not change.
       Done executing task "WriteLinesToFile".
   1:7>Done building target "CreateGeneratedAssemblyInfoInputsCacheFile" in project "Cadastro.Application.csproj".
   1:7>Target "CoreGenerateAssemblyInfo" in file "/usr/lib/dotnet/sdk/10.0.104/Sdks/Microsoft.NET.Sdk/targets/Microsoft.NET.GenerateAssemblyInfo.targets" from project "/home/tsgomes/mcad/services/cadastro-api/2-Application/Cadastro.Application/Cadastro.Application.csproj" (target "GenerateAssemblyInfo" depends on it):
       Skipping target "CoreGenerateAssemblyInfo" because all output files are up-to-date with respect to the input files.
       Input files: obj/Debug/net8.0/Cadastro.Application.AssemblyInfoInputs.cache
       Output files: obj/Debug/net8.0/Cadastro.Application.AssemblyInfo.cs
   1:7>Done building target "CoreGenerateAssemblyInfo" in project "Cadastro.Application.csproj".
   1:7>Target "GenerateAssemblyInfo" in file "/usr/lib/dotnet/sdk/10.0.104/Sdks/Microsoft.NET.Sdk/targets/Microsoft.NET.GenerateAssemblyInfo.targets" from project "/home/tsgomes/mcad/services/cadastro-api/2-Application/Cadastro.Application/Cadastro.Application.csproj" (target "BeforeCompile" depends on it):
   1:7>Done building target "GenerateAssemblyInfo" in project "Cadastro.Application.csproj".
   1:7>Target "BeforeCompile" in file "/usr/lib/dotnet/sdk/10.0.104/Microsoft.Common.CurrentVersion.targets" from project "/home/tsgomes/mcad/services/cadastro-api/2-Application/Cadastro.Application/Cadastro.Application.csproj" (target "Compile" depends on it):
   1:7>Done building target "BeforeCompile" in project "Cadastro.Application.csproj".
       Target "ResolveAssemblyReferences" skipped. Previously built successfully.
       Target "_GenerateCompileInputs" skipped. Previously built successfully.
   1:7>Target "_GenerateCompileDependencyCache" in file "/usr/lib/dotnet/sdk/10.0.104/Microsoft.Common.CurrentVersion.targets" from project "/home/tsgomes/mcad/services/cadastro-api/2-Application/Cadastro.Application/Cadastro.Application.csproj" (target "Compile" depends on it):
       Task "Hash"
       Done executing task "Hash".
       Task "WriteLinesToFile"
         Skipping write to file "obj/Debug/net8.0/Cadastro.Application.csproj.CoreCompileInputs.cache" because content would not change.
       Done executing task "WriteLinesToFile".
   1:7>Done building target "_GenerateCompileDependencyCache" in project "Cadastro.Application.csproj".
   1:7>Target "_BeforeVBCSCoreCompile" in file "/usr/lib/dotnet/sdk/10.0.104/Roslyn/Microsoft.Managed.Core.targets" from project "/home/tsgomes/mcad/services/cadastro-api/2-Application/Cadastro.Application/Cadastro.Application.csproj" (target "CoreCompile" depends on it):
   1:7>Done building target "_BeforeVBCSCoreCompile" in project "Cadastro.Application.csproj".
   1:7>Target "_ComputeSkipAnalyzers" in file "/usr/lib/dotnet/sdk/10.0.104/Roslyn/Microsoft.Managed.Core.targets" from project "/home/tsgomes/mcad/services/cadastro-api/2-Application/Cadastro.Application/Cadastro.Application.csproj" (target "CoreCompile" depends on it):
   1:7>Done building target "_ComputeSkipAnalyzers" in project "Cadastro.Application.csproj".
       Target "BeforeCompile" skipped. Previously built successfully.
       Target "InitializeSourceControlInformationFromSourceControlManager" skipped. Previously built successfully.
   1:7>Target "SetEmbeddedFilesFromSourceControlManagerUntrackedFiles" in file "/usr/lib/dotnet/sdk/10.0.104/Sdks/Microsoft.Build.Tasks.Git/build/Microsoft.Build.Tasks.Git.targets" from project "/home/tsgomes/mcad/services/cadastro-api/2-Application/Cadastro.Application/Cadastro.Application.csproj" (target "_SetEmbeddedFilesFromSourceControlManagerUntrackedFiles" depends on it):
       Using "Microsoft.Build.Tasks.Git.GetUntrackedFiles" task from assembly "/usr/lib/dotnet/sdk/10.0.104/Sdks/Microsoft.Build.Tasks.Git/build/../tools/net/Microsoft.Build.Tasks.Git.dll".
       Task "Microsoft.Build.Tasks.Git.GetUntrackedFiles"
         SourceLink: Reusing cached git repository information.
       Done executing task "Microsoft.Build.Tasks.Git.GetUntrackedFiles".
   1:7>Done building target "SetEmbeddedFilesFromSourceControlManagerUntrackedFiles" in project "Cadastro.Application.csproj".
   1:7>Target "_SetEmbeddedFilesFromSourceControlManagerUntrackedFiles" in file "/usr/lib/dotnet/sdk/10.0.104/Sdks/Microsoft.SourceLink.Common/build/Microsoft.SourceLink.Common.targets" from project "/home/tsgomes/mcad/services/cadastro-api/2-Application/Cadastro.Application/Cadastro.Application.csproj" (target "CoreCompile" depends on it):
   1:7>Done building target "_SetEmbeddedFilesFromSourceControlManagerUntrackedFiles" in project "Cadastro.Application.csproj".
       Target "InitializeSourceControlInformation" skipped. Previously built successfully.
   1:7>Target "_SetSourceLinkFilePath" in file "/usr/lib/dotnet/sdk/10.0.104/Sdks/Microsoft.SourceLink.Common/build/Microsoft.SourceLink.Common.targets" from project "/home/tsgomes/mcad/services/cadastro-api/2-Application/Cadastro.Application/Cadastro.Application.csproj" (target "_GenerateSourceLinkFile" depends on it):
   1:7>Done building target "_SetSourceLinkFilePath" in project "Cadastro.Application.csproj".
       Target "InitializeSourceControlInformation" skipped. Previously built successfully.
   1:7>Target "_InitializeSourceRootMappedPathsFromSourceControl" in file "/usr/lib/dotnet/sdk/10.0.104/Roslyn/Microsoft.Managed.Core.targets" from project "/home/tsgomes/mcad/services/cadastro-api/2-Application/Cadastro.Application/Cadastro.Application.csproj" (target "InitializeSourceRootMappedPaths" depends on it):
   1:7>Done building target "_InitializeSourceRootMappedPathsFromSourceControl" in project "Cadastro.Application.csproj".
   1:7>Target "InitializeSourceRootMappedPaths" in file "/usr/lib/dotnet/sdk/10.0.104/Roslyn/Microsoft.Managed.Core.targets" from project "/home/tsgomes/mcad/services/cadastro-api/2-Application/Cadastro.Application/Cadastro.Application.csproj" (target "_InitializeSourceRootMappedPathsOpt" depends on it):
       Using "Microsoft.CodeAnalysis.BuildTasks.MapSourceRoots" task from assembly "/usr/lib/dotnet/sdk/10.0.104/Sdks/Microsoft.NET.Sdk/targets/../../../Roslyn/Microsoft.Build.Tasks.CodeAnalysis.dll".
       Task "Microsoft.CodeAnalysis.BuildTasks.MapSourceRoots"
       Done executing task "Microsoft.CodeAnalysis.BuildTasks.MapSourceRoots".
   1:7>Done building target "InitializeSourceRootMappedPaths" in project "Cadastro.Application.csproj".
   1:7>Target "_InitializeSourceRootMappedPathsOpt" in file "/usr/lib/dotnet/sdk/10.0.104/Sdks/Microsoft.SourceLink.Common/build/Microsoft.SourceLink.Common.targets" from project "/home/tsgomes/mcad/services/cadastro-api/2-Application/Cadastro.Application/Cadastro.Application.csproj" (target "_GenerateSourceLinkFile" depends on it):
   1:7>Done building target "_InitializeSourceRootMappedPathsOpt" in project "Cadastro.Application.csproj".
   1:7>Target "_InitializeGitHubSourceLinkUrl" in file "/usr/lib/dotnet/sdk/10.0.104/Sdks/Microsoft.SourceLink.GitHub/build/Microsoft.SourceLink.GitHub.targets" from project "/home/tsgomes/mcad/services/cadastro-api/2-Application/Cadastro.Application/Cadastro.Application.csproj" (target "_GenerateSourceLinkFile" depends on it):
       Building target "_InitializeGitHubSourceLinkUrl" completely.
       No input files were specified.
       Using "Microsoft.SourceLink.GitHub.GetSourceLinkUrl" task from assembly "/usr/lib/dotnet/sdk/10.0.104/Sdks/Microsoft.SourceLink.GitHub/build/../tools/net/Microsoft.SourceLink.GitHub.dll".
       Task "Microsoft.SourceLink.GitHub.GetSourceLinkUrl"
       Done executing task "Microsoft.SourceLink.GitHub.GetSourceLinkUrl".
   1:7>Done building target "_InitializeGitHubSourceLinkUrl" in project "Cadastro.Application.csproj".
   1:7>Target "_InitializeGitHubSourceLinkUrl" in file "/usr/lib/dotnet/sdk/10.0.104/Sdks/Microsoft.SourceLink.GitHub/build/Microsoft.SourceLink.GitHub.targets" from project "/home/tsgomes/mcad/services/cadastro-api/2-Application/Cadastro.Application/Cadastro.Application.csproj" (target "_GenerateSourceLinkFile" depends on it):
       Building target "_InitializeGitHubSourceLinkUrl" completely.
       No input files were specified.
       Task "Microsoft.SourceLink.GitHub.GetSourceLinkUrl"
       Done executing task "Microsoft.SourceLink.GitHub.GetSourceLinkUrl".
   1:7>Done building target "_InitializeGitHubSourceLinkUrl" in project "Cadastro.Application.csproj".
   1:7>Target "_InitializeGitLabSourceLinkUrl" in file "/usr/lib/dotnet/sdk/10.0.104/Sdks/Microsoft.SourceLink.GitLab/build/Microsoft.SourceLink.GitLab.targets" from project "/home/tsgomes/mcad/services/cadastro-api/2-Application/Cadastro.Application/Cadastro.Application.csproj" (target "_GenerateSourceLinkFile" depends on it):
       Building target "_InitializeGitLabSourceLinkUrl" completely.
       No input files were specified.
       Using "Microsoft.SourceLink.GitLab.GetSourceLinkUrl" task from assembly "/usr/lib/dotnet/sdk/10.0.104/Sdks/Microsoft.SourceLink.GitLab/build/../tools/net/Microsoft.SourceLink.GitLab.dll".
       Task "Microsoft.SourceLink.GitLab.GetSourceLinkUrl"
       /usr/lib/dotnet/sdk/10.0.104/Sdks/Microsoft.SourceLink.GitLab/build/Microsoft.SourceLink.GitLab.targets(37,7): message : Property reassignment: $(_SourceLinkUrlToUpdate)="N/A" (previous value: "https://raw.githubusercontent.com/tassosgomes/mcad/ff89d6a27419c809b19dcef5f032e3c0232d2e71/*") at /usr/lib/dotnet/sdk/10.0.104/Sdks/Microsoft.SourceLink.GitLab/build/Microsoft.SourceLink.GitLab.targets (37,7) [/home/tsgomes/mcad/services/cadastro-api/2-Application/Cadastro.Application/Cadastro.Application.csproj]
       Done executing task "Microsoft.SourceLink.GitLab.GetSourceLinkUrl".
   1:7>Done building target "_InitializeGitLabSourceLinkUrl" in project "Cadastro.Application.csproj".
   1:7>Target "_InitializeGitLabSourceLinkUrl" in file "/usr/lib/dotnet/sdk/10.0.104/Sdks/Microsoft.SourceLink.GitLab/build/Microsoft.SourceLink.GitLab.targets" from project "/home/tsgomes/mcad/services/cadastro-api/2-Application/Cadastro.Application/Cadastro.Application.csproj" (target "_GenerateSourceLinkFile" depends on it):
       Building target "_InitializeGitLabSourceLinkUrl" completely.
       No input files were specified.
       Task "Microsoft.SourceLink.GitLab.GetSourceLinkUrl"
       /usr/lib/dotnet/sdk/10.0.104/Sdks/Microsoft.SourceLink.GitLab/build/Microsoft.SourceLink.GitLab.targets(37,7): message : Property reassignment: $(_SourceLinkUrlToUpdate)="N/A" (previous value: "https://raw.githubusercontent.com/tassosgomes/mcad/ff89d6a27419c809b19dcef5f032e3c0232d2e71/*") at /usr/lib/dotnet/sdk/10.0.104/Sdks/Microsoft.SourceLink.GitLab/build/Microsoft.SourceLink.GitLab.targets (37,7) [/home/tsgomes/mcad/services/cadastro-api/2-Application/Cadastro.Application/Cadastro.Application.csproj]
       Done executing task "Microsoft.SourceLink.GitLab.GetSourceLinkUrl".
   1:7>Done building target "_InitializeGitLabSourceLinkUrl" in project "Cadastro.Application.csproj".
   1:7>Target "_InitializeAzureReposGitSourceLinkUrl" in file "/usr/lib/dotnet/sdk/10.0.104/Sdks/Microsoft.SourceLink.AzureRepos.Git/build/Microsoft.SourceLink.AzureRepos.Git.targets" from project "/home/tsgomes/mcad/services/cadastro-api/2-Application/Cadastro.Application/Cadastro.Application.csproj" (target "_GenerateSourceLinkFile" depends on it):
       Building target "_InitializeAzureReposGitSourceLinkUrl" completely.
       No input files were specified.
       Using "Microsoft.SourceLink.AzureRepos.Git.GetSourceLinkUrl" task from assembly "/usr/lib/dotnet/sdk/10.0.104/Sdks/Microsoft.SourceLink.AzureRepos.Git/build/../tools/net/Microsoft.SourceLink.AzureRepos.Git.dll".
       Task "Microsoft.SourceLink.AzureRepos.Git.GetSourceLinkUrl"
       Done executing task "Microsoft.SourceLink.AzureRepos.Git.GetSourceLinkUrl".
   1:7>Done building target "_InitializeAzureReposGitSourceLinkUrl" in project "Cadastro.Application.csproj".
   1:7>Target "_InitializeAzureReposGitSourceLinkUrl" in file "/usr/lib/dotnet/sdk/10.0.104/Sdks/Microsoft.SourceLink.AzureRepos.Git/build/Microsoft.SourceLink.AzureRepos.Git.targets" from project "/home/tsgomes/mcad/services/cadastro-api/2-Application/Cadastro.Application/Cadastro.Application.csproj" (target "_GenerateSourceLinkFile" depends on it):
       Building target "_InitializeAzureReposGitSourceLinkUrl" completely.
       No input files were specified.
       Task "Microsoft.SourceLink.AzureRepos.Git.GetSourceLinkUrl"
       Done executing task "Microsoft.SourceLink.AzureRepos.Git.GetSourceLinkUrl".
   1:7>Done building target "_InitializeAzureReposGitSourceLinkUrl" in project "Cadastro.Application.csproj".
   1:7>Target "_InitializeBitbucketGitSourceLinkUrl" in file "/usr/lib/dotnet/sdk/10.0.104/Sdks/Microsoft.SourceLink.Bitbucket.Git/build/Microsoft.SourceLink.Bitbucket.Git.targets" from project "/home/tsgomes/mcad/services/cadastro-api/2-Application/Cadastro.Application/Cadastro.Application.csproj" (target "_GenerateSourceLinkFile" depends on it):
       Building target "_InitializeBitbucketGitSourceLinkUrl" completely.
       No input files were specified.
       Using "Microsoft.SourceLink.Bitbucket.Git.GetSourceLinkUrl" task from assembly "/usr/lib/dotnet/sdk/10.0.104/Sdks/Microsoft.SourceLink.Bitbucket.Git/build/../tools/net/Microsoft.SourceLink.Bitbucket.Git.dll".
       Task "Microsoft.SourceLink.Bitbucket.Git.GetSourceLinkUrl"
       Done executing task "Microsoft.SourceLink.Bitbucket.Git.GetSourceLinkUrl".
   1:7>Done building target "_InitializeBitbucketGitSourceLinkUrl" in project "Cadastro.Application.csproj".
   1:7>Target "_InitializeBitbucketGitSourceLinkUrl" in file "/usr/lib/dotnet/sdk/10.0.104/Sdks/Microsoft.SourceLink.Bitbucket.Git/build/Microsoft.SourceLink.Bitbucket.Git.targets" from project "/home/tsgomes/mcad/services/cadastro-api/2-Application/Cadastro.Application/Cadastro.Application.csproj" (target "_GenerateSourceLinkFile" depends on it):
       Building target "_InitializeBitbucketGitSourceLinkUrl" completely.
       No input files were specified.
       Task "Microsoft.SourceLink.Bitbucket.Git.GetSourceLinkUrl"
       Done executing task "Microsoft.SourceLink.Bitbucket.Git.GetSourceLinkUrl".
   1:7>Done building target "_InitializeBitbucketGitSourceLinkUrl" in project "Cadastro.Application.csproj".
   1:7>Target "_GenerateSourceLinkFile" in file "/usr/lib/dotnet/sdk/10.0.104/Sdks/Microsoft.SourceLink.Common/build/Microsoft.SourceLink.Common.targets" from project "/home/tsgomes/mcad/services/cadastro-api/2-Application/Cadastro.Application/Cadastro.Application.csproj" (target "GenerateSourceLinkFile" depends on it):
       Building target "_GenerateSourceLinkFile" completely.
       No input files were specified.
       Using "Microsoft.SourceLink.Common.GenerateSourceLinkFile" task from assembly "/usr/lib/dotnet/sdk/10.0.104/Sdks/Microsoft.SourceLink.Common/build/../tools/net/Microsoft.SourceLink.Common.dll".
       Task "Microsoft.SourceLink.Common.GenerateSourceLinkFile"
         Source Link file 'obj/Debug/net8.0/Cadastro.Application.sourcelink.json' is up-to-date.
       Done executing task "Microsoft.SourceLink.Common.GenerateSourceLinkFile".
   1:7>Done building target "_GenerateSourceLinkFile" in project "Cadastro.Application.csproj".
   1:7>Target "GenerateSourceLinkFile" in file "/usr/lib/dotnet/sdk/10.0.104/Sdks/Microsoft.SourceLink.Common/build/Microsoft.SourceLink.Common.targets" from project "/home/tsgomes/mcad/services/cadastro-api/2-Application/Cadastro.Application/Cadastro.Application.csproj" (target "CoreCompile" depends on it):
   1:7>Done building target "GenerateSourceLinkFile" in project "Cadastro.Application.csproj".
   1:7>Target "AddGlobalAnalyzerConfigForPackage_MicrosoftCodeAnalysisNetAnalyzers" in file "/usr/lib/dotnet/sdk/10.0.104/Sdks/Microsoft.NET.Sdk/analyzers/build/Microsoft.CodeAnalysis.NetAnalyzers.targets" from project "/home/tsgomes/mcad/services/cadastro-api/2-Application/Cadastro.Application/Cadastro.Application.csproj" (target "CoreCompile" depends on it):
   1:7>Done building target "AddGlobalAnalyzerConfigForPackage_MicrosoftCodeAnalysisNetAnalyzers" in project "Cadastro.Application.csproj".
   1:7>Target "CoreCompile" in file "/usr/lib/dotnet/sdk/10.0.104/Roslyn/Microsoft.CSharp.Core.targets" from project "/home/tsgomes/mcad/services/cadastro-api/2-Application/Cadastro.Application/Cadastro.Application.csproj" (target "Compile" depends on it):
       Building target "CoreCompile" completely.
       Input file "Associacoes/Queries/GetAssociacaoByIdQueryHandler.cs" is newer than output file "obj/Debug/net8.0/Cadastro.Application.pdb".
       /usr/lib/dotnet/sdk/10.0.104/Roslyn/Microsoft.CSharp.Core.targets(66,7): message : Property reassignment: $(NoWarn)="1701;1702;1701;1702" (previous value: "1701;1702") at /usr/lib/dotnet/sdk/10.0.104/Roslyn/Microsoft.CSharp.Core.targets (66,7) [/home/tsgomes/mcad/services/cadastro-api/2-Application/Cadastro.Application/Cadastro.Application.csproj]
       Using "Csc" task from assembly "/usr/lib/dotnet/sdk/10.0.104/Sdks/Microsoft.NET.Sdk/targets/../../../Roslyn/Microsoft.Build.Tasks.CodeAnalysis.dll".
       Task "Csc"
         Setting DOTNET_ROOT to '/usr/lib/dotnet'
         Environment Variables passed to tool:
           DOTNET_ROOT=/usr/lib/dotnet
         /usr/lib/dotnet/sdk/10.0.104/Roslyn/bincore/csc /noconfig /unsafe- /checked- /nowarn:1701,1702,1701,1702 /fullpaths /nostdlib+ /errorreport:prompt /warn:8 /define:TRACE;DEBUG;NET;NET8_0;NETCOREAPP;NET5_0_OR_GREATER;NET6_0_OR_GREATER;NET7_0_OR_GREATER;NET8_0_OR_GREATER;NETCOREAPP1_0_OR_GREATER;NETCOREAPP1_1_OR_GREATER;NETCOREAPP2_0_OR_GREATER;NETCOREAPP2_1_OR_GREATER;NETCOREAPP2_2_OR_GREATER;NETCOREAPP3_0_OR_GREATER;NETCOREAPP3_1_OR_GREATER /highentropyva+ /nullable:enable /reference:/home/tsgomes/mcad/services/cadastro-api/3-Domain/Cadastro.Domain/obj/Debug/net8.0/ref/Cadastro.Domain.dll /reference:/home/tsgomes/.nuget/packages/fluentvalidation/11.12.0/lib/net8.0/FluentValidation.dll /reference:/usr/lib/dotnet/packs/Microsoft.NETCore.App.Ref/8.0.25/ref/net8.0/Microsoft.CSharp.dll /reference:/usr/lib/dotnet/packs/Microsoft.NETCore.App.Ref/8.0.25/ref/net8.0/Microsoft.VisualBasic.Core.dll /reference:/usr/lib/dotnet/packs/Microsoft.NETCore.App.Ref/8.0.25/ref/net8.0/Microsoft.VisualBasic.dll /reference:/usr/lib/dotnet/packs/Microsoft.NETCore.App.Ref/8.0.25/ref/net8.0/Microsoft.Win32.Primitives.dll /reference:/usr/lib/dotnet/packs/Microsoft.NETCore.App.Ref/8.0.25/ref/net8.0/Microsoft.Win32.Registry.dll /reference:/usr/lib/dotnet/packs/Microsoft.NETCore.App.Ref/8.0.25/ref/net8.0/mscorlib.dll /reference:/usr/lib/dotnet/packs/Microsoft.NETCore.App.Ref/8.0.25/ref/net8.0/netstandard.dll /reference:/usr/lib/dotnet/packs/Microsoft.NETCore.App.Ref/8.0.25/ref/net8.0/System.AppContext.dll /reference:/usr/lib/dotnet/packs/Microsoft.NETCore.App.Ref/8.0.25/ref/net8.0/System.Buffers.dll /reference:/usr/lib/dotnet/packs/Microsoft.NETCore.App.Ref/8.0.25/ref/net8.0/System.Collections.Concurrent.dll /reference:/usr/lib/dotnet/packs/Microsoft.NETCore.App.Ref/8.0.25/ref/net8.0/System.Collections.dll /reference:/usr/lib/dotnet/packs/Microsoft.NETCore.App.Ref/8.0.25/ref/net8.0/System.Collections.Immutable.dll /reference:/usr/lib/dotnet/packs/Microsoft.NETCore.App.Ref/8.0.25/ref/net8.0/System.Collections.NonGeneric.dll /reference:/usr/lib/dotnet/packs/Microsoft.NETCore.App.Ref/8.0.25/ref/net8.0/System.Collections.Specialized.dll /reference:/usr/lib/dotnet/packs/Microsoft.NETCore.App.Ref/8.0.25/ref/net8.0/System.ComponentModel.Annotations.dll /reference:/usr/lib/dotnet/packs/Microsoft.NETCore.App.Ref/8.0.25/ref/net8.0/System.ComponentModel.DataAnnotations.dll /reference:/usr/lib/dotnet/packs/Microsoft.NETCore.App.Ref/8.0.25/ref/net8.0/System.ComponentModel.dll /reference:/usr/lib/dotnet/packs/Microsoft.NETCore.App.Ref/8.0.25/ref/net8.0/System.ComponentModel.EventBasedAsync.dll /reference:/usr/lib/dotnet/packs/Microsoft.NETCore.App.Ref/8.0.25/ref/net8.0/System.ComponentModel.Primitives.dll /reference:/usr/lib/dotnet/packs/Microsoft.NETCore.App.Ref/8.0.25/ref/net8.0/System.ComponentModel.TypeConverter.dll /reference:/usr/lib/dotnet/packs/Microsoft.NETCore.App.Ref/8.0.25/ref/net8.0/System.Configuration.dll /reference:/usr/lib/dotnet/packs/Microsoft.NETCore.App.Ref/8.0.25/ref/net8.0/System.Console.dll /reference:/usr/lib/dotnet/packs/Microsoft.NETCore.App.Ref/8.0.25/ref/net8.0/System.Core.dll /reference:/usr/lib/dotnet/packs/Microsoft.NETCore.App.Ref/8.0.25/ref/net8.0/System.Data.Common.dll /reference:/usr/lib/dotnet/packs/Microsoft.NETCore.App.Ref/8.0.25/ref/net8.0/System.Data.DataSetExtensions.dll /reference:/usr/lib/dotnet/packs/Microsoft.NETCore.App.Ref/8.0.25/ref/net8.0/System.Data.dll /reference:/usr/lib/dotnet/packs/Microsoft.NETCore.App.Ref/8.0.25/ref/net8.0/System.Diagnostics.Contracts.dll /reference:/usr/lib/dotnet/packs/Microsoft.NETCore.App.Ref/8.0.25/ref/net8.0/System.Diagnostics.Debug.dll /reference:/usr/lib/dotnet/packs/Microsoft.NETCore.App.Ref/8.0.25/ref/net8.0/System.Diagnostics.DiagnosticSource.dll /reference:/usr/lib/dotnet/packs/Microsoft.NETCore.App.Ref/8.0.25/ref/net8.0/System.Diagnostics.FileVersionInfo.dll /reference:/usr/lib/dotnet/packs/Microsoft.NETCore.App.Ref/8.0.25/ref/net8.0/System.Diagnostics.Process.dll /reference:/usr/lib/dotnet/packs/Microsoft.NETCore.App.Ref/8.0.25/ref/net8.0/System.Diagnostics.StackTrace.dll /reference:/usr/lib/dotnet/packs/Microsoft.NETCore.App.Ref/8.0.25/ref/net8.0/System.Diagnostics.TextWriterTraceListener.dll /reference:/usr/lib/dotnet/packs/Microsoft.NETCore.App.Ref/8.0.25/ref/net8.0/System.Diagnostics.Tools.dll /reference:/usr/lib/dotnet/packs/Microsoft.NETCore.App.Ref/8.0.25/ref/net8.0/System.Diagnostics.TraceSource.dll /reference:/usr/lib/dotnet/packs/Microsoft.NETCore.App.Ref/8.0.25/ref/net8.0/System.Diagnostics.Tracing.dll /reference:/usr/lib/dotnet/packs/Microsoft.NETCore.App.Ref/8.0.25/ref/net8.0/System.dll /reference:/usr/lib/dotnet/packs/Microsoft.NETCore.App.Ref/8.0.25/ref/net8.0/System.Drawing.dll /reference:/usr/lib/dotnet/packs/Microsoft.NETCore.App.Ref/8.0.25/ref/net8.0/System.Drawing.Primitives.dll /reference:/usr/lib/dotnet/packs/Microsoft.NETCore.App.Ref/8.0.25/ref/net8.0/System.Dynamic.Runtime.dll /reference:/usr/lib/dotnet/packs/Microsoft.NETCore.App.Ref/8.0.25/ref/net8.0/System.Formats.Asn1.dll /reference:/usr/lib/dotnet/packs/Microsoft.NETCore.App.Ref/8.0.25/ref/net8.0/System.Formats.Tar.dll /reference:/usr/lib/dotnet/packs/Microsoft.NETCore.App.Ref/8.0.25/ref/net8.0/System.Globalization.Calendars.dll /reference:/usr/lib/dotnet/packs/Microsoft.NETCore.App.Ref/8.0.25/ref/net8.0/System.Globalization.dll /reference:/usr/lib/dotnet/packs/Microsoft.NETCore.App.Ref/8.0.25/ref/net8.0/System.Globalization.Extensions.dll /reference:/usr/lib/dotnet/packs/Microsoft.NETCore.App.Ref/8.0.25/ref/net8.0/System.IO.Compression.Brotli.dll /reference:/usr/lib/dotnet/packs/Microsoft.NETCore.App.Ref/8.0.25/ref/net8.0/System.IO.Compression.dll /reference:/usr/lib/dotnet/packs/Microsoft.NETCore.App.Ref/8.0.25/ref/net8.0/System.IO.Compression.FileSystem.dll /reference:/usr/lib/dotnet/packs/Microsoft.NETCore.App.Ref/8.0.25/ref/net8.0/System.IO.Compression.ZipFile.dll /reference:/usr/lib/dotnet/packs/Microsoft.NETCore.App.Ref/8.0.25/ref/net8.0/System.IO.dll /reference:/usr/lib/dotnet/packs/Microsoft.NETCore.App.Ref/8.0.25/ref/net8.0/System.IO.FileSystem.AccessControl.dll /reference:/usr/lib/dotnet/packs/Microsoft.NETCore.App.Ref/8.0.25/ref/net8.0/System.IO.FileSystem.dll /reference:/usr/lib/dotnet/packs/Microsoft.NETCore.App.Ref/8.0.25/ref/net8.0/System.IO.FileSystem.DriveInfo.dll /reference:/usr/lib/dotnet/packs/Microsoft.NETCore.App.Ref/8.0.25/ref/net8.0/System.IO.FileSystem.Primitives.dll /reference:/usr/lib/dotnet/packs/Microsoft.NETCore.App.Ref/8.0.25/ref/net8.0/System.IO.FileSystem.Watcher.dll /reference:/usr/lib/dotnet/packs/Microsoft.NETCore.App.Ref/8.0.25/ref/net8.0/System.IO.IsolatedStorage.dll /reference:/usr/lib/dotnet/packs/Microsoft.NETCore.App.Ref/8.0.25/ref/net8.0/System.IO.MemoryMappedFiles.dll /reference:/usr/lib/dotnet/packs/Microsoft.NETCore.App.Ref/8.0.25/ref/net8.0/System.IO.Pipes.AccessControl.dll /reference:/usr/lib/dotnet/packs/Microsoft.NETCore.App.Ref/8.0.25/ref/net8.0/System.IO.Pipes.dll /reference:/usr/lib/dotnet/packs/Microsoft.NETCore.App.Ref/8.0.25/ref/net8.0/System.IO.UnmanagedMemoryStream.dll /reference:/usr/lib/dotnet/packs/Microsoft.NETCore.App.Ref/8.0.25/ref/net8.0/System.Linq.dll /reference:/usr/lib/dotnet/packs/Microsoft.NETCore.App.Ref/8.0.25/ref/net8.0/System.Linq.Expressions.dll /reference:/usr/lib/dotnet/packs/Microsoft.NETCore.App.Ref/8.0.25/ref/net8.0/System.Linq.Parallel.dll /reference:/usr/lib/dotnet/packs/Microsoft.NETCore.App.Ref/8.0.25/ref/net8.0/System.Linq.Queryable.dll /reference:/usr/lib/dotnet/packs/Microsoft.NETCore.App.Ref/8.0.25/ref/net8.0/System.Memory.dll /reference:/usr/lib/dotnet/packs/Microsoft.NETCore.App.Ref/8.0.25/ref/net8.0/System.Net.dll /reference:/usr/lib/dotnet/packs/Microsoft.NETCore.App.Ref/8.0.25/ref/net8.0/System.Net.Http.dll /reference:/usr/lib/dotnet/packs/Microsoft.NETCore.App.Ref/8.0.25/ref/net8.0/System.Net.Http.Json.dll /reference:/usr/lib/dotnet/packs/Microsoft.NETCore.App.Ref/8.0.25/ref/net8.0/System.Net.HttpListener.dll /reference:/usr/lib/dotnet/packs/Microsoft.NETCore.App.Ref/8.0.25/ref/net8.0/System.Net.Mail.dll /reference:/usr/lib/dotnet/packs/Microsoft.NETCore.App.Ref/8.0.25/ref/net8.0/System.Net.NameResolution.dll /reference:/usr/lib/dotnet/packs/Microsoft.NETCore.App.Ref/8.0.25/ref/net8.0/System.Net.NetworkInformation.dll /reference:/usr/lib/dotnet/packs/Microsoft.NETCore.App.Ref/8.0.25/ref/net8.0/System.Net.Ping.dll /reference:/usr/lib/dotnet/packs/Microsoft.NETCore.App.Ref/8.0.25/ref/net8.0/System.Net.Primitives.dll /reference:/usr/lib/dotnet/packs/Microsoft.NETCore.App.Ref/8.0.25/ref/net8.0/System.Net.Quic.dll /reference:/usr/lib/dotnet/packs/Microsoft.NETCore.App.Ref/8.0.25/ref/net8.0/System.Net.Requests.dll /reference:/usr/lib/dotnet/packs/Microsoft.NETCore.App.Ref/8.0.25/ref/net8.0/System.Net.Security.dll /reference:/usr/lib/dotnet/packs/Microsoft.NETCore.App.Ref/8.0.25/ref/net8.0/System.Net.ServicePoint.dll /reference:/usr/lib/dotnet/packs/Microsoft.NETCore.App.Ref/8.0.25/ref/net8.0/System.Net.Sockets.dll /reference:/usr/lib/dotnet/packs/Microsoft.NETCore.App.Ref/8.0.25/ref/net8.0/System.Net.WebClient.dll /reference:/usr/lib/dotnet/packs/Microsoft.NETCore.App.Ref/8.0.25/ref/net8.0/System.Net.WebHeaderCollection.dll /reference:/usr/lib/dotnet/packs/Microsoft.NETCore.App.Ref/8.0.25/ref/net8.0/System.Net.WebProxy.dll /reference:/usr/lib/dotnet/packs/Microsoft.NETCore.App.Ref/8.0.25/ref/net8.0/System.Net.WebSockets.Client.dll /reference:/usr/lib/dotnet/packs/Microsoft.NETCore.App.Ref/8.0.25/ref/net8.0/System.Net.WebSockets.dll /reference:/usr/lib/dotnet/packs/Microsoft.NETCore.App.Ref/8.0.25/ref/net8.0/System.Numerics.dll /reference:/usr/lib/dotnet/packs/Microsoft.NETCore.App.Ref/8.0.25/ref/net8.0/System.Numerics.Vectors.dll /reference:/usr/lib/dotnet/packs/Microsoft.NETCore.App.Ref/8.0.25/ref/net8.0/System.ObjectModel.dll /reference:/usr/lib/dotnet/packs/Microsoft.NETCore.App.Ref/8.0.25/ref/net8.0/System.Reflection.DispatchProxy.dll /reference:/usr/lib/dotnet/packs/Microsoft.NETCore.App.Ref/8.0.25/ref/net8.0/System.Reflection.dll /reference:/usr/lib/dotnet/packs/Microsoft.NETCore.App.Ref/8.0.25/ref/net8.0/System.Reflection.Emit.dll /reference:/usr/lib/dotnet/packs/Microsoft.NETCore.App.Ref/8.0.25/ref/net8.0/System.Reflection.Emit.ILGeneration.dll /reference:/usr/lib/dotnet/packs/Microsoft.NETCore.App.Ref/8.0.25/ref/net8.0/System.Reflection.Emit.Lightweight.dll /reference:/usr/lib/dotnet/packs/Microsoft.NETCore.App.Ref/8.0.25/ref/net8.0/System.Reflection.Extensions.dll /reference:/usr/lib/dotnet/packs/Microsoft.NETCore.App.Ref/8.0.25/ref/net8.0/System.Reflection.Metadata.dll /reference:/usr/lib/dotnet/packs/Microsoft.NETCore.App.Ref/8.0.25/ref/net8.0/System.Reflection.Primitives.dll /reference:/usr/lib/dotnet/packs/Microsoft.NETCore.App.Ref/8.0.25/ref/net8.0/System.Reflection.TypeExtensions.dll /reference:/usr/lib/dotnet/packs/Microsoft.NETCore.App.Ref/8.0.25/ref/net8.0/System.Resources.Reader.dll /reference:/usr/lib/dotnet/packs/Microsoft.NETCore.App.Ref/8.0.25/ref/net8.0/System.Resources.ResourceManager.dll /reference:/usr/lib/dotnet/packs/Microsoft.NETCore.App.Ref/8.0.25/ref/net8.0/System.Resources.Writer.dll /reference:/usr/lib/dotnet/packs/Microsoft.NETCore.App.Ref/8.0.25/ref/net8.0/System.Runtime.CompilerServices.Unsafe.dll /reference:/usr/lib/dotnet/packs/Microsoft.NETCore.App.Ref/8.0.25/ref/net8.0/System.Runtime.CompilerServices.VisualC.dll /reference:/usr/lib/dotnet/packs/Microsoft.NETCore.App.Ref/8.0.25/ref/net8.0/System.Runtime.dll /reference:/usr/lib/dotnet/packs/Microsoft.NETCore.App.Ref/8.0.25/ref/net8.0/System.Runtime.Extensions.dll /reference:/usr/lib/dotnet/packs/Microsoft.NETCore.App.Ref/8.0.25/ref/net8.0/System.Runtime.Handles.dll /reference:/usr/lib/dotnet/packs/Microsoft.NETCore.App.Ref/8.0.25/ref/net8.0/System.Runtime.InteropServices.dll /reference:/usr/lib/dotnet/packs/Microsoft.NETCore.App.Ref/8.0.25/ref/net8.0/System.Runtime.InteropServices.JavaScript.dll /reference:/usr/lib/dotnet/packs/Microsoft.NETCore.App.Ref/8.0.25/ref/net8.0/System.Runtime.InteropServices.RuntimeInformation.dll /reference:/usr/lib/dotnet/packs/Microsoft.NETCore.App.Ref/8.0.25/ref/net8.0/System.Runtime.Intrinsics.dll /reference:/usr/lib/dotnet/packs/Microsoft.NETCore.App.Ref/8.0.25/ref/net8.0/System.Runtime.Loader.dll /reference:/usr/lib/dotnet/packs/Microsoft.NETCore.App.Ref/8.0.25/ref/net8.0/System.Runtime.Numerics.dll /reference:/usr/lib/dotnet/packs/Microsoft.NETCore.App.Ref/8.0.25/ref/net8.0/System.Runtime.Serialization.dll /reference:/usr/lib/dotnet/packs/Microsoft.NETCore.App.Ref/8.0.25/ref/net8.0/System.Runtime.Serialization.Formatters.dll /reference:/usr/lib/dotnet/packs/Microsoft.NETCore.App.Ref/8.0.25/ref/net8.0/System.Runtime.Serialization.Json.dll /reference:/usr/lib/dotnet/packs/Microsoft.NETCore.App.Ref/8.0.25/ref/net8.0/System.Runtime.Serialization.Primitives.dll /reference:/usr/lib/dotnet/packs/Microsoft.NETCore.App.Ref/8.0.25/ref/net8.0/System.Runtime.Serialization.Xml.dll /reference:/usr/lib/dotnet/packs/Microsoft.NETCore.App.Ref/8.0.25/ref/net8.0/System.Security.AccessControl.dll /reference:/usr/lib/dotnet/packs/Microsoft.NETCore.App.Ref/8.0.25/ref/net8.0/System.Security.Claims.dll /reference:/usr/lib/dotnet/packs/Microsoft.NETCore.App.Ref/8.0.25/ref/net8.0/System.Security.Cryptography.Algorithms.dll /reference:/usr/lib/dotnet/packs/Microsoft.NETCore.App.Ref/8.0.25/ref/net8.0/System.Security.Cryptography.Cng.dll /reference:/usr/lib/dotnet/packs/Microsoft.NETCore.App.Ref/8.0.25/ref/net8.0/System.Security.Cryptography.Csp.dll /reference:/usr/lib/dotnet/packs/Microsoft.NETCore.App.Ref/8.0.25/ref/net8.0/System.Security.Cryptography.dll /reference:/usr/lib/dotnet/packs/Microsoft.NETCore.App.Ref/8.0.25/ref/net8.0/System.Security.Cryptography.Encoding.dll /reference:/usr/lib/dotnet/packs/Microsoft.NETCore.App.Ref/8.0.25/ref/net8.0/System.Security.Cryptography.OpenSsl.dll /reference:/usr/lib/dotnet/packs/Microsoft.NETCore.App.Ref/8.0.25/ref/net8.0/System.Security.Cryptography.Primitives.dll /reference:/usr/lib/dotnet/packs/Microsoft.NETCore.App.Ref/8.0.25/ref/net8.0/System.Security.Cryptography.X509Certificates.dll /reference:/usr/lib/dotnet/packs/Microsoft.NETCore.App.Ref/8.0.25/ref/net8.0/System.Security.dll /reference:/usr/lib/dotnet/packs/Microsoft.NETCore.App.Ref/8.0.25/ref/net8.0/System.Security.Principal.dll /reference:/usr/lib/dotnet/packs/Microsoft.NETCore.App.Ref/8.0.25/ref/net8.0/System.Security.Principal.Windows.dll /reference:/usr/lib/dotnet/packs/Microsoft.NETCore.App.Ref/8.0.25/ref/net8.0/System.Security.SecureString.dll /reference:/usr/lib/dotnet/packs/Microsoft.NETCore.App.Ref/8.0.25/ref/net8.0/System.ServiceModel.Web.dll /reference:/usr/lib/dotnet/packs/Microsoft.NETCore.App.Ref/8.0.25/ref/net8.0/System.ServiceProcess.dll /reference:/usr/lib/dotnet/packs/Microsoft.NETCore.App.Ref/8.0.25/ref/net8.0/System.Text.Encoding.CodePages.dll /reference:/usr/lib/dotnet/packs/Microsoft.NETCore.App.Ref/8.0.25/ref/net8.0/System.Text.Encoding.dll /reference:/usr/lib/dotnet/packs/Microsoft.NETCore.App.Ref/8.0.25/ref/net8.0/System.Text.Encoding.Extensions.dll /reference:/usr/lib/dotnet/packs/Microsoft.NETCore.App.Ref/8.0.25/ref/net8.0/System.Text.Encodings.Web.dll /reference:/usr/lib/dotnet/packs/Microsoft.NETCore.App.Ref/8.0.25/ref/net8.0/System.Text.Json.dll /reference:/usr/lib/dotnet/packs/Microsoft.NETCore.App.Ref/8.0.25/ref/net8.0/System.Text.RegularExpressions.dll /reference:/usr/lib/dotnet/packs/Microsoft.NETCore.App.Ref/8.0.25/ref/net8.0/System.Threading.Channels.dll /reference:/usr/lib/dotnet/packs/Microsoft.NETCore.App.Ref/8.0.25/ref/net8.0/System.Threading.dll /reference:/usr/lib/dotnet/packs/Microsoft.NETCore.App.Ref/8.0.25/ref/net8.0/System.Threading.Overlapped.dll /reference:/usr/lib/dotnet/packs/Microsoft.NETCore.App.Ref/8.0.25/ref/net8.0/System.Threading.Tasks.Dataflow.dll /reference:/usr/lib/dotnet/packs/Microsoft.NETCore.App.Ref/8.0.25/ref/net8.0/System.Threading.Tasks.dll /reference:/usr/lib/dotnet/packs/Microsoft.NETCore.App.Ref/8.0.25/ref/net8.0/System.Threading.Tasks.Extensions.dll /reference:/usr/lib/dotnet/packs/Microsoft.NETCore.App.Ref/8.0.25/ref/net8.0/System.Threading.Tasks.Parallel.dll /reference:/usr/lib/dotnet/packs/Microsoft.NETCore.App.Ref/8.0.25/ref/net8.0/System.Threading.Thread.dll /reference:/usr/lib/dotnet/packs/Microsoft.NETCore.App.Ref/8.0.25/ref/net8.0/System.Threading.ThreadPool.dll /reference:/usr/lib/dotnet/packs/Microsoft.NETCore.App.Ref/8.0.25/ref/net8.0/System.Threading.Timer.dll /reference:/usr/lib/dotnet/packs/Microsoft.NETCore.App.Ref/8.0.25/ref/net8.0/System.Transactions.dll /reference:/usr/lib/dotnet/packs/Microsoft.NETCore.App.Ref/8.0.25/ref/net8.0/System.Transactions.Local.dll /reference:/usr/lib/dotnet/packs/Microsoft.NETCore.App.Ref/8.0.25/ref/net8.0/System.ValueTuple.dll /reference:/usr/lib/dotnet/packs/Microsoft.NETCore.App.Ref/8.0.25/ref/net8.0/System.Web.dll /reference:/usr/lib/dotnet/packs/Microsoft.NETCore.App.Ref/8.0.25/ref/net8.0/System.Web.HttpUtility.dll /reference:/usr/lib/dotnet/packs/Microsoft.NETCore.App.Ref/8.0.25/ref/net8.0/System.Windows.dll /reference:/usr/lib/dotnet/packs/Microsoft.NETCore.App.Ref/8.0.25/ref/net8.0/System.Xml.dll /reference:/usr/lib/dotnet/packs/Microsoft.NETCore.App.Ref/8.0.25/ref/net8.0/System.Xml.Linq.dll /reference:/usr/lib/dotnet/packs/Microsoft.NETCore.App.Ref/8.0.25/ref/net8.0/System.Xml.ReaderWriter.dll /reference:/usr/lib/dotnet/packs/Microsoft.NETCore.App.Ref/8.0.25/ref/net8.0/System.Xml.Serialization.dll /reference:/usr/lib/dotnet/packs/Microsoft.NETCore.App.Ref/8.0.25/ref/net8.0/System.Xml.XDocument.dll /reference:/usr/lib/dotnet/packs/Microsoft.NETCore.App.Ref/8.0.25/ref/net8.0/System.Xml.XmlDocument.dll /reference:/usr/lib/dotnet/packs/Microsoft.NETCore.App.Ref/8.0.25/ref/net8.0/System.Xml.XmlSerializer.dll /reference:/usr/lib/dotnet/packs/Microsoft.NETCore.App.Ref/8.0.25/ref/net8.0/System.Xml.XPath.dll /reference:/usr/lib/dotnet/packs/Microsoft.NETCore.App.Ref/8.0.25/ref/net8.0/System.Xml.XPath.XDocument.dll /reference:/usr/lib/dotnet/packs/Microsoft.NETCore.App.Ref/8.0.25/ref/net8.0/WindowsBase.dll /debug+ /debug:portable /filealign:512 /optimize- /out:obj/Debug/net8.0/Cadastro.Application.dll /refout:obj/Debug/net8.0/refint/Cadastro.Application.dll /target:library /warnaserror- /utf8output /deterministic+ /sourcelink:obj/Debug/net8.0/Cadastro.Application.sourcelink.json /langversion:12.0 /embed:obj/Debug/net8.0/Cadastro.Application.GlobalUsings.g.cs /embed:"obj/Debug/net8.0/.NETCoreApp,Version=v8.0.AssemblyAttributes.cs" /embed:obj/Debug/net8.0/Cadastro.Application.AssemblyInfo.cs /analyzerconfig:obj/Debug/net8.0/Cadastro.Application.GeneratedMSBuildEditorConfig.editorconfig /analyzerconfig:/usr/lib/dotnet/sdk/10.0.104/Sdks/Microsoft.NET.Sdk/analyzers/build/config/analysislevel_8_default.globalconfig /analyzer:/usr/lib/dotnet/sdk/10.0.104/Sdks/Microsoft.NET.Sdk/targets/../analyzers/Microsoft.CodeAnalysis.CSharp.NetAnalyzers.dll /analyzer:/usr/lib/dotnet/sdk/10.0.104/Sdks/Microsoft.NET.Sdk/targets/../analyzers/Microsoft.CodeAnalysis.NetAnalyzers.dll /analyzer:/usr/lib/dotnet/packs/Microsoft.NETCore.App.Ref/8.0.25/analyzers/dotnet/cs/Microsoft.Interop.ComInterfaceGenerator.dll /analyzer:/usr/lib/dotnet/packs/Microsoft.NETCore.App.Ref/8.0.25/analyzers/dotnet/cs/Microsoft.Interop.JavaScript.JSImportGenerator.dll /analyzer:/usr/lib/dotnet/packs/Microsoft.NETCore.App.Ref/8.0.25/analyzers/dotnet/cs/Microsoft.Interop.LibraryImportGenerator.dll /analyzer:/usr/lib/dotnet/packs/Microsoft.NETCore.App.Ref/8.0.25/analyzers/dotnet/cs/Microsoft.Interop.SourceGeneration.dll /analyzer:/usr/lib/dotnet/packs/Microsoft.NETCore.App.Ref/8.0.25/analyzers/dotnet/cs/System.Text.Json.SourceGeneration.dll /analyzer:/usr/lib/dotnet/packs/Microsoft.NETCore.App.Ref/8.0.25/analyzers/dotnet/cs/System.Text.RegularExpressions.Generator.dll Associacoes/Queries/GetAssociacaoByIdQuery.cs Associacoes/Queries/GetAssociacaoByIdQueryHandler.cs Associacoes/Queries/GetAssociacoesQuery.cs Associacoes/Queries/GetAssociacoesQueryHandler.cs Associacoes/Responses/AssociacaoResponse.cs Busca/Queries/BuscaCadastroQuery.cs Busca/Queries/BuscaCadastroQueryHandler.cs Busca/Responses/BuscaCadastroResponse.cs Common/CQRS/Dispatcher.cs Common/CQRS/ICommand.cs Common/CQRS/ICommandHandler.cs Common/CQRS/IDispatcher.cs Common/CQRS/IQuery.cs Common/CQRS/IQueryHandler.cs Common/Exceptions/ConflictException.cs Common/Exceptions/DepuracaoNecessariaException.cs Common/Exceptions/ExternalServiceException.cs Common/Exceptions/NotFoundException.cs Common/Exceptions/PreRequisitosException.cs Common/Exceptions/ValidationException.cs Common/Responses/PaginationResponse.cs Fonogramas/Commands/AtualizarFonogramaCommand.cs Fonogramas/Commands/CriarFonogramaCommand.cs Fonogramas/Commands/DepurarFonogramaCommand.cs Fonogramas/Commands/ExcluirFonogramaCommand.cs Fonogramas/Queries/GetFonogramaByIdQuery.cs Fonogramas/Queries/ListarFonogramasPorObraQuery.cs Fonogramas/Queries/ListarFonogramasQuery.cs Fonogramas/Responses/DepuracaoFonogramaResponse.cs Fonogramas/Responses/FonogramaListResponse.cs Fonogramas/Responses/FonogramaResponse.cs Fonogramas/Responses/FonogramaResumoResponse.cs Fonogramas/Responses/ObraResumoResponse.cs Obras/Commands/AlterarDominioPublicoCommand.cs Obras/Commands/AtualizarObraCommand.cs Obras/Commands/CriarObraCommand.cs Obras/Commands/DepurarObraCommand.cs Obras/Commands/ExcluirObraCommand.cs Obras/Commands/ObterIswcCommand.cs Obras/Queries/GetObraByIdQuery.cs Obras/Queries/GetObraByIdQueryHandler.cs Obras/Queries/ListarObrasQuery.cs Obras/Queries/ListarObrasQueryHandler.cs Obras/Responses/DepuracaoResponse.cs Obras/Responses/ObraListResponse.cs Obras/Responses/ObraResponse.cs Participacoes/Commands/AdicionarParticipacaoCommand.cs Participacoes/Commands/AdicionarParticipacaoCommandHandler.cs Participacoes/Commands/AjustarPercentualCommand.cs Participacoes/Commands/AjustarPercentualCommandHandler.cs Participacoes/Commands/CalcularPercentuaisCommand.cs Participacoes/Commands/CalcularPercentuaisCommandHandler.cs Participacoes/Commands/RemoverParticipacaoCommand.cs Participacoes/Commands/RemoverParticipacaoCommandHandler.cs Participacoes/Queries/ListarParticipacoesQuery.cs Participacoes/Queries/ListarParticipacoesQueryHandler.cs Participacoes/Responses/ParticipacaoItemResponse.cs Participacoes/Responses/ParticipacoesResponse.cs Status/Commands/BloquearFonogramaCommand.cs Status/Commands/BloquearObraCommand.cs Status/Commands/DefinirUrlAudioCommand.cs Status/Commands/DesbloquearFonogramaCommand.cs Status/Commands/DesbloquearObraCommand.cs Status/Commands/LiberarFonogramaCommand.cs Status/Commands/LiberarObraCommand.cs Status/Queries/HistoricoBloqueiosQuery.cs Status/Responses/HistoricoBloqueioResponse.cs Status/Responses/PreRequisitosResponse.cs Titulares/Commands/AtualizarTitularCommand.cs Titulares/Commands/AtualizarTitularCommandHandler.cs Titulares/Commands/AtualizarTitularCommandValidator.cs Titulares/Commands/CriarTitularCommand.cs Titulares/Commands/CriarTitularCommandHandler.cs Titulares/Commands/CriarTitularCommandValidator.cs Titulares/Commands/ExcluirTitularCommand.cs Titulares/Commands/ExcluirTitularCommandHandler.cs Titulares/Queries/GetTitularByIdQuery.cs Titulares/Queries/GetTitularByIdQueryHandler.cs Titulares/Queries/ListarTitularesQuery.cs Titulares/Queries/ListarTitularesQueryHandler.cs Titulares/Responses/TitularListResponse.cs Titulares/Responses/TitularResponse.cs Titularidades/Commands/AdicionarTitularidadeCommand.cs Titularidades/Commands/AdicionarTitularidadeCommandHandler.cs Titularidades/Commands/AdicionarTitularidadeCommandValidator.cs Titularidades/Commands/EditarTitularidadeCommand.cs Titularidades/Commands/EditarTitularidadeCommandHandler.cs Titularidades/Commands/EditarTitularidadeCommandValidator.cs Titularidades/Commands/RemoverTitularidadeCommand.cs Titularidades/Commands/RemoverTitularidadeCommandHandler.cs Titularidades/Queries/BuscarTitularesQuery.cs Titularidades/Queries/BuscarTitularesQueryHandler.cs Titularidades/Queries/ListarTitularidadesQuery.cs Titularidades/Queries/ListarTitularidadesQueryHandler.cs Titularidades/Responses/TitularidadeItemResponse.cs Titularidades/Responses/TitularidadesResponse.cs Titularidades/Responses/TitularResumoResponse.cs obj/Debug/net8.0/Cadastro.Application.GlobalUsings.g.cs "obj/Debug/net8.0/.NETCoreApp,Version=v8.0.AssemblyAttributes.cs" obj/Debug/net8.0/Cadastro.Application.AssemblyInfo.cs /warnaserror+:NU1605,SYSLIB0011
         Compilation request Cadastro.Application (net8.0), PathToTool=/usr/lib/dotnet/sdk/10.0.104/Roslyn/bincore/csc
         Assembly loaded during TaskRun (Microsoft.CodeAnalysis.BuildTasks.Csc): System.Security.Principal.Windows, Version=10.0.0.0, Culture=neutral, PublicKeyToken=b03f5f7f11d50a3a (location: /usr/lib/dotnet/shared/Microsoft.NETCore.App/10.0.4/System.Security.Principal.Windows.dll, MVID: 27f45695-6328-4090-b017-9449c7cd593e, AssemblyLoadContext: Default)
         Assembly loaded during TaskRun (Microsoft.CodeAnalysis.BuildTasks.Csc): System.Security.Claims, Version=10.0.0.0, Culture=neutral, PublicKeyToken=b03f5f7f11d50a3a (location: /usr/lib/dotnet/shared/Microsoft.NETCore.App/10.0.4/System.Security.Claims.dll, MVID: 9d3314c4-7f0d-4e07-90d7-0d76fc0a4ccb, AssemblyLoadContext: Default)
         CommandLine = ' /noconfig'
         BuildResponseFile = '/unsafe- /checked- /nowarn:1701,1702,1701,1702 /fullpaths /nostdlib+ /errorreport:prompt /warn:8 /define:TRACE;DEBUG;NET;NET8_0;NETCOREAPP;NET5_0_OR_GREATER;NET6_0_OR_GREATER;NET7_0_OR_GREATER;NET8_0_OR_GREATER;NETCOREAPP1_0_OR_GREATER;NETCOREAPP1_1_OR_GREATER;NETCOREAPP2_0_OR_GREATER;NETCOREAPP2_1_OR_GREATER;NETCOREAPP2_2_OR_GREATER;NETCOREAPP3_0_OR_GREATER;NETCOREAPP3_1_OR_GREATER /highentropyva+ /nullable:enable /reference:/home/tsgomes/mcad/services/cadastro-api/3-Domain/Cadastro.Domain/obj/Debug/net8.0/ref/Cadastro.Domain.dll /reference:/home/tsgomes/.nuget/packages/fluentvalidation/11.12.0/lib/net8.0/FluentValidation.dll /reference:/usr/lib/dotnet/packs/Microsoft.NETCore.App.Ref/8.0.25/ref/net8.0/Microsoft.CSharp.dll /reference:/usr/lib/dotnet/packs/Microsoft.NETCore.App.Ref/8.0.25/ref/net8.0/Microsoft.VisualBasic.Core.dll /reference:/usr/lib/dotnet/packs/Microsoft.NETCore.App.Ref/8.0.25/ref/net8.0/Microsoft.VisualBasic.dll /reference:/usr/lib/dotnet/packs/Microsoft.NETCore.App.Ref/8.0.25/ref/net8.0/Microsoft.Win32.Primitives.dll /reference:/usr/lib/dotnet/packs/Microsoft.NETCore.App.Ref/8.0.25/ref/net8.0/Microsoft.Win32.Registry.dll /reference:/usr/lib/dotnet/packs/Microsoft.NETCore.App.Ref/8.0.25/ref/net8.0/mscorlib.dll /reference:/usr/lib/dotnet/packs/Microsoft.NETCore.App.Ref/8.0.25/ref/net8.0/netstandard.dll /reference:/usr/lib/dotnet/packs/Microsoft.NETCore.App.Ref/8.0.25/ref/net8.0/System.AppContext.dll /reference:/usr/lib/dotnet/packs/Microsoft.NETCore.App.Ref/8.0.25/ref/net8.0/System.Buffers.dll /reference:/usr/lib/dotnet/packs/Microsoft.NETCore.App.Ref/8.0.25/ref/net8.0/System.Collections.Concurrent.dll /reference:/usr/lib/dotnet/packs/Microsoft.NETCore.App.Ref/8.0.25/ref/net8.0/System.Collections.dll /reference:/usr/lib/dotnet/packs/Microsoft.NETCore.App.Ref/8.0.25/ref/net8.0/System.Collections.Immutable.dll /reference:/usr/lib/dotnet/packs/Microsoft.NETCore.App.Ref/8.0.25/ref/net8.0/System.Collections.NonGeneric.dll /reference:/usr/lib/dotnet/packs/Microsoft.NETCore.App.Ref/8.0.25/ref/net8.0/System.Collections.Specialized.dll /reference:/usr/lib/dotnet/packs/Microsoft.NETCore.App.Ref/8.0.25/ref/net8.0/System.ComponentModel.Annotations.dll /reference:/usr/lib/dotnet/packs/Microsoft.NETCore.App.Ref/8.0.25/ref/net8.0/System.ComponentModel.DataAnnotations.dll /reference:/usr/lib/dotnet/packs/Microsoft.NETCore.App.Ref/8.0.25/ref/net8.0/System.ComponentModel.dll /reference:/usr/lib/dotnet/packs/Microsoft.NETCore.App.Ref/8.0.25/ref/net8.0/System.ComponentModel.EventBasedAsync.dll /reference:/usr/lib/dotnet/packs/Microsoft.NETCore.App.Ref/8.0.25/ref/net8.0/System.ComponentModel.Primitives.dll /reference:/usr/lib/dotnet/packs/Microsoft.NETCore.App.Ref/8.0.25/ref/net8.0/System.ComponentModel.TypeConverter.dll /reference:/usr/lib/dotnet/packs/Microsoft.NETCore.App.Ref/8.0.25/ref/net8.0/System.Configuration.dll /reference:/usr/lib/dotnet/packs/Microsoft.NETCore.App.Ref/8.0.25/ref/net8.0/System.Console.dll /reference:/usr/lib/dotnet/packs/Microsoft.NETCore.App.Ref/8.0.25/ref/net8.0/System.Core.dll /reference:/usr/lib/dotnet/packs/Microsoft.NETCore.App.Ref/8.0.25/ref/net8.0/System.Data.Common.dll /reference:/usr/lib/dotnet/packs/Microsoft.NETCore.App.Ref/8.0.25/ref/net8.0/System.Data.DataSetExtensions.dll /reference:/usr/lib/dotnet/packs/Microsoft.NETCore.App.Ref/8.0.25/ref/net8.0/System.Data.dll /reference:/usr/lib/dotnet/packs/Microsoft.NETCore.App.Ref/8.0.25/ref/net8.0/System.Diagnostics.Contracts.dll /reference:/usr/lib/dotnet/packs/Microsoft.NETCore.App.Ref/8.0.25/ref/net8.0/System.Diagnostics.Debug.dll /reference:/usr/lib/dotnet/packs/Microsoft.NETCore.App.Ref/8.0.25/ref/net8.0/System.Diagnostics.DiagnosticSource.dll /reference:/usr/lib/dotnet/packs/Microsoft.NETCore.App.Ref/8.0.25/ref/net8.0/System.Diagnostics.FileVersionInfo.dll /reference:/usr/lib/dotnet/packs/Microsoft.NETCore.App.Ref/8.0.25/ref/net8.0/System.Diagnostics.Process.dll /reference:/usr/lib/dotnet/packs/Microsoft.NETCore.App.Ref/8.0.25/ref/net8.0/System.Diagnostics.StackTrace.dll /reference:/usr/lib/dotnet/packs/Microsoft.NETCore.App.Ref/8.0.25/ref/net8.0/System.Diagnostics.TextWriterTraceListener.dll /reference:/usr/lib/dotnet/packs/Microsoft.NETCore.App.Ref/8.0.25/ref/net8.0/System.Diagnostics.Tools.dll /reference:/usr/lib/dotnet/packs/Microsoft.NETCore.App.Ref/8.0.25/ref/net8.0/System.Diagnostics.TraceSource.dll /reference:/usr/lib/dotnet/packs/Microsoft.NETCore.App.Ref/8.0.25/ref/net8.0/System.Diagnostics.Tracing.dll /reference:/usr/lib/dotnet/packs/Microsoft.NETCore.App.Ref/8.0.25/ref/net8.0/System.dll /reference:/usr/lib/dotnet/packs/Microsoft.NETCore.App.Ref/8.0.25/ref/net8.0/System.Drawing.dll /reference:/usr/lib/dotnet/packs/Microsoft.NETCore.App.Ref/8.0.25/ref/net8.0/System.Drawing.Primitives.dll /reference:/usr/lib/dotnet/packs/Microsoft.NETCore.App.Ref/8.0.25/ref/net8.0/System.Dynamic.Runtime.dll /reference:/usr/lib/dotnet/packs/Microsoft.NETCore.App.Ref/8.0.25/ref/net8.0/System.Formats.Asn1.dll /reference:/usr/lib/dotnet/packs/Microsoft.NETCore.App.Ref/8.0.25/ref/net8.0/System.Formats.Tar.dll /reference:/usr/lib/dotnet/packs/Microsoft.NETCore.App.Ref/8.0.25/ref/net8.0/System.Globalization.Calendars.dll /reference:/usr/lib/dotnet/packs/Microsoft.NETCore.App.Ref/8.0.25/ref/net8.0/System.Globalization.dll /reference:/usr/lib/dotnet/packs/Microsoft.NETCore.App.Ref/8.0.25/ref/net8.0/System.Globalization.Extensions.dll /reference:/usr/lib/dotnet/packs/Microsoft.NETCore.App.Ref/8.0.25/ref/net8.0/System.IO.Compression.Brotli.dll /reference:/usr/lib/dotnet/packs/Microsoft.NETCore.App.Ref/8.0.25/ref/net8.0/System.IO.Compression.dll /reference:/usr/lib/dotnet/packs/Microsoft.NETCore.App.Ref/8.0.25/ref/net8.0/System.IO.Compression.FileSystem.dll /reference:/usr/lib/dotnet/packs/Microsoft.NETCore.App.Ref/8.0.25/ref/net8.0/System.IO.Compression.ZipFile.dll /reference:/usr/lib/dotnet/packs/Microsoft.NETCore.App.Ref/8.0.25/ref/net8.0/System.IO.dll /reference:/usr/lib/dotnet/packs/Microsoft.NETCore.App.Ref/8.0.25/ref/net8.0/System.IO.FileSystem.AccessControl.dll /reference:/usr/lib/dotnet/packs/Microsoft.NETCore.App.Ref/8.0.25/ref/net8.0/System.IO.FileSystem.dll /reference:/usr/lib/dotnet/packs/Microsoft.NETCore.App.Ref/8.0.25/ref/net8.0/System.IO.FileSystem.DriveInfo.dll /reference:/usr/lib/dotnet/packs/Microsoft.NETCore.App.Ref/8.0.25/ref/net8.0/System.IO.FileSystem.Primitives.dll /reference:/usr/lib/dotnet/packs/Microsoft.NETCore.App.Ref/8.0.25/ref/net8.0/System.IO.FileSystem.Watcher.dll /reference:/usr/lib/dotnet/packs/Microsoft.NETCore.App.Ref/8.0.25/ref/net8.0/System.IO.IsolatedStorage.dll /reference:/usr/lib/dotnet/packs/Microsoft.NETCore.App.Ref/8.0.25/ref/net8.0/System.IO.MemoryMappedFiles.dll /reference:/usr/lib/dotnet/packs/Microsoft.NETCore.App.Ref/8.0.25/ref/net8.0/System.IO.Pipes.AccessControl.dll /reference:/usr/lib/dotnet/packs/Microsoft.NETCore.App.Ref/8.0.25/ref/net8.0/System.IO.Pipes.dll /reference:/usr/lib/dotnet/packs/Microsoft.NETCore.App.Ref/8.0.25/ref/net8.0/System.IO.UnmanagedMemoryStream.dll /reference:/usr/lib/dotnet/packs/Microsoft.NETCore.App.Ref/8.0.25/ref/net8.0/System.Linq.dll /reference:/usr/lib/dotnet/packs/Microsoft.NETCore.App.Ref/8.0.25/ref/net8.0/System.Linq.Expressions.dll /reference:/usr/lib/dotnet/packs/Microsoft.NETCore.App.Ref/8.0.25/ref/net8.0/System.Linq.Parallel.dll /reference:/usr/lib/dotnet/packs/Microsoft.NETCore.App.Ref/8.0.25/ref/net8.0/System.Linq.Queryable.dll /reference:/usr/lib/dotnet/packs/Microsoft.NETCore.App.Ref/8.0.25/ref/net8.0/System.Memory.dll /reference:/usr/lib/dotnet/packs/Microsoft.NETCore.App.Ref/8.0.25/ref/net8.0/System.Net.dll /reference:/usr/lib/dotnet/packs/Microsoft.NETCore.App.Ref/8.0.25/ref/net8.0/System.Net.Http.dll /reference:/usr/lib/dotnet/packs/Microsoft.NETCore.App.Ref/8.0.25/ref/net8.0/System.Net.Http.Json.dll /reference:/usr/lib/dotnet/packs/Microsoft.NETCore.App.Ref/8.0.25/ref/net8.0/System.Net.HttpListener.dll /reference:/usr/lib/dotnet/packs/Microsoft.NETCore.App.Ref/8.0.25/ref/net8.0/System.Net.Mail.dll /reference:/usr/lib/dotnet/packs/Microsoft.NETCore.App.Ref/8.0.25/ref/net8.0/System.Net.NameResolution.dll /reference:/usr/lib/dotnet/packs/Microsoft.NETCore.App.Ref/8.0.25/ref/net8.0/System.Net.NetworkInformation.dll /reference:/usr/lib/dotnet/packs/Microsoft.NETCore.App.Ref/8.0.25/ref/net8.0/System.Net.Ping.dll /reference:/usr/lib/dotnet/packs/Microsoft.NETCore.App.Ref/8.0.25/ref/net8.0/System.Net.Primitives.dll /reference:/usr/lib/dotnet/packs/Microsoft.NETCore.App.Ref/8.0.25/ref/net8.0/System.Net.Quic.dll /reference:/usr/lib/dotnet/packs/Microsoft.NETCore.App.Ref/8.0.25/ref/net8.0/System.Net.Requests.dll /reference:/usr/lib/dotnet/packs/Microsoft.NETCore.App.Ref/8.0.25/ref/net8.0/System.Net.Security.dll /reference:/usr/lib/dotnet/packs/Microsoft.NETCore.App.Ref/8.0.25/ref/net8.0/System.Net.ServicePoint.dll /reference:/usr/lib/dotnet/packs/Microsoft.NETCore.App.Ref/8.0.25/ref/net8.0/System.Net.Sockets.dll /reference:/usr/lib/dotnet/packs/Microsoft.NETCore.App.Ref/8.0.25/ref/net8.0/System.Net.WebClient.dll /reference:/usr/lib/dotnet/packs/Microsoft.NETCore.App.Ref/8.0.25/ref/net8.0/System.Net.WebHeaderCollection.dll /reference:/usr/lib/dotnet/packs/Microsoft.NETCore.App.Ref/8.0.25/ref/net8.0/System.Net.WebProxy.dll /reference:/usr/lib/dotnet/packs/Microsoft.NETCore.App.Ref/8.0.25/ref/net8.0/System.Net.WebSockets.Client.dll /reference:/usr/lib/dotnet/packs/Microsoft.NETCore.App.Ref/8.0.25/ref/net8.0/System.Net.WebSockets.dll /reference:/usr/lib/dotnet/packs/Microsoft.NETCore.App.Ref/8.0.25/ref/net8.0/System.Numerics.dll /reference:/usr/lib/dotnet/packs/Microsoft.NETCore.App.Ref/8.0.25/ref/net8.0/System.Numerics.Vectors.dll /reference:/usr/lib/dotnet/packs/Microsoft.NETCore.App.Ref/8.0.25/ref/net8.0/System.ObjectModel.dll /reference:/usr/lib/dotnet/packs/Microsoft.NETCore.App.Ref/8.0.25/ref/net8.0/System.Reflection.DispatchProxy.dll /reference:/usr/lib/dotnet/packs/Microsoft.NETCore.App.Ref/8.0.25/ref/net8.0/System.Reflection.dll /reference:/usr/lib/dotnet/packs/Microsoft.NETCore.App.Ref/8.0.25/ref/net8.0/System.Reflection.Emit.dll /reference:/usr/lib/dotnet/packs/Microsoft.NETCore.App.Ref/8.0.25/ref/net8.0/System.Reflection.Emit.ILGeneration.dll /reference:/usr/lib/dotnet/packs/Microsoft.NETCore.App.Ref/8.0.25/ref/net8.0/System.Reflection.Emit.Lightweight.dll /reference:/usr/lib/dotnet/packs/Microsoft.NETCore.App.Ref/8.0.25/ref/net8.0/System.Reflection.Extensions.dll /reference:/usr/lib/dotnet/packs/Microsoft.NETCore.App.Ref/8.0.25/ref/net8.0/System.Reflection.Metadata.dll /reference:/usr/lib/dotnet/packs/Microsoft.NETCore.App.Ref/8.0.25/ref/net8.0/System.Reflection.Primitives.dll /reference:/usr/lib/dotnet/packs/Microsoft.NETCore.App.Ref/8.0.25/ref/net8.0/System.Reflection.TypeExtensions.dll /reference:/usr/lib/dotnet/packs/Microsoft.NETCore.App.Ref/8.0.25/ref/net8.0/System.Resources.Reader.dll /reference:/usr/lib/dotnet/packs/Microsoft.NETCore.App.Ref/8.0.25/ref/net8.0/System.Resources.ResourceManager.dll /reference:/usr/lib/dotnet/packs/Microsoft.NETCore.App.Ref/8.0.25/ref/net8.0/System.Resources.Writer.dll /reference:/usr/lib/dotnet/packs/Microsoft.NETCore.App.Ref/8.0.25/ref/net8.0/System.Runtime.CompilerServices.Unsafe.dll /reference:/usr/lib/dotnet/packs/Microsoft.NETCore.App.Ref/8.0.25/ref/net8.0/System.Runtime.CompilerServices.VisualC.dll /reference:/usr/lib/dotnet/packs/Microsoft.NETCore.App.Ref/8.0.25/ref/net8.0/System.Runtime.dll /reference:/usr/lib/dotnet/packs/Microsoft.NETCore.App.Ref/8.0.25/ref/net8.0/System.Runtime.Extensions.dll /reference:/usr/lib/dotnet/packs/Microsoft.NETCore.App.Ref/8.0.25/ref/net8.0/System.Runtime.Handles.dll /reference:/usr/lib/dotnet/packs/Microsoft.NETCore.App.Ref/8.0.25/ref/net8.0/System.Runtime.InteropServices.dll /reference:/usr/lib/dotnet/packs/Microsoft.NETCore.App.Ref/8.0.25/ref/net8.0/System.Runtime.InteropServices.JavaScript.dll /reference:/usr/lib/dotnet/packs/Microsoft.NETCore.App.Ref/8.0.25/ref/net8.0/System.Runtime.InteropServices.RuntimeInformation.dll /reference:/usr/lib/dotnet/packs/Microsoft.NETCore.App.Ref/8.0.25/ref/net8.0/System.Runtime.Intrinsics.dll /reference:/usr/lib/dotnet/packs/Microsoft.NETCore.App.Ref/8.0.25/ref/net8.0/System.Runtime.Loader.dll /reference:/usr/lib/dotnet/packs/Microsoft.NETCore.App.Ref/8.0.25/ref/net8.0/System.Runtime.Numerics.dll /reference:/usr/lib/dotnet/packs/Microsoft.NETCore.App.Ref/8.0.25/ref/net8.0/System.Runtime.Serialization.dll /reference:/usr/lib/dotnet/packs/Microsoft.NETCore.App.Ref/8.0.25/ref/net8.0/System.Runtime.Serialization.Formatters.dll /reference:/usr/lib/dotnet/packs/Microsoft.NETCore.App.Ref/8.0.25/ref/net8.0/System.Runtime.Serialization.Json.dll /reference:/usr/lib/dotnet/packs/Microsoft.NETCore.App.Ref/8.0.25/ref/net8.0/System.Runtime.Serialization.Primitives.dll /reference:/usr/lib/dotnet/packs/Microsoft.NETCore.App.Ref/8.0.25/ref/net8.0/System.Runtime.Serialization.Xml.dll /reference:/usr/lib/dotnet/packs/Microsoft.NETCore.App.Ref/8.0.25/ref/net8.0/System.Security.AccessControl.dll /reference:/usr/lib/dotnet/packs/Microsoft.NETCore.App.Ref/8.0.25/ref/net8.0/System.Security.Claims.dll /reference:/usr/lib/dotnet/packs/Microsoft.NETCore.App.Ref/8.0.25/ref/net8.0/System.Security.Cryptography.Algorithms.dll /reference:/usr/lib/dotnet/packs/Microsoft.NETCore.App.Ref/8.0.25/ref/net8.0/System.Security.Cryptography.Cng.dll /reference:/usr/lib/dotnet/packs/Microsoft.NETCore.App.Ref/8.0.25/ref/net8.0/System.Security.Cryptography.Csp.dll /reference:/usr/lib/dotnet/packs/Microsoft.NETCore.App.Ref/8.0.25/ref/net8.0/System.Security.Cryptography.dll /reference:/usr/lib/dotnet/packs/Microsoft.NETCore.App.Ref/8.0.25/ref/net8.0/System.Security.Cryptography.Encoding.dll /reference:/usr/lib/dotnet/packs/Microsoft.NETCore.App.Ref/8.0.25/ref/net8.0/System.Security.Cryptography.OpenSsl.dll /reference:/usr/lib/dotnet/packs/Microsoft.NETCore.App.Ref/8.0.25/ref/net8.0/System.Security.Cryptography.Primitives.dll /reference:/usr/lib/dotnet/packs/Microsoft.NETCore.App.Ref/8.0.25/ref/net8.0/System.Security.Cryptography.X509Certificates.dll /reference:/usr/lib/dotnet/packs/Microsoft.NETCore.App.Ref/8.0.25/ref/net8.0/System.Security.dll /reference:/usr/lib/dotnet/packs/Microsoft.NETCore.App.Ref/8.0.25/ref/net8.0/System.Security.Principal.dll /reference:/usr/lib/dotnet/packs/Microsoft.NETCore.App.Ref/8.0.25/ref/net8.0/System.Security.Principal.Windows.dll /reference:/usr/lib/dotnet/packs/Microsoft.NETCore.App.Ref/8.0.25/ref/net8.0/System.Security.SecureString.dll /reference:/usr/lib/dotnet/packs/Microsoft.NETCore.App.Ref/8.0.25/ref/net8.0/System.ServiceModel.Web.dll /reference:/usr/lib/dotnet/packs/Microsoft.NETCore.App.Ref/8.0.25/ref/net8.0/System.ServiceProcess.dll /reference:/usr/lib/dotnet/packs/Microsoft.NETCore.App.Ref/8.0.25/ref/net8.0/System.Text.Encoding.CodePages.dll /reference:/usr/lib/dotnet/packs/Microsoft.NETCore.App.Ref/8.0.25/ref/net8.0/System.Text.Encoding.dll /reference:/usr/lib/dotnet/packs/Microsoft.NETCore.App.Ref/8.0.25/ref/net8.0/System.Text.Encoding.Extensions.dll /reference:/usr/lib/dotnet/packs/Microsoft.NETCore.App.Ref/8.0.25/ref/net8.0/System.Text.Encodings.Web.dll /reference:/usr/lib/dotnet/packs/Microsoft.NETCore.App.Ref/8.0.25/ref/net8.0/System.Text.Json.dll /reference:/usr/lib/dotnet/packs/Microsoft.NETCore.App.Ref/8.0.25/ref/net8.0/System.Text.RegularExpressions.dll /reference:/usr/lib/dotnet/packs/Microsoft.NETCore.App.Ref/8.0.25/ref/net8.0/System.Threading.Channels.dll /reference:/usr/lib/dotnet/packs/Microsoft.NETCore.App.Ref/8.0.25/ref/net8.0/System.Threading.dll /reference:/usr/lib/dotnet/packs/Microsoft.NETCore.App.Ref/8.0.25/ref/net8.0/System.Threading.Overlapped.dll /reference:/usr/lib/dotnet/packs/Microsoft.NETCore.App.Ref/8.0.25/ref/net8.0/System.Threading.Tasks.Dataflow.dll /reference:/usr/lib/dotnet/packs/Microsoft.NETCore.App.Ref/8.0.25/ref/net8.0/System.Threading.Tasks.dll /reference:/usr/lib/dotnet/packs/Microsoft.NETCore.App.Ref/8.0.25/ref/net8.0/System.Threading.Tasks.Extensions.dll /reference:/usr/lib/dotnet/packs/Microsoft.NETCore.App.Ref/8.0.25/ref/net8.0/System.Threading.Tasks.Parallel.dll /reference:/usr/lib/dotnet/packs/Microsoft.NETCore.App.Ref/8.0.25/ref/net8.0/System.Threading.Thread.dll /reference:/usr/lib/dotnet/packs/Microsoft.NETCore.App.Ref/8.0.25/ref/net8.0/System.Threading.ThreadPool.dll /reference:/usr/lib/dotnet/packs/Microsoft.NETCore.App.Ref/8.0.25/ref/net8.0/System.Threading.Timer.dll /reference:/usr/lib/dotnet/packs/Microsoft.NETCore.App.Ref/8.0.25/ref/net8.0/System.Transactions.dll /reference:/usr/lib/dotnet/packs/Microsoft.NETCore.App.Ref/8.0.25/ref/net8.0/System.Transactions.Local.dll /reference:/usr/lib/dotnet/packs/Microsoft.NETCore.App.Ref/8.0.25/ref/net8.0/System.ValueTuple.dll /reference:/usr/lib/dotnet/packs/Microsoft.NETCore.App.Ref/8.0.25/ref/net8.0/System.Web.dll /reference:/usr/lib/dotnet/packs/Microsoft.NETCore.App.Ref/8.0.25/ref/net8.0/System.Web.HttpUtility.dll /reference:/usr/lib/dotnet/packs/Microsoft.NETCore.App.Ref/8.0.25/ref/net8.0/System.Windows.dll /reference:/usr/lib/dotnet/packs/Microsoft.NETCore.App.Ref/8.0.25/ref/net8.0/System.Xml.dll /reference:/usr/lib/dotnet/packs/Microsoft.NETCore.App.Ref/8.0.25/ref/net8.0/System.Xml.Linq.dll /reference:/usr/lib/dotnet/packs/Microsoft.NETCore.App.Ref/8.0.25/ref/net8.0/System.Xml.ReaderWriter.dll /reference:/usr/lib/dotnet/packs/Microsoft.NETCore.App.Ref/8.0.25/ref/net8.0/System.Xml.Serialization.dll /reference:/usr/lib/dotnet/packs/Microsoft.NETCore.App.Ref/8.0.25/ref/net8.0/System.Xml.XDocument.dll /reference:/usr/lib/dotnet/packs/Microsoft.NETCore.App.Ref/8.0.25/ref/net8.0/System.Xml.XmlDocument.dll /reference:/usr/lib/dotnet/packs/Microsoft.NETCore.App.Ref/8.0.25/ref/net8.0/System.Xml.XmlSerializer.dll /reference:/usr/lib/dotnet/packs/Microsoft.NETCore.App.Ref/8.0.25/ref/net8.0/System.Xml.XPath.dll /reference:/usr/lib/dotnet/packs/Microsoft.NETCore.App.Ref/8.0.25/ref/net8.0/System.Xml.XPath.XDocument.dll /reference:/usr/lib/dotnet/packs/Microsoft.NETCore.App.Ref/8.0.25/ref/net8.0/WindowsBase.dll /debug+ /debug:portable /filealign:512 /optimize- /out:obj/Debug/net8.0/Cadastro.Application.dll /refout:obj/Debug/net8.0/refint/Cadastro.Application.dll /target:library /warnaserror- /utf8output /deterministic+ /sourcelink:obj/Debug/net8.0/Cadastro.Application.sourcelink.json /langversion:12.0 /embed:obj/Debug/net8.0/Cadastro.Application.GlobalUsings.g.cs /embed:"obj/Debug/net8.0/.NETCoreApp,Version=v8.0.AssemblyAttributes.cs" /embed:obj/Debug/net8.0/Cadastro.Application.AssemblyInfo.cs /analyzerconfig:obj/Debug/net8.0/Cadastro.Application.GeneratedMSBuildEditorConfig.editorconfig /analyzerconfig:/usr/lib/dotnet/sdk/10.0.104/Sdks/Microsoft.NET.Sdk/analyzers/build/config/analysislevel_8_default.globalconfig /analyzer:/usr/lib/dotnet/sdk/10.0.104/Sdks/Microsoft.NET.Sdk/targets/../analyzers/Microsoft.CodeAnalysis.CSharp.NetAnalyzers.dll /analyzer:/usr/lib/dotnet/sdk/10.0.104/Sdks/Microsoft.NET.Sdk/targets/../analyzers/Microsoft.CodeAnalysis.NetAnalyzers.dll /analyzer:/usr/lib/dotnet/packs/Microsoft.NETCore.App.Ref/8.0.25/analyzers/dotnet/cs/Microsoft.Interop.ComInterfaceGenerator.dll /analyzer:/usr/lib/dotnet/packs/Microsoft.NETCore.App.Ref/8.0.25/analyzers/dotnet/cs/Microsoft.Interop.JavaScript.JSImportGenerator.dll /analyzer:/usr/lib/dotnet/packs/Microsoft.NETCore.App.Ref/8.0.25/analyzers/dotnet/cs/Microsoft.Interop.LibraryImportGenerator.dll /analyzer:/usr/lib/dotnet/packs/Microsoft.NETCore.App.Ref/8.0.25/analyzers/dotnet/cs/Microsoft.Interop.SourceGeneration.dll /analyzer:/usr/lib/dotnet/packs/Microsoft.NETCore.App.Ref/8.0.25/analyzers/dotnet/cs/System.Text.Json.SourceGeneration.dll /analyzer:/usr/lib/dotnet/packs/Microsoft.NETCore.App.Ref/8.0.25/analyzers/dotnet/cs/System.Text.RegularExpressions.Generator.dll Associacoes/Queries/GetAssociacaoByIdQuery.cs Associacoes/Queries/GetAssociacaoByIdQueryHandler.cs Associacoes/Queries/GetAssociacoesQuery.cs Associacoes/Queries/GetAssociacoesQueryHandler.cs Associacoes/Responses/AssociacaoResponse.cs Busca/Queries/BuscaCadastroQuery.cs Busca/Queries/BuscaCadastroQueryHandler.cs Busca/Responses/BuscaCadastroResponse.cs Common/CQRS/Dispatcher.cs Common/CQRS/ICommand.cs Common/CQRS/ICommandHandler.cs Common/CQRS/IDispatcher.cs Common/CQRS/IQuery.cs Common/CQRS/IQueryHandler.cs Common/Exceptions/ConflictException.cs Common/Exceptions/DepuracaoNecessariaException.cs Common/Exceptions/ExternalServiceException.cs Common/Exceptions/NotFoundException.cs Common/Exceptions/PreRequisitosException.cs Common/Exceptions/ValidationException.cs Common/Responses/PaginationResponse.cs Fonogramas/Commands/AtualizarFonogramaCommand.cs Fonogramas/Commands/CriarFonogramaCommand.cs Fonogramas/Commands/DepurarFonogramaCommand.cs Fonogramas/Commands/ExcluirFonogramaCommand.cs Fonogramas/Queries/GetFonogramaByIdQuery.cs Fonogramas/Queries/ListarFonogramasPorObraQuery.cs Fonogramas/Queries/ListarFonogramasQuery.cs Fonogramas/Responses/DepuracaoFonogramaResponse.cs Fonogramas/Responses/FonogramaListResponse.cs Fonogramas/Responses/FonogramaResponse.cs Fonogramas/Responses/FonogramaResumoResponse.cs Fonogramas/Responses/ObraResumoResponse.cs Obras/Commands/AlterarDominioPublicoCommand.cs Obras/Commands/AtualizarObraCommand.cs Obras/Commands/CriarObraCommand.cs Obras/Commands/DepurarObraCommand.cs Obras/Commands/ExcluirObraCommand.cs Obras/Commands/ObterIswcCommand.cs Obras/Queries/GetObraByIdQuery.cs Obras/Queries/GetObraByIdQueryHandler.cs Obras/Queries/ListarObrasQuery.cs Obras/Queries/ListarObrasQueryHandler.cs Obras/Responses/DepuracaoResponse.cs Obras/Responses/ObraListResponse.cs Obras/Responses/ObraResponse.cs Participacoes/Commands/AdicionarParticipacaoCommand.cs Participacoes/Commands/AdicionarParticipacaoCommandHandler.cs Participacoes/Commands/AjustarPercentualCommand.cs Participacoes/Commands/AjustarPercentualCommandHandler.cs Participacoes/Commands/CalcularPercentuaisCommand.cs Participacoes/Commands/CalcularPercentuaisCommandHandler.cs Participacoes/Commands/RemoverParticipacaoCommand.cs Participacoes/Commands/RemoverParticipacaoCommandHandler.cs Participacoes/Queries/ListarParticipacoesQuery.cs Participacoes/Queries/ListarParticipacoesQueryHandler.cs Participacoes/Responses/ParticipacaoItemResponse.cs Participacoes/Responses/ParticipacoesResponse.cs Status/Commands/BloquearFonogramaCommand.cs Status/Commands/BloquearObraCommand.cs Status/Commands/DefinirUrlAudioCommand.cs Status/Commands/DesbloquearFonogramaCommand.cs Status/Commands/DesbloquearObraCommand.cs Status/Commands/LiberarFonogramaCommand.cs Status/Commands/LiberarObraCommand.cs Status/Queries/HistoricoBloqueiosQuery.cs Status/Responses/HistoricoBloqueioResponse.cs Status/Responses/PreRequisitosResponse.cs Titulares/Commands/AtualizarTitularCommand.cs Titulares/Commands/AtualizarTitularCommandHandler.cs Titulares/Commands/AtualizarTitularCommandValidator.cs Titulares/Commands/CriarTitularCommand.cs Titulares/Commands/CriarTitularCommandHandler.cs Titulares/Commands/CriarTitularCommandValidator.cs Titulares/Commands/ExcluirTitularCommand.cs Titulares/Commands/ExcluirTitularCommandHandler.cs Titulares/Queries/GetTitularByIdQuery.cs Titulares/Queries/GetTitularByIdQueryHandler.cs Titulares/Queries/ListarTitularesQuery.cs Titulares/Queries/ListarTitularesQueryHandler.cs Titulares/Responses/TitularListResponse.cs Titulares/Responses/TitularResponse.cs Titularidades/Commands/AdicionarTitularidadeCommand.cs Titularidades/Commands/AdicionarTitularidadeCommandHandler.cs Titularidades/Commands/AdicionarTitularidadeCommandValidator.cs Titularidades/Commands/EditarTitularidadeCommand.cs Titularidades/Commands/EditarTitularidadeCommandHandler.cs Titularidades/Commands/EditarTitularidadeCommandValidator.cs Titularidades/Commands/RemoverTitularidadeCommand.cs Titularidades/Commands/RemoverTitularidadeCommandHandler.cs Titularidades/Queries/BuscarTitularesQuery.cs Titularidades/Queries/BuscarTitularesQueryHandler.cs Titularidades/Queries/ListarTitularidadesQuery.cs Titularidades/Queries/ListarTitularidadesQueryHandler.cs Titularidades/Responses/TitularidadeItemResponse.cs Titularidades/Responses/TitularidadesResponse.cs Titularidades/Responses/TitularResumoResponse.cs obj/Debug/net8.0/Cadastro.Application.GlobalUsings.g.cs "obj/Debug/net8.0/.NETCoreApp,Version=v8.0.AssemblyAttributes.cs" obj/Debug/net8.0/Cadastro.Application.AssemblyInfo.cs /warnaserror+:NU1605,SYSLIB0011'
         Assembly loaded during TaskRun (Microsoft.CodeAnalysis.BuildTasks.Csc): System.IO.Pipes, Version=10.0.0.0, Culture=neutral, PublicKeyToken=b03f5f7f11d50a3a (location: /usr/lib/dotnet/shared/Microsoft.NETCore.App/10.0.4/System.IO.Pipes.dll, MVID: 51d96522-2e0b-4e46-9d97-da8922a5607e, AssemblyLoadContext: Default)
         Attempt to open named pipe 'TjRWPsA7xcj+3yIc7G1C1K+yS7G0bp1seucY6tD3n44'
         Attempt to connect named pipe 'TjRWPsA7xcj+3yIc7G1C1K+yS7G0bp1seucY6tD3n44'
         Assembly loaded during TaskRun (Microsoft.CodeAnalysis.BuildTasks.Csc): System.Net.Sockets, Version=10.0.0.0, Culture=neutral, PublicKeyToken=b03f5f7f11d50a3a (location: /usr/lib/dotnet/shared/Microsoft.NETCore.App/10.0.4/System.Net.Sockets.dll, MVID: 8ac7da68-ce8f-46d3-aa38-2d16ddcd6e78, AssemblyLoadContext: Default)
         Assembly loaded during TaskRun (Microsoft.CodeAnalysis.BuildTasks.Csc): System.Diagnostics.DiagnosticSource, Version=10.0.0.0, Culture=neutral, PublicKeyToken=cc7b13ffcd2ddd51 (location: /usr/lib/dotnet/shared/Microsoft.NETCore.App/10.0.4/System.Diagnostics.DiagnosticSource.dll, MVID: ea2ac488-349b-4090-b0e1-0be05f217efe, AssemblyLoadContext: Default)
         Named pipe 'TjRWPsA7xcj+3yIc7G1C1K+yS7G0bp1seucY6tD3n44' connected
         Begin writing request for Cadastro.Application (net8.0)
         End writing request for Cadastro.Application (net8.0)
         Begin reading response for Cadastro.Application (net8.0)
         End reading response for Cadastro.Application (net8.0)
         Microsoft (R) Visual C# Compiler version 5.0.0-2.26119.110 (80d3e14f)
         Copyright (C) Microsoft Corporation. All rights reserved.
   1:7>/home/tsgomes/mcad/services/cadastro-api/2-Application/Cadastro.Application/Status/Commands/LiberarObraCommand.cs(65,13): error CS1503: Argument 2: cannot convert from 'string' to 'long' [/home/tsgomes/mcad/services/cadastro-api/2-Application/Cadastro.Application/Cadastro.Application.csproj]
   1:7>/home/tsgomes/mcad/services/cadastro-api/2-Application/Cadastro.Application/Status/Commands/LiberarObraCommand.cs(71,13): error CS1503: Argument 8: cannot convert from 'bool' to 'string' [/home/tsgomes/mcad/services/cadastro-api/2-Application/Cadastro.Application/Cadastro.Application.csproj]
   1:7>/home/tsgomes/mcad/services/cadastro-api/2-Application/Cadastro.Application/Status/Commands/LiberarObraCommand.cs(72,13): error CS1503: Argument 9: cannot convert from 'System.Guid?' to 'bool' [/home/tsgomes/mcad/services/cadastro-api/2-Application/Cadastro.Application/Cadastro.Application.csproj]
   1:7>/home/tsgomes/mcad/services/cadastro-api/2-Application/Cadastro.Application/Status/Commands/LiberarObraCommand.cs(73,13): error CS1503: Argument 10: cannot convert from 'System.DateTime' to 'System.Guid?' [/home/tsgomes/mcad/services/cadastro-api/2-Application/Cadastro.Application/Cadastro.Application.csproj]
   1:7>/home/tsgomes/mcad/services/cadastro-api/2-Application/Cadastro.Application/Status/Commands/LiberarObraCommand.cs(75,13): error CS1503: Argument 12: cannot convert from 'string' to 'System.DateTime' [/home/tsgomes/mcad/services/cadastro-api/2-Application/Cadastro.Application/Cadastro.Application.csproj]
   1:7>/home/tsgomes/mcad/services/cadastro-api/2-Application/Cadastro.Application/Fonogramas/Commands/AtualizarFonogramaCommand.cs(81,17): error CS7036: There is no argument given that corresponds to the required parameter 'Status' of 'ObraResumoResponse.ObraResumoResponse(Guid, long, string, string)' [/home/tsgomes/mcad/services/cadastro-api/2-Application/Cadastro.Application/Cadastro.Application.csproj]
   1:7>/home/tsgomes/mcad/services/cadastro-api/2-Application/Cadastro.Application/Fonogramas/Commands/AtualizarFonogramaCommand.cs(77,20): error CS7036: There is no argument given that corresponds to the required parameter 'AtualizadoEm' of 'FonogramaResponse.FonogramaResponse(Guid, long, string, string, ObraResumoResponse, string, DateOnly?, DateOnly?, string, Guid?, DateTime, DateTime, string?, string?)' [/home/tsgomes/mcad/services/cadastro-api/2-Application/Cadastro.Application/Cadastro.Application.csproj]
   1:7>/home/tsgomes/mcad/services/cadastro-api/2-Application/Cadastro.Application/Fonogramas/Commands/CriarFonogramaCommand.cs(85,17): error CS7036: There is no argument given that corresponds to the required parameter 'Status' of 'ObraResumoResponse.ObraResumoResponse(Guid, long, string, string)' [/home/tsgomes/mcad/services/cadastro-api/2-Application/Cadastro.Application/Cadastro.Application.csproj]
   1:7>/home/tsgomes/mcad/services/cadastro-api/2-Application/Cadastro.Application/Fonogramas/Commands/CriarFonogramaCommand.cs(81,20): error CS7036: There is no argument given that corresponds to the required parameter 'AtualizadoEm' of 'FonogramaResponse.FonogramaResponse(Guid, long, string, string, ObraResumoResponse, string, DateOnly?, DateOnly?, string, Guid?, DateTime, DateTime, string?, string?)' [/home/tsgomes/mcad/services/cadastro-api/2-Application/Cadastro.Application/Cadastro.Application.csproj]
   1:7>/home/tsgomes/mcad/services/cadastro-api/2-Application/Cadastro.Application/Fonogramas/Commands/DepurarFonogramaCommand.cs(96,17): error CS7036: There is no argument given that corresponds to the required parameter 'Status' of 'ObraResumoResponse.ObraResumoResponse(Guid, long, string, string)' [/home/tsgomes/mcad/services/cadastro-api/2-Application/Cadastro.Application/Cadastro.Application.csproj]
   1:7>/home/tsgomes/mcad/services/cadastro-api/2-Application/Cadastro.Application/Fonogramas/Commands/DepurarFonogramaCommand.cs(92,32): error CS7036: There is no argument given that corresponds to the required parameter 'AtualizadoEm' of 'FonogramaResponse.FonogramaResponse(Guid, long, string, string, ObraResumoResponse, string, DateOnly?, DateOnly?, string, Guid?, DateTime, DateTime, string?, string?)' [/home/tsgomes/mcad/services/cadastro-api/2-Application/Cadastro.Application/Cadastro.Application.csproj]
   1:7>/home/tsgomes/mcad/services/cadastro-api/2-Application/Cadastro.Application/Fonogramas/Commands/DepurarFonogramaCommand.cs(110,17): error CS7036: There is no argument given that corresponds to the required parameter 'Status' of 'ObraResumoResponse.ObraResumoResponse(Guid, long, string, string)' [/home/tsgomes/mcad/services/cadastro-api/2-Application/Cadastro.Application/Cadastro.Application.csproj]
   1:7>/home/tsgomes/mcad/services/cadastro-api/2-Application/Cadastro.Application/Fonogramas/Commands/DepurarFonogramaCommand.cs(106,28): error CS7036: There is no argument given that corresponds to the required parameter 'AtualizadoEm' of 'FonogramaResponse.FonogramaResponse(Guid, long, string, string, ObraResumoResponse, string, DateOnly?, DateOnly?, string, Guid?, DateTime, DateTime, string?, string?)' [/home/tsgomes/mcad/services/cadastro-api/2-Application/Cadastro.Application/Cadastro.Application.csproj]
   1:7>/home/tsgomes/mcad/services/cadastro-api/2-Application/Cadastro.Application/Fonogramas/Queries/ListarFonogramasQuery.cs(35,13): error CS1503: Argument 4: cannot convert from 'string' to 'long?' [/home/tsgomes/mcad/services/cadastro-api/2-Application/Cadastro.Application/Cadastro.Application.csproj]
   1:7>/home/tsgomes/mcad/services/cadastro-api/2-Application/Cadastro.Application/Fonogramas/Queries/ListarFonogramasQuery.cs(36,13): error CS1503: Argument 5: cannot convert from 'System.Guid?' to 'string?' [/home/tsgomes/mcad/services/cadastro-api/2-Application/Cadastro.Application/Cadastro.Application.csproj]
   1:7>/home/tsgomes/mcad/services/cadastro-api/2-Application/Cadastro.Application/Fonogramas/Queries/ListarFonogramasQuery.cs(37,13): error CS1503: Argument 6: cannot convert from 'string' to 'System.Guid?' [/home/tsgomes/mcad/services/cadastro-api/2-Application/Cadastro.Application/Cadastro.Application.csproj]
   1:7>/home/tsgomes/mcad/services/cadastro-api/2-Application/Cadastro.Application/Fonogramas/Queries/ListarFonogramasQuery.cs(38,13): error CS1503: Argument 7: cannot convert from 'Cadastro.Domain.Enums.StatusFonograma?' to 'string?' [/home/tsgomes/mcad/services/cadastro-api/2-Application/Cadastro.Application/Cadastro.Application.csproj]
   1:7>/home/tsgomes/mcad/services/cadastro-api/2-Application/Cadastro.Application/Fonogramas/Queries/ListarFonogramasQuery.cs(39,13): error CS1503: Argument 8: cannot convert from 'string' to 'Cadastro.Domain.Enums.StatusFonograma?' [/home/tsgomes/mcad/services/cadastro-api/2-Application/Cadastro.Application/Cadastro.Application.csproj]
   1:7>/home/tsgomes/mcad/services/cadastro-api/2-Application/Cadastro.Application/Status/Commands/BloquearFonogramaCommand.cs(72,17): error CS7036: There is no argument given that corresponds to the required parameter 'Status' of 'ObraResumoResponse.ObraResumoResponse(Guid, long, string, string)' [/home/tsgomes/mcad/services/cadastro-api/2-Application/Cadastro.Application/Cadastro.Application.csproj]
   1:7>/home/tsgomes/mcad/services/cadastro-api/2-Application/Cadastro.Application/Status/Commands/BloquearFonogramaCommand.cs(70,13): error CS1503: Argument 2: cannot convert from 'string' to 'long' [/home/tsgomes/mcad/services/cadastro-api/2-Application/Cadastro.Application/Cadastro.Application.csproj]
   1:7>/home/tsgomes/mcad/services/cadastro-api/2-Application/Cadastro.Application/Status/Commands/BloquearFonogramaCommand.cs(73,13): error CS1503: Argument 5: cannot convert from 'string' to 'Cadastro.Application.Fonogramas.Responses.ObraResumoResponse' [/home/tsgomes/mcad/services/cadastro-api/2-Application/Cadastro.Application/Cadastro.Application.csproj]
   1:7>/home/tsgomes/mcad/services/cadastro-api/2-Application/Cadastro.Application/Status/Commands/BloquearFonogramaCommand.cs(74,13): error CS1503: Argument 6: cannot convert from 'System.DateOnly?' to 'string' [/home/tsgomes/mcad/services/cadastro-api/2-Application/Cadastro.Application/Cadastro.Application.csproj]
   1:7>/home/tsgomes/mcad/services/cadastro-api/2-Application/Cadastro.Application/Status/Commands/BloquearFonogramaCommand.cs(76,13): error CS1503: Argument 8: cannot convert from 'string' to 'System.DateOnly?' [/home/tsgomes/mcad/services/cadastro-api/2-Application/Cadastro.Application/Cadastro.Application.csproj]
   1:7>/home/tsgomes/mcad/services/cadastro-api/2-Application/Cadastro.Application/Status/Commands/BloquearFonogramaCommand.cs(77,13): error CS1503: Argument 9: cannot convert from 'System.Guid?' to 'string' [/home/tsgomes/mcad/services/cadastro-api/2-Application/Cadastro.Application/Cadastro.Application.csproj]
   1:7>/home/tsgomes/mcad/services/cadastro-api/2-Application/Cadastro.Application/Status/Commands/BloquearFonogramaCommand.cs(78,13): error CS1503: Argument 10: cannot convert from 'System.DateTime' to 'System.Guid?' [/home/tsgomes/mcad/services/cadastro-api/2-Application/Cadastro.Application/Cadastro.Application.csproj]
   1:7>/home/tsgomes/mcad/services/cadastro-api/2-Application/Cadastro.Application/Status/Commands/BloquearFonogramaCommand.cs(80,13): error CS1503: Argument 12: cannot convert from 'string' to 'System.DateTime' [/home/tsgomes/mcad/services/cadastro-api/2-Application/Cadastro.Application/Cadastro.Application.csproj]
   1:7>/home/tsgomes/mcad/services/cadastro-api/2-Application/Cadastro.Application/Status/Commands/LiberarFonogramaCommand.cs(72,17): error CS7036: There is no argument given that corresponds to the required parameter 'Status' of 'ObraResumoResponse.ObraResumoResponse(Guid, long, string, string)' [/home/tsgomes/mcad/services/cadastro-api/2-Application/Cadastro.Application/Cadastro.Application.csproj]
   1:7>/home/tsgomes/mcad/services/cadastro-api/2-Application/Cadastro.Application/Status/Commands/LiberarFonogramaCommand.cs(70,13): error CS1503: Argument 2: cannot convert from 'string' to 'long' [/home/tsgomes/mcad/services/cadastro-api/2-Application/Cadastro.Application/Cadastro.Application.csproj]
   1:7>/home/tsgomes/mcad/services/cadastro-api/2-Application/Cadastro.Application/Status/Commands/LiberarFonogramaCommand.cs(73,13): error CS1503: Argument 5: cannot convert from 'string' to 'Cadastro.Application.Fonogramas.Responses.ObraResumoResponse' [/home/tsgomes/mcad/services/cadastro-api/2-Application/Cadastro.Application/Cadastro.Application.csproj]
   1:7>/home/tsgomes/mcad/services/cadastro-api/2-Application/Cadastro.Application/Status/Commands/LiberarFonogramaCommand.cs(74,13): error CS1503: Argument 6: cannot convert from 'System.DateOnly?' to 'string' [/home/tsgomes/mcad/services/cadastro-api/2-Application/Cadastro.Application/Cadastro.Application.csproj]
   1:7>/home/tsgomes/mcad/services/cadastro-api/2-Application/Cadastro.Application/Status/Commands/LiberarFonogramaCommand.cs(76,13): error CS1503: Argument 8: cannot convert from 'string' to 'System.DateOnly?' [/home/tsgomes/mcad/services/cadastro-api/2-Application/Cadastro.Application/Cadastro.Application.csproj]
   1:7>/home/tsgomes/mcad/services/cadastro-api/2-Application/Cadastro.Application/Status/Commands/LiberarFonogramaCommand.cs(77,13): error CS1503: Argument 9: cannot convert from 'System.Guid?' to 'string' [/home/tsgomes/mcad/services/cadastro-api/2-Application/Cadastro.Application/Cadastro.Application.csproj]
   1:7>/home/tsgomes/mcad/services/cadastro-api/2-Application/Cadastro.Application/Status/Commands/LiberarFonogramaCommand.cs(78,13): error CS1503: Argument 10: cannot convert from 'System.DateTime' to 'System.Guid?' [/home/tsgomes/mcad/services/cadastro-api/2-Application/Cadastro.Application/Cadastro.Application.csproj]
   1:7>/home/tsgomes/mcad/services/cadastro-api/2-Application/Cadastro.Application/Status/Commands/LiberarFonogramaCommand.cs(80,13): error CS1503: Argument 12: cannot convert from 'string' to 'System.DateTime' [/home/tsgomes/mcad/services/cadastro-api/2-Application/Cadastro.Application/Cadastro.Application.csproj]
   1:7>/home/tsgomes/mcad/services/cadastro-api/2-Application/Cadastro.Application/Status/Commands/DesbloquearObraCommand.cs(37,13): error CS1503: Argument 2: cannot convert from 'string' to 'long' [/home/tsgomes/mcad/services/cadastro-api/2-Application/Cadastro.Application/Cadastro.Application.csproj]
   1:7>/home/tsgomes/mcad/services/cadastro-api/2-Application/Cadastro.Application/Status/Commands/DesbloquearObraCommand.cs(43,13): error CS1503: Argument 8: cannot convert from 'bool' to 'string' [/home/tsgomes/mcad/services/cadastro-api/2-Application/Cadastro.Application/Cadastro.Application.csproj]
   1:7>/home/tsgomes/mcad/services/cadastro-api/2-Application/Cadastro.Application/Status/Commands/DesbloquearObraCommand.cs(44,13): error CS1503: Argument 9: cannot convert from 'System.Guid?' to 'bool' [/home/tsgomes/mcad/services/cadastro-api/2-Application/Cadastro.Application/Cadastro.Application.csproj]
   1:7>/home/tsgomes/mcad/services/cadastro-api/2-Application/Cadastro.Application/Status/Commands/DesbloquearObraCommand.cs(45,13): error CS1503: Argument 10: cannot convert from 'System.DateTime' to 'System.Guid?' [/home/tsgomes/mcad/services/cadastro-api/2-Application/Cadastro.Application/Cadastro.Application.csproj]
   1:7>/home/tsgomes/mcad/services/cadastro-api/2-Application/Cadastro.Application/Status/Commands/DesbloquearObraCommand.cs(47,13): error CS1503: Argument 12: cannot convert from 'string' to 'System.DateTime' [/home/tsgomes/mcad/services/cadastro-api/2-Application/Cadastro.Application/Cadastro.Application.csproj]
   1:7>/home/tsgomes/mcad/services/cadastro-api/2-Application/Cadastro.Application/Status/Commands/DefinirUrlAudioCommand.cs(51,17): error CS7036: There is no argument given that corresponds to the required parameter 'Status' of 'ObraResumoResponse.ObraResumoResponse(Guid, long, string, string)' [/home/tsgomes/mcad/services/cadastro-api/2-Application/Cadastro.Application/Cadastro.Application.csproj]
   1:7>/home/tsgomes/mcad/services/cadastro-api/2-Application/Cadastro.Application/Status/Commands/DefinirUrlAudioCommand.cs(49,13): error CS1503: Argument 2: cannot convert from 'string' to 'long' [/home/tsgomes/mcad/services/cadastro-api/2-Application/Cadastro.Application/Cadastro.Application.csproj]
   1:7>/home/tsgomes/mcad/services/cadastro-api/2-Application/Cadastro.Application/Status/Commands/DefinirUrlAudioCommand.cs(52,13): error CS1503: Argument 5: cannot convert from 'string' to 'Cadastro.Application.Fonogramas.Responses.ObraResumoResponse' [/home/tsgomes/mcad/services/cadastro-api/2-Application/Cadastro.Application/Cadastro.Application.csproj]
   1:7>/home/tsgomes/mcad/services/cadastro-api/2-Application/Cadastro.Application/Status/Commands/DefinirUrlAudioCommand.cs(53,13): error CS1503: Argument 6: cannot convert from 'System.DateOnly?' to 'string' [/home/tsgomes/mcad/services/cadastro-api/2-Application/Cadastro.Application/Cadastro.Application.csproj]
   1:7>/home/tsgomes/mcad/services/cadastro-api/2-Application/Cadastro.Application/Status/Commands/DefinirUrlAudioCommand.cs(55,13): error CS1503: Argument 8: cannot convert from 'string' to 'System.DateOnly?' [/home/tsgomes/mcad/services/cadastro-api/2-Application/Cadastro.Application/Cadastro.Application.csproj]
   1:7>/home/tsgomes/mcad/services/cadastro-api/2-Application/Cadastro.Application/Status/Commands/DefinirUrlAudioCommand.cs(56,13): error CS1503: Argument 9: cannot convert from 'System.Guid?' to 'string' [/home/tsgomes/mcad/services/cadastro-api/2-Application/Cadastro.Application/Cadastro.Application.csproj]
   1:7>/home/tsgomes/mcad/services/cadastro-api/2-Application/Cadastro.Application/Status/Commands/DefinirUrlAudioCommand.cs(57,13): error CS1503: Argument 10: cannot convert from 'System.DateTime' to 'System.Guid?' [/home/tsgomes/mcad/services/cadastro-api/2-Application/Cadastro.Application/Cadastro.Application.csproj]
   1:7>/home/tsgomes/mcad/services/cadastro-api/2-Application/Cadastro.Application/Status/Commands/DefinirUrlAudioCommand.cs(59,13): error CS1503: Argument 12: cannot convert from 'string' to 'System.DateTime' [/home/tsgomes/mcad/services/cadastro-api/2-Application/Cadastro.Application/Cadastro.Application.csproj]
   1:7>/home/tsgomes/mcad/services/cadastro-api/2-Application/Cadastro.Application/Status/Commands/DesbloquearFonogramaCommand.cs(45,17): error CS7036: There is no argument given that corresponds to the required parameter 'Status' of 'ObraResumoResponse.ObraResumoResponse(Guid, long, string, string)' [/home/tsgomes/mcad/services/cadastro-api/2-Application/Cadastro.Application/Cadastro.Application.csproj]
   1:7>/home/tsgomes/mcad/services/cadastro-api/2-Application/Cadastro.Application/Status/Commands/DesbloquearFonogramaCommand.cs(43,13): error CS1503: Argument 2: cannot convert from 'string' to 'long' [/home/tsgomes/mcad/services/cadastro-api/2-Application/Cadastro.Application/Cadastro.Application.csproj]
   1:7>/home/tsgomes/mcad/services/cadastro-api/2-Application/Cadastro.Application/Status/Commands/DesbloquearFonogramaCommand.cs(46,13): error CS1503: Argument 5: cannot convert from 'string' to 'Cadastro.Application.Fonogramas.Responses.ObraResumoResponse' [/home/tsgomes/mcad/services/cadastro-api/2-Application/Cadastro.Application/Cadastro.Application.csproj]
   1:7>/home/tsgomes/mcad/services/cadastro-api/2-Application/Cadastro.Application/Status/Commands/DesbloquearFonogramaCommand.cs(47,13): error CS1503: Argument 6: cannot convert from 'System.DateOnly?' to 'string' [/home/tsgomes/mcad/services/cadastro-api/2-Application/Cadastro.Application/Cadastro.Application.csproj]
   1:7>/home/tsgomes/mcad/services/cadastro-api/2-Application/Cadastro.Application/Status/Commands/DesbloquearFonogramaCommand.cs(49,13): error CS1503: Argument 8: cannot convert from 'string' to 'System.DateOnly?' [/home/tsgomes/mcad/services/cadastro-api/2-Application/Cadastro.Application/Cadastro.Application.csproj]
   1:7>/home/tsgomes/mcad/services/cadastro-api/2-Application/Cadastro.Application/Status/Commands/DesbloquearFonogramaCommand.cs(50,13): error CS1503: Argument 9: cannot convert from 'System.Guid?' to 'string' [/home/tsgomes/mcad/services/cadastro-api/2-Application/Cadastro.Application/Cadastro.Application.csproj]
   1:7>/home/tsgomes/mcad/services/cadastro-api/2-Application/Cadastro.Application/Status/Commands/DesbloquearFonogramaCommand.cs(51,13): error CS1503: Argument 10: cannot convert from 'System.DateTime' to 'System.Guid?' [/home/tsgomes/mcad/services/cadastro-api/2-Application/Cadastro.Application/Cadastro.Application.csproj]
   1:7>/home/tsgomes/mcad/services/cadastro-api/2-Application/Cadastro.Application/Status/Commands/DesbloquearFonogramaCommand.cs(53,13): error CS1503: Argument 12: cannot convert from 'string' to 'System.DateTime' [/home/tsgomes/mcad/services/cadastro-api/2-Application/Cadastro.Application/Cadastro.Application.csproj]
   1:7>/home/tsgomes/mcad/services/cadastro-api/2-Application/Cadastro.Application/Status/Commands/BloquearObraCommand.cs(64,13): error CS1503: Argument 2: cannot convert from 'string' to 'long' [/home/tsgomes/mcad/services/cadastro-api/2-Application/Cadastro.Application/Cadastro.Application.csproj]
   1:7>/home/tsgomes/mcad/services/cadastro-api/2-Application/Cadastro.Application/Status/Commands/BloquearObraCommand.cs(70,13): error CS1503: Argument 8: cannot convert from 'bool' to 'string' [/home/tsgomes/mcad/services/cadastro-api/2-Application/Cadastro.Application/Cadastro.Application.csproj]
   1:7>/home/tsgomes/mcad/services/cadastro-api/2-Application/Cadastro.Application/Status/Commands/BloquearObraCommand.cs(71,13): error CS1503: Argument 9: cannot convert from 'System.Guid?' to 'bool' [/home/tsgomes/mcad/services/cadastro-api/2-Application/Cadastro.Application/Cadastro.Application.csproj]
   1:7>/home/tsgomes/mcad/services/cadastro-api/2-Application/Cadastro.Application/Status/Commands/BloquearObraCommand.cs(72,13): error CS1503: Argument 10: cannot convert from 'System.DateTime' to 'System.Guid?' [/home/tsgomes/mcad/services/cadastro-api/2-Application/Cadastro.Application/Cadastro.Application.csproj]
   1:7>/home/tsgomes/mcad/services/cadastro-api/2-Application/Cadastro.Application/Status/Commands/BloquearObraCommand.cs(74,13): error CS1503: Argument 12: cannot convert from 'string' to 'System.DateTime' [/home/tsgomes/mcad/services/cadastro-api/2-Application/Cadastro.Application/Cadastro.Application.csproj]
         CompilerServer: server - server processed compilation - Cadastro.Application (net8.0)
       Done executing task "Csc" -- FAILED.
   1:7>Done building target "CoreCompile" in project "Cadastro.Application.csproj" -- FAILED.
   1:7>Target "_CheckForCompileOutputs" in file "/usr/lib/dotnet/sdk/10.0.104/Microsoft.Common.CurrentVersion.targets" from project "/home/tsgomes/mcad/services/cadastro-api/2-Application/Cadastro.Application/Cadastro.Application.csproj" (target "_CleanGetCurrentAndPriorFileWrites" depends on it):
   1:7>Done building target "_CheckForCompileOutputs" in project "Cadastro.Application.csproj".
   1:7>Target "_CleanGetCurrentAndPriorFileWrites" in file "/usr/lib/dotnet/sdk/10.0.104/Microsoft.Common.CurrentVersion.targets" from project "/home/tsgomes/mcad/services/cadastro-api/2-Application/Cadastro.Application/Cadastro.Application.csproj" (target "_CleanRecordFileWrites" depends on it):
       Task "ReadLinesFromFile"
       Done executing task "ReadLinesFromFile".
       Task "ConvertToAbsolutePath"
       Done executing task "ConvertToAbsolutePath".
       Task "FindUnderPath"
         Comparison path is "/home/tsgomes/mcad/services/cadastro-api/2-Application/Cadastro.Application".
       Done executing task "FindUnderPath".
       Task "FindUnderPath"
         Comparison path is "bin/Debug/net8.0/".
       Done executing task "FindUnderPath".
       Task "FindUnderPath"
         Comparison path is "obj/Debug/net8.0/".
       Done executing task "FindUnderPath".
       Task "RemoveDuplicates"
       Done executing task "RemoveDuplicates".
   1:7>Done building target "_CleanGetCurrentAndPriorFileWrites" in project "Cadastro.Application.csproj".
   1:7>Target "_CleanRecordFileWrites" in file "/usr/lib/dotnet/sdk/10.0.104/Microsoft.Common.CurrentVersion.targets" from project "/home/tsgomes/mcad/services/cadastro-api/2-Application/Cadastro.Application/Cadastro.Application.csproj" (target "CoreBuild" depends on it):
       Task "RemoveDuplicates"
       Done executing task "RemoveDuplicates".
       Task "MakeDir"
       Done executing task "MakeDir".
       Task "WriteLinesToFile"
         Skipping write to file "obj/Debug/net8.0/Cadastro.Application.csproj.FileListAbsolute.txt" because content would not change.
       Done executing task "WriteLinesToFile".
   1:7>Done building target "_CleanRecordFileWrites" in project "Cadastro.Application.csproj".
   1:7>Done Building Project "/home/tsgomes/mcad/services/cadastro-api/2-Application/Cadastro.Application/Cadastro.Application.csproj" (default targets) -- FAILED.

Build FAILED.

       "/home/tsgomes/mcad/services/cadastro-api/2-Application/Cadastro.Application/Cadastro.Application.csproj" (default target) (1:7) ->
       (CoreCompile target) -> 
         /home/tsgomes/mcad/services/cadastro-api/2-Application/Cadastro.Application/Status/Commands/LiberarObraCommand.cs(65,13): error CS1503: Argument 2: cannot convert from 'string' to 'long' [/home/tsgomes/mcad/services/cadastro-api/2-Application/Cadastro.Application/Cadastro.Application.csproj]
         /home/tsgomes/mcad/services/cadastro-api/2-Application/Cadastro.Application/Status/Commands/LiberarObraCommand.cs(71,13): error CS1503: Argument 8: cannot convert from 'bool' to 'string' [/home/tsgomes/mcad/services/cadastro-api/2-Application/Cadastro.Application/Cadastro.Application.csproj]
         /home/tsgomes/mcad/services/cadastro-api/2-Application/Cadastro.Application/Status/Commands/LiberarObraCommand.cs(72,13): error CS1503: Argument 9: cannot convert from 'System.Guid?' to 'bool' [/home/tsgomes/mcad/services/cadastro-api/2-Application/Cadastro.Application/Cadastro.Application.csproj]
         /home/tsgomes/mcad/services/cadastro-api/2-Application/Cadastro.Application/Status/Commands/LiberarObraCommand.cs(73,13): error CS1503: Argument 10: cannot convert from 'System.DateTime' to 'System.Guid?' [/home/tsgomes/mcad/services/cadastro-api/2-Application/Cadastro.Application/Cadastro.Application.csproj]
         /home/tsgomes/mcad/services/cadastro-api/2-Application/Cadastro.Application/Status/Commands/LiberarObraCommand.cs(75,13): error CS1503: Argument 12: cannot convert from 'string' to 'System.DateTime' [/home/tsgomes/mcad/services/cadastro-api/2-Application/Cadastro.Application/Cadastro.Application.csproj]
         /home/tsgomes/mcad/services/cadastro-api/2-Application/Cadastro.Application/Fonogramas/Commands/AtualizarFonogramaCommand.cs(81,17): error CS7036: There is no argument given that corresponds to the required parameter 'Status' of 'ObraResumoResponse.ObraResumoResponse(Guid, long, string, string)' [/home/tsgomes/mcad/services/cadastro-api/2-Application/Cadastro.Application/Cadastro.Application.csproj]
         /home/tsgomes/mcad/services/cadastro-api/2-Application/Cadastro.Application/Fonogramas/Commands/AtualizarFonogramaCommand.cs(77,20): error CS7036: There is no argument given that corresponds to the required parameter 'AtualizadoEm' of 'FonogramaResponse.FonogramaResponse(Guid, long, string, string, ObraResumoResponse, string, DateOnly?, DateOnly?, string, Guid?, DateTime, DateTime, string?, string?)' [/home/tsgomes/mcad/services/cadastro-api/2-Application/Cadastro.Application/Cadastro.Application.csproj]
         /home/tsgomes/mcad/services/cadastro-api/2-Application/Cadastro.Application/Fonogramas/Commands/CriarFonogramaCommand.cs(85,17): error CS7036: There is no argument given that corresponds to the required parameter 'Status' of 'ObraResumoResponse.ObraResumoResponse(Guid, long, string, string)' [/home/tsgomes/mcad/services/cadastro-api/2-Application/Cadastro.Application/Cadastro.Application.csproj]
         /home/tsgomes/mcad/services/cadastro-api/2-Application/Cadastro.Application/Fonogramas/Commands/CriarFonogramaCommand.cs(81,20): error CS7036: There is no argument given that corresponds to the required parameter 'AtualizadoEm' of 'FonogramaResponse.FonogramaResponse(Guid, long, string, string, ObraResumoResponse, string, DateOnly?, DateOnly?, string, Guid?, DateTime, DateTime, string?, string?)' [/home/tsgomes/mcad/services/cadastro-api/2-Application/Cadastro.Application/Cadastro.Application.csproj]
         /home/tsgomes/mcad/services/cadastro-api/2-Application/Cadastro.Application/Fonogramas/Commands/DepurarFonogramaCommand.cs(96,17): error CS7036: There is no argument given that corresponds to the required parameter 'Status' of 'ObraResumoResponse.ObraResumoResponse(Guid, long, string, string)' [/home/tsgomes/mcad/services/cadastro-api/2-Application/Cadastro.Application/Cadastro.Application.csproj]
         /home/tsgomes/mcad/services/cadastro-api/2-Application/Cadastro.Application/Fonogramas/Commands/DepurarFonogramaCommand.cs(92,32): error CS7036: There is no argument given that corresponds to the required parameter 'AtualizadoEm' of 'FonogramaResponse.FonogramaResponse(Guid, long, string, string, ObraResumoResponse, string, DateOnly?, DateOnly?, string, Guid?, DateTime, DateTime, string?, string?)' [/home/tsgomes/mcad/services/cadastro-api/2-Application/Cadastro.Application/Cadastro.Application.csproj]
         /home/tsgomes/mcad/services/cadastro-api/2-Application/Cadastro.Application/Fonogramas/Commands/DepurarFonogramaCommand.cs(110,17): error CS7036: There is no argument given that corresponds to the required parameter 'Status' of 'ObraResumoResponse.ObraResumoResponse(Guid, long, string, string)' [/home/tsgomes/mcad/services/cadastro-api/2-Application/Cadastro.Application/Cadastro.Application.csproj]
         /home/tsgomes/mcad/services/cadastro-api/2-Application/Cadastro.Application/Fonogramas/Commands/DepurarFonogramaCommand.cs(106,28): error CS7036: There is no argument given that corresponds to the required parameter 'AtualizadoEm' of 'FonogramaResponse.FonogramaResponse(Guid, long, string, string, ObraResumoResponse, string, DateOnly?, DateOnly?, string, Guid?, DateTime, DateTime, string?, string?)' [/home/tsgomes/mcad/services/cadastro-api/2-Application/Cadastro.Application/Cadastro.Application.csproj]
         /home/tsgomes/mcad/services/cadastro-api/2-Application/Cadastro.Application/Fonogramas/Queries/ListarFonogramasQuery.cs(35,13): error CS1503: Argument 4: cannot convert from 'string' to 'long?' [/home/tsgomes/mcad/services/cadastro-api/2-Application/Cadastro.Application/Cadastro.Application.csproj]
         /home/tsgomes/mcad/services/cadastro-api/2-Application/Cadastro.Application/Fonogramas/Queries/ListarFonogramasQuery.cs(36,13): error CS1503: Argument 5: cannot convert from 'System.Guid?' to 'string?' [/home/tsgomes/mcad/services/cadastro-api/2-Application/Cadastro.Application/Cadastro.Application.csproj]
         /home/tsgomes/mcad/services/cadastro-api/2-Application/Cadastro.Application/Fonogramas/Queries/ListarFonogramasQuery.cs(37,13): error CS1503: Argument 6: cannot convert from 'string' to 'System.Guid?' [/home/tsgomes/mcad/services/cadastro-api/2-Application/Cadastro.Application/Cadastro.Application.csproj]
         /home/tsgomes/mcad/services/cadastro-api/2-Application/Cadastro.Application/Fonogramas/Queries/ListarFonogramasQuery.cs(38,13): error CS1503: Argument 7: cannot convert from 'Cadastro.Domain.Enums.StatusFonograma?' to 'string?' [/home/tsgomes/mcad/services/cadastro-api/2-Application/Cadastro.Application/Cadastro.Application.csproj]
         /home/tsgomes/mcad/services/cadastro-api/2-Application/Cadastro.Application/Fonogramas/Queries/ListarFonogramasQuery.cs(39,13): error CS1503: Argument 8: cannot convert from 'string' to 'Cadastro.Domain.Enums.StatusFonograma?' [/home/tsgomes/mcad/services/cadastro-api/2-Application/Cadastro.Application/Cadastro.Application.csproj]
         /home/tsgomes/mcad/services/cadastro-api/2-Application/Cadastro.Application/Status/Commands/BloquearFonogramaCommand.cs(72,17): error CS7036: There is no argument given that corresponds to the required parameter 'Status' of 'ObraResumoResponse.ObraResumoResponse(Guid, long, string, string)' [/home/tsgomes/mcad/services/cadastro-api/2-Application/Cadastro.Application/Cadastro.Application.csproj]
         /home/tsgomes/mcad/services/cadastro-api/2-Application/Cadastro.Application/Status/Commands/BloquearFonogramaCommand.cs(70,13): error CS1503: Argument 2: cannot convert from 'string' to 'long' [/home/tsgomes/mcad/services/cadastro-api/2-Application/Cadastro.Application/Cadastro.Application.csproj]
         /home/tsgomes/mcad/services/cadastro-api/2-Application/Cadastro.Application/Status/Commands/BloquearFonogramaCommand.cs(73,13): error CS1503: Argument 5: cannot convert from 'string' to 'Cadastro.Application.Fonogramas.Responses.ObraResumoResponse' [/home/tsgomes/mcad/services/cadastro-api/2-Application/Cadastro.Application/Cadastro.Application.csproj]
         /home/tsgomes/mcad/services/cadastro-api/2-Application/Cadastro.Application/Status/Commands/BloquearFonogramaCommand.cs(74,13): error CS1503: Argument 6: cannot convert from 'System.DateOnly?' to 'string' [/home/tsgomes/mcad/services/cadastro-api/2-Application/Cadastro.Application/Cadastro.Application.csproj]
         /home/tsgomes/mcad/services/cadastro-api/2-Application/Cadastro.Application/Status/Commands/BloquearFonogramaCommand.cs(76,13): error CS1503: Argument 8: cannot convert from 'string' to 'System.DateOnly?' [/home/tsgomes/mcad/services/cadastro-api/2-Application/Cadastro.Application/Cadastro.Application.csproj]
         /home/tsgomes/mcad/services/cadastro-api/2-Application/Cadastro.Application/Status/Commands/BloquearFonogramaCommand.cs(77,13): error CS1503: Argument 9: cannot convert from 'System.Guid?' to 'string' [/home/tsgomes/mcad/services/cadastro-api/2-Application/Cadastro.Application/Cadastro.Application.csproj]
         /home/tsgomes/mcad/services/cadastro-api/2-Application/Cadastro.Application/Status/Commands/BloquearFonogramaCommand.cs(78,13): error CS1503: Argument 10: cannot convert from 'System.DateTime' to 'System.Guid?' [/home/tsgomes/mcad/services/cadastro-api/2-Application/Cadastro.Application/Cadastro.Application.csproj]
         /home/tsgomes/mcad/services/cadastro-api/2-Application/Cadastro.Application/Status/Commands/BloquearFonogramaCommand.cs(80,13): error CS1503: Argument 12: cannot convert from 'string' to 'System.DateTime' [/home/tsgomes/mcad/services/cadastro-api/2-Application/Cadastro.Application/Cadastro.Application.csproj]
         /home/tsgomes/mcad/services/cadastro-api/2-Application/Cadastro.Application/Status/Commands/LiberarFonogramaCommand.cs(72,17): error CS7036: There is no argument given that corresponds to the required parameter 'Status' of 'ObraResumoResponse.ObraResumoResponse(Guid, long, string, string)' [/home/tsgomes/mcad/services/cadastro-api/2-Application/Cadastro.Application/Cadastro.Application.csproj]
         /home/tsgomes/mcad/services/cadastro-api/2-Application/Cadastro.Application/Status/Commands/LiberarFonogramaCommand.cs(70,13): error CS1503: Argument 2: cannot convert from 'string' to 'long' [/home/tsgomes/mcad/services/cadastro-api/2-Application/Cadastro.Application/Cadastro.Application.csproj]
         /home/tsgomes/mcad/services/cadastro-api/2-Application/Cadastro.Application/Status/Commands/LiberarFonogramaCommand.cs(73,13): error CS1503: Argument 5: cannot convert from 'string' to 'Cadastro.Application.Fonogramas.Responses.ObraResumoResponse' [/home/tsgomes/mcad/services/cadastro-api/2-Application/Cadastro.Application/Cadastro.Application.csproj]
         /home/tsgomes/mcad/services/cadastro-api/2-Application/Cadastro.Application/Status/Commands/LiberarFonogramaCommand.cs(74,13): error CS1503: Argument 6: cannot convert from 'System.DateOnly?' to 'string' [/home/tsgomes/mcad/services/cadastro-api/2-Application/Cadastro.Application/Cadastro.Application.csproj]
         /home/tsgomes/mcad/services/cadastro-api/2-Application/Cadastro.Application/Status/Commands/LiberarFonogramaCommand.cs(76,13): error CS1503: Argument 8: cannot convert from 'string' to 'System.DateOnly?' [/home/tsgomes/mcad/services/cadastro-api/2-Application/Cadastro.Application/Cadastro.Application.csproj]
         /home/tsgomes/mcad/services/cadastro-api/2-Application/Cadastro.Application/Status/Commands/LiberarFonogramaCommand.cs(77,13): error CS1503: Argument 9: cannot convert from 'System.Guid?' to 'string' [/home/tsgomes/mcad/services/cadastro-api/2-Application/Cadastro.Application/Cadastro.Application.csproj]
         /home/tsgomes/mcad/services/cadastro-api/2-Application/Cadastro.Application/Status/Commands/LiberarFonogramaCommand.cs(78,13): error CS1503: Argument 10: cannot convert from 'System.DateTime' to 'System.Guid?' [/home/tsgomes/mcad/services/cadastro-api/2-Application/Cadastro.Application/Cadastro.Application.csproj]
         /home/tsgomes/mcad/services/cadastro-api/2-Application/Cadastro.Application/Status/Commands/LiberarFonogramaCommand.cs(80,13): error CS1503: Argument 12: cannot convert from 'string' to 'System.DateTime' [/home/tsgomes/mcad/services/cadastro-api/2-Application/Cadastro.Application/Cadastro.Application.csproj]
         /home/tsgomes/mcad/services/cadastro-api/2-Application/Cadastro.Application/Status/Commands/DesbloquearObraCommand.cs(37,13): error CS1503: Argument 2: cannot convert from 'string' to 'long' [/home/tsgomes/mcad/services/cadastro-api/2-Application/Cadastro.Application/Cadastro.Application.csproj]
         /home/tsgomes/mcad/services/cadastro-api/2-Application/Cadastro.Application/Status/Commands/DesbloquearObraCommand.cs(43,13): error CS1503: Argument 8: cannot convert from 'bool' to 'string' [/home/tsgomes/mcad/services/cadastro-api/2-Application/Cadastro.Application/Cadastro.Application.csproj]
         /home/tsgomes/mcad/services/cadastro-api/2-Application/Cadastro.Application/Status/Commands/DesbloquearObraCommand.cs(44,13): error CS1503: Argument 9: cannot convert from 'System.Guid?' to 'bool' [/home/tsgomes/mcad/services/cadastro-api/2-Application/Cadastro.Application/Cadastro.Application.csproj]
         /home/tsgomes/mcad/services/cadastro-api/2-Application/Cadastro.Application/Status/Commands/DesbloquearObraCommand.cs(45,13): error CS1503: Argument 10: cannot convert from 'System.DateTime' to 'System.Guid?' [/home/tsgomes/mcad/services/cadastro-api/2-Application/Cadastro.Application/Cadastro.Application.csproj]
         /home/tsgomes/mcad/services/cadastro-api/2-Application/Cadastro.Application/Status/Commands/DesbloquearObraCommand.cs(47,13): error CS1503: Argument 12: cannot convert from 'string' to 'System.DateTime' [/home/tsgomes/mcad/services/cadastro-api/2-Application/Cadastro.Application/Cadastro.Application.csproj]
         /home/tsgomes/mcad/services/cadastro-api/2-Application/Cadastro.Application/Status/Commands/DefinirUrlAudioCommand.cs(51,17): error CS7036: There is no argument given that corresponds to the required parameter 'Status' of 'ObraResumoResponse.ObraResumoResponse(Guid, long, string, string)' [/home/tsgomes/mcad/services/cadastro-api/2-Application/Cadastro.Application/Cadastro.Application.csproj]
         /home/tsgomes/mcad/services/cadastro-api/2-Application/Cadastro.Application/Status/Commands/DefinirUrlAudioCommand.cs(49,13): error CS1503: Argument 2: cannot convert from 'string' to 'long' [/home/tsgomes/mcad/services/cadastro-api/2-Application/Cadastro.Application/Cadastro.Application.csproj]
         /home/tsgomes/mcad/services/cadastro-api/2-Application/Cadastro.Application/Status/Commands/DefinirUrlAudioCommand.cs(52,13): error CS1503: Argument 5: cannot convert from 'string' to 'Cadastro.Application.Fonogramas.Responses.ObraResumoResponse' [/home/tsgomes/mcad/services/cadastro-api/2-Application/Cadastro.Application/Cadastro.Application.csproj]
         /home/tsgomes/mcad/services/cadastro-api/2-Application/Cadastro.Application/Status/Commands/DefinirUrlAudioCommand.cs(53,13): error CS1503: Argument 6: cannot convert from 'System.DateOnly?' to 'string' [/home/tsgomes/mcad/services/cadastro-api/2-Application/Cadastro.Application/Cadastro.Application.csproj]
         /home/tsgomes/mcad/services/cadastro-api/2-Application/Cadastro.Application/Status/Commands/DefinirUrlAudioCommand.cs(55,13): error CS1503: Argument 8: cannot convert from 'string' to 'System.DateOnly?' [/home/tsgomes/mcad/services/cadastro-api/2-Application/Cadastro.Application/Cadastro.Application.csproj]
         /home/tsgomes/mcad/services/cadastro-api/2-Application/Cadastro.Application/Status/Commands/DefinirUrlAudioCommand.cs(56,13): error CS1503: Argument 9: cannot convert from 'System.Guid?' to 'string' [/home/tsgomes/mcad/services/cadastro-api/2-Application/Cadastro.Application/Cadastro.Application.csproj]
         /home/tsgomes/mcad/services/cadastro-api/2-Application/Cadastro.Application/Status/Commands/DefinirUrlAudioCommand.cs(57,13): error CS1503: Argument 10: cannot convert from 'System.DateTime' to 'System.Guid?' [/home/tsgomes/mcad/services/cadastro-api/2-Application/Cadastro.Application/Cadastro.Application.csproj]
         /home/tsgomes/mcad/services/cadastro-api/2-Application/Cadastro.Application/Status/Commands/DefinirUrlAudioCommand.cs(59,13): error CS1503: Argument 12: cannot convert from 'string' to 'System.DateTime' [/home/tsgomes/mcad/services/cadastro-api/2-Application/Cadastro.Application/Cadastro.Application.csproj]
         /home/tsgomes/mcad/services/cadastro-api/2-Application/Cadastro.Application/Status/Commands/DesbloquearFonogramaCommand.cs(45,17): error CS7036: There is no argument given that corresponds to the required parameter 'Status' of 'ObraResumoResponse.ObraResumoResponse(Guid, long, string, string)' [/home/tsgomes/mcad/services/cadastro-api/2-Application/Cadastro.Application/Cadastro.Application.csproj]
         /home/tsgomes/mcad/services/cadastro-api/2-Application/Cadastro.Application/Status/Commands/DesbloquearFonogramaCommand.cs(43,13): error CS1503: Argument 2: cannot convert from 'string' to 'long' [/home/tsgomes/mcad/services/cadastro-api/2-Application/Cadastro.Application/Cadastro.Application.csproj]
         /home/tsgomes/mcad/services/cadastro-api/2-Application/Cadastro.Application/Status/Commands/DesbloquearFonogramaCommand.cs(46,13): error CS1503: Argument 5: cannot convert from 'string' to 'Cadastro.Application.Fonogramas.Responses.ObraResumoResponse' [/home/tsgomes/mcad/services/cadastro-api/2-Application/Cadastro.Application/Cadastro.Application.csproj]
         /home/tsgomes/mcad/services/cadastro-api/2-Application/Cadastro.Application/Status/Commands/DesbloquearFonogramaCommand.cs(47,13): error CS1503: Argument 6: cannot convert from 'System.DateOnly?' to 'string' [/home/tsgomes/mcad/services/cadastro-api/2-Application/Cadastro.Application/Cadastro.Application.csproj]
         /home/tsgomes/mcad/services/cadastro-api/2-Application/Cadastro.Application/Status/Commands/DesbloquearFonogramaCommand.cs(49,13): error CS1503: Argument 8: cannot convert from 'string' to 'System.DateOnly?' [/home/tsgomes/mcad/services/cadastro-api/2-Application/Cadastro.Application/Cadastro.Application.csproj]
         /home/tsgomes/mcad/services/cadastro-api/2-Application/Cadastro.Application/Status/Commands/DesbloquearFonogramaCommand.cs(50,13): error CS1503: Argument 9: cannot convert from 'System.Guid?' to 'string' [/home/tsgomes/mcad/services/cadastro-api/2-Application/Cadastro.Application/Cadastro.Application.csproj]
         /home/tsgomes/mcad/services/cadastro-api/2-Application/Cadastro.Application/Status/Commands/DesbloquearFonogramaCommand.cs(51,13): error CS1503: Argument 10: cannot convert from 'System.DateTime' to 'System.Guid?' [/home/tsgomes/mcad/services/cadastro-api/2-Application/Cadastro.Application/Cadastro.Application.csproj]
         /home/tsgomes/mcad/services/cadastro-api/2-Application/Cadastro.Application/Status/Commands/DesbloquearFonogramaCommand.cs(53,13): error CS1503: Argument 12: cannot convert from 'string' to 'System.DateTime' [/home/tsgomes/mcad/services/cadastro-api/2-Application/Cadastro.Application/Cadastro.Application.csproj]
         /home/tsgomes/mcad/services/cadastro-api/2-Application/Cadastro.Application/Status/Commands/BloquearObraCommand.cs(64,13): error CS1503: Argument 2: cannot convert from 'string' to 'long' [/home/tsgomes/mcad/services/cadastro-api/2-Application/Cadastro.Application/Cadastro.Application.csproj]
         /home/tsgomes/mcad/services/cadastro-api/2-Application/Cadastro.Application/Status/Commands/BloquearObraCommand.cs(70,13): error CS1503: Argument 8: cannot convert from 'bool' to 'string' [/home/tsgomes/mcad/services/cadastro-api/2-Application/Cadastro.Application/Cadastro.Application.csproj]
         /home/tsgomes/mcad/services/cadastro-api/2-Application/Cadastro.Application/Status/Commands/BloquearObraCommand.cs(71,13): error CS1503: Argument 9: cannot convert from 'System.Guid?' to 'bool' [/home/tsgomes/mcad/services/cadastro-api/2-Application/Cadastro.Application/Cadastro.Application.csproj]
         /home/tsgomes/mcad/services/cadastro-api/2-Application/Cadastro.Application/Status/Commands/BloquearObraCommand.cs(72,13): error CS1503: Argument 10: cannot convert from 'System.DateTime' to 'System.Guid?' [/home/tsgomes/mcad/services/cadastro-api/2-Application/Cadastro.Application/Cadastro.Application.csproj]
         /home/tsgomes/mcad/services/cadastro-api/2-Application/Cadastro.Application/Status/Commands/BloquearObraCommand.cs(74,13): error CS1503: Argument 12: cannot convert from 'string' to 'System.DateTime' [/home/tsgomes/mcad/services/cadastro-api/2-Application/Cadastro.Application/Cadastro.Application.csproj]

    0 Warning(s)
    60 Error(s)

Time Elapsed 00:00:01.71
