warn: Microsoft.EntityFrameworkCore.Model.Validation[10625]
      The foreign key property 'ParticipacaoConexa.FonogramaId1' was created in shadow state because a conflicting property with the simple name 'FonogramaId' exists in the entity type, but is either not mapped, is already used for another relationship, or is incompatible with the associated primary key type. See https://aka.ms/efcore-relationships for information on mapping relationships in EF Core.
info: Microsoft.EntityFrameworkCore.Database.Command[20101]
      Executed DbCommand (183ms) [Parameters=[], CommandType='Text', CommandTimeout='30']
      SELECT "MigrationId", "ProductVersion"
      FROM cadastro."__EFMigrationsHistory"
      ORDER BY "MigrationId";
info: Microsoft.EntityFrameworkCore.Database.Command[20101]
      Executed DbCommand (190ms) [Parameters=[], CommandType='Text', CommandTimeout='30']
      DO $EF$
      BEGIN
          IF NOT EXISTS(SELECT 1 FROM pg_namespace WHERE nspname = 'cadastro') THEN
              CREATE SCHEMA cadastro;
          END IF;
      END $EF$;
      CREATE TABLE IF NOT EXISTS cadastro."__EFMigrationsHistory" (
          "MigrationId" character varying(150) NOT NULL,
          "ProductVersion" character varying(32) NOT NULL,
          CONSTRAINT "PK___EFMigrationsHistory" PRIMARY KEY ("MigrationId")
      );
info: Microsoft.EntityFrameworkCore.Migrations[20411]
      Acquiring an exclusive lock for migration application. See https://aka.ms/efcore-docs-migrations-lock for more information if this takes too long.
info: Microsoft.EntityFrameworkCore.Database.Command[20101]
      Executed DbCommand (172ms) [Parameters=[], CommandType='Text', CommandTimeout='30']
      LOCK TABLE cadastro."__EFMigrationsHistory" IN ACCESS EXCLUSIVE MODE
info: Microsoft.EntityFrameworkCore.Database.Command[20101]
      Executed DbCommand (167ms) [Parameters=[], CommandType='Text', CommandTimeout='30']
      SELECT "MigrationId", "ProductVersion"
      FROM cadastro."__EFMigrationsHistory"
      ORDER BY "MigrationId";
info: Microsoft.EntityFrameworkCore.Migrations[20405]
      No migrations were applied. The database is already up to date.
info: Microsoft.EntityFrameworkCore.Database.Command[20101]
      Executed DbCommand (166ms) [Parameters=[], CommandType='Text', CommandTimeout='30']
      SELECT count(*)::int
      FROM cadastro.associacoes AS a
info: Cadastro.API[0]
      Startup: 7 associações no banco de dados
info: Cadastro.API[0]
      Cadastro API iniciada na porta 5001
info: Cadastro.Infra.Events.RabbitMqPublisher[0]
      RabbitMqPublisher conectado ao broker. Exchange 'cadastro.events' declarada.
info: Microsoft.AspNetCore.DataProtection.KeyManagement.XmlKeyManager[62]
      User profile is available. Using '/home/tsgomes/.aspnet/DataProtection-Keys' as key repository; keys will not be encrypted at rest.
info: Cadastro.Infra.Events.OutboxPublisherWorker[0]
      OutboxPublisherWorker iniciado. Intervalo: 5s
info: Microsoft.EntityFrameworkCore.Database.Command[20101]
      Executed DbCommand (178ms) [Parameters=[@__p_0='?' (DbType = Int32)], CommandType='Text', CommandTimeout='30']
      SELECT o."Id", o."Attempts", o."CreatedAt", o."Payload", o."PublishedAt", o."RoutingKey", o."Subject", o."Type"
      FROM cadastro.outbox_events AS o
      WHERE o."PublishedAt" IS NULL AND o."Attempts" < 10
      ORDER BY o."CreatedAt"
      LIMIT @__p_0
info: Microsoft.Hosting.Lifetime[14]
      Now listening on: http://localhost:5001
info: Microsoft.Hosting.Lifetime[0]
      Application started. Press Ctrl+C to shut down.
info: Microsoft.Hosting.Lifetime[0]
      Hosting environment: Development
info: Microsoft.Hosting.Lifetime[0]
      Content root path: /home/tsgomes/mcad/services/cadastro-api/1-Services/Cadastro.API
info: Microsoft.EntityFrameworkCore.Database.Command[20101]
      Executed DbCommand (168ms) [Parameters=[@__p_0='?' (DbType = Int32)], CommandType='Text', CommandTimeout='30']
      SELECT o."Id", o."Attempts", o."CreatedAt", o."Payload", o."PublishedAt", o."RoutingKey", o."Subject", o."Type"
      FROM cadastro.outbox_events AS o
      WHERE o."PublishedAt" IS NULL AND o."Attempts" < 10
      ORDER BY o."CreatedAt"
      LIMIT @__p_0
info: Microsoft.EntityFrameworkCore.Database.Command[20101]
      Executed DbCommand (168ms) [Parameters=[@__p_0='?' (DbType = Int32)], CommandType='Text', CommandTimeout='30']
      SELECT o."Id", o."Attempts", o."CreatedAt", o."Payload", o."PublishedAt", o."RoutingKey", o."Subject", o."Type"
      FROM cadastro.outbox_events AS o
      WHERE o."PublishedAt" IS NULL AND o."Attempts" < 10
      ORDER BY o."CreatedAt"
      LIMIT @__p_0
info: Microsoft.AspNetCore.Hosting.Diagnostics[1]
      Request starting HTTP/1.1 GET http://localhost:5001/api/v1/associacoes - - -
info: Microsoft.AspNetCore.Routing.EndpointMiddleware[0]
      Executing endpoint 'HTTP: GET /api/v1/associacoes/'
info: Microsoft.EntityFrameworkCore.Database.Command[20101]
      Executed DbCommand (192ms) [Parameters=[], CommandType='Text', CommandTimeout='30']
      SELECT a."Id", a."Cnpj", a."Codigo", a."Nome", a."Sigla"
      FROM cadastro.associacoes AS a
      ORDER BY a."Sigla"
info: Microsoft.AspNetCore.Http.Result.OkObjectResult[1]
      Setting HTTP status code 200.
info: Microsoft.AspNetCore.Http.Result.OkObjectResult[3]
      Writing value of type 'SelectListIterator`2' as Json.
info: Microsoft.AspNetCore.Routing.EndpointMiddleware[1]
      Executed endpoint 'HTTP: GET /api/v1/associacoes/'
info: Microsoft.AspNetCore.Hosting.Diagnostics[2]
      Request finished HTTP/1.1 GET http://localhost:5001/api/v1/associacoes - 200 - application/json;+charset=utf-8 1184.0564ms
info: Microsoft.EntityFrameworkCore.Database.Command[20101]
      Executed DbCommand (170ms) [Parameters=[@__p_0='?' (DbType = Int32)], CommandType='Text', CommandTimeout='30']
      SELECT o."Id", o."Attempts", o."CreatedAt", o."Payload", o."PublishedAt", o."RoutingKey", o."Subject", o."Type"
      FROM cadastro.outbox_events AS o
      WHERE o."PublishedAt" IS NULL AND o."Attempts" < 10
      ORDER BY o."CreatedAt"
      LIMIT @__p_0
info: Microsoft.EntityFrameworkCore.Database.Command[20101]
      Executed DbCommand (168ms) [Parameters=[@__p_0='?' (DbType = Int32)], CommandType='Text', CommandTimeout='30']
      SELECT o."Id", o."Attempts", o."CreatedAt", o."Payload", o."PublishedAt", o."RoutingKey", o."Subject", o."Type"
      FROM cadastro.outbox_events AS o
      WHERE o."PublishedAt" IS NULL AND o."Attempts" < 10
      ORDER BY o."CreatedAt"
      LIMIT @__p_0
info: Microsoft.EntityFrameworkCore.Database.Command[20101]
      Executed DbCommand (168ms) [Parameters=[@__p_0='?' (DbType = Int32)], CommandType='Text', CommandTimeout='30']
      SELECT o."Id", o."Attempts", o."CreatedAt", o."Payload", o."PublishedAt", o."RoutingKey", o."Subject", o."Type"
      FROM cadastro.outbox_events AS o
      WHERE o."PublishedAt" IS NULL AND o."Attempts" < 10
      ORDER BY o."CreatedAt"
      LIMIT @__p_0
info: Microsoft.AspNetCore.Hosting.Diagnostics[1]
      Request starting HTTP/1.1 GET http://localhost:5001/api/v1/obras?page=1&size=20&sort=titulo - - -
info: Microsoft.AspNetCore.Routing.EndpointMiddleware[0]
      Executing endpoint 'HTTP: GET /api/v1/obras/'
info: Microsoft.EntityFrameworkCore.Database.Command[20101]
      Executed DbCommand (170ms) [Parameters=[], CommandType='Text', CommandTimeout='30']
      SELECT count(*)::int
      FROM cadastro.obras_musicais AS o
info: Microsoft.EntityFrameworkCore.Database.Command[20101]
      Executed DbCommand (168ms) [Parameters=[@__p_1='?' (DbType = Int32), @__p_0='?' (DbType = Int32)], CommandType='Text', CommandTimeout='30']
      SELECT o."Id", o."AtualizadoEm", o."BloqueioJustificativa", o."Codigo", o."CriadoEm", o."DominioPublico", o."Genero", o."Iswc", o."ObraDepuradaParaId", o."Status", o."Subtitulo", o."Tipo", o."Titulo"
      FROM cadastro.obras_musicais AS o
      ORDER BY o."Titulo"
      LIMIT @__p_1 OFFSET @__p_0
info: Microsoft.AspNetCore.Http.Result.OkObjectResult[1]
      Setting HTTP status code 200.
info: Microsoft.AspNetCore.Http.Result.OkObjectResult[3]
      Writing value of type 'ObraListResponse' as Json.
info: Microsoft.AspNetCore.Routing.EndpointMiddleware[1]
      Executed endpoint 'HTTP: GET /api/v1/obras/'
info: Microsoft.AspNetCore.Hosting.Diagnostics[2]
      Request finished HTTP/1.1 GET http://localhost:5001/api/v1/obras?page=1&size=20&sort=titulo - 200 - application/json;+charset=utf-8 398.8628ms
info: Microsoft.EntityFrameworkCore.Database.Command[20101]
      Executed DbCommand (167ms) [Parameters=[@__p_0='?' (DbType = Int32)], CommandType='Text', CommandTimeout='30']
      SELECT o."Id", o."Attempts", o."CreatedAt", o."Payload", o."PublishedAt", o."RoutingKey", o."Subject", o."Type"
      FROM cadastro.outbox_events AS o
      WHERE o."PublishedAt" IS NULL AND o."Attempts" < 10
      ORDER BY o."CreatedAt"
      LIMIT @__p_0
info: Microsoft.EntityFrameworkCore.Database.Command[20101]
      Executed DbCommand (168ms) [Parameters=[@__p_0='?' (DbType = Int32)], CommandType='Text', CommandTimeout='30']
      SELECT o."Id", o."Attempts", o."CreatedAt", o."Payload", o."PublishedAt", o."RoutingKey", o."Subject", o."Type"
      FROM cadastro.outbox_events AS o
      WHERE o."PublishedAt" IS NULL AND o."Attempts" < 10
      ORDER BY o."CreatedAt"
      LIMIT @__p_0
info: Microsoft.EntityFrameworkCore.Database.Command[20101]
      Executed DbCommand (169ms) [Parameters=[@__p_0='?' (DbType = Int32)], CommandType='Text', CommandTimeout='30']
      SELECT o."Id", o."Attempts", o."CreatedAt", o."Payload", o."PublishedAt", o."RoutingKey", o."Subject", o."Type"
      FROM cadastro.outbox_events AS o
      WHERE o."PublishedAt" IS NULL AND o."Attempts" < 10
      ORDER BY o."CreatedAt"
      LIMIT @__p_0
info: Microsoft.EntityFrameworkCore.Database.Command[20101]
      Executed DbCommand (169ms) [Parameters=[@__p_0='?' (DbType = Int32)], CommandType='Text', CommandTimeout='30']
      SELECT o."Id", o."Attempts", o."CreatedAt", o."Payload", o."PublishedAt", o."RoutingKey", o."Subject", o."Type"
      FROM cadastro.outbox_events AS o
      WHERE o."PublishedAt" IS NULL AND o."Attempts" < 10
      ORDER BY o."CreatedAt"
      LIMIT @__p_0
info: Microsoft.EntityFrameworkCore.Database.Command[20101]
      Executed DbCommand (169ms) [Parameters=[@__p_0='?' (DbType = Int32)], CommandType='Text', CommandTimeout='30']
      SELECT o."Id", o."Attempts", o."CreatedAt", o."Payload", o."PublishedAt", o."RoutingKey", o."Subject", o."Type"
      FROM cadastro.outbox_events AS o
      WHERE o."PublishedAt" IS NULL AND o."Attempts" < 10
      ORDER BY o."CreatedAt"
      LIMIT @__p_0
info: Microsoft.AspNetCore.Hosting.Diagnostics[1]
      Request starting HTTP/1.1 GET http://localhost:5001/api/v1/obras?page=1&size=20&sort=titulo - - -
info: Microsoft.AspNetCore.Routing.EndpointMiddleware[0]
      Executing endpoint 'HTTP: GET /api/v1/obras/'
info: Microsoft.EntityFrameworkCore.Database.Command[20101]
      Executed DbCommand (167ms) [Parameters=[], CommandType='Text', CommandTimeout='30']
      SELECT count(*)::int
      FROM cadastro.obras_musicais AS o
info: Microsoft.EntityFrameworkCore.Database.Command[20101]
      Executed DbCommand (167ms) [Parameters=[@__p_1='?' (DbType = Int32), @__p_0='?' (DbType = Int32)], CommandType='Text', CommandTimeout='30']
      SELECT o."Id", o."AtualizadoEm", o."BloqueioJustificativa", o."Codigo", o."CriadoEm", o."DominioPublico", o."Genero", o."Iswc", o."ObraDepuradaParaId", o."Status", o."Subtitulo", o."Tipo", o."Titulo"
      FROM cadastro.obras_musicais AS o
      ORDER BY o."Titulo"
      LIMIT @__p_1 OFFSET @__p_0
info: Microsoft.AspNetCore.Http.Result.OkObjectResult[1]
      Setting HTTP status code 200.
info: Microsoft.AspNetCore.Http.Result.OkObjectResult[3]
      Writing value of type 'ObraListResponse' as Json.
info: Microsoft.AspNetCore.Routing.EndpointMiddleware[1]
      Executed endpoint 'HTTP: GET /api/v1/obras/'
info: Microsoft.AspNetCore.Hosting.Diagnostics[2]
      Request finished HTTP/1.1 GET http://localhost:5001/api/v1/obras?page=1&size=20&sort=titulo - 200 - application/json;+charset=utf-8 343.1088ms
info: Microsoft.EntityFrameworkCore.Database.Command[20101]
      Executed DbCommand (168ms) [Parameters=[@__p_0='?' (DbType = Int32)], CommandType='Text', CommandTimeout='30']
      SELECT o."Id", o."Attempts", o."CreatedAt", o."Payload", o."PublishedAt", o."RoutingKey", o."Subject", o."Type"
      FROM cadastro.outbox_events AS o
      WHERE o."PublishedAt" IS NULL AND o."Attempts" < 10
      ORDER BY o."CreatedAt"
      LIMIT @__p_0
info: Microsoft.EntityFrameworkCore.Database.Command[20101]
      Executed DbCommand (169ms) [Parameters=[@__p_0='?' (DbType = Int32)], CommandType='Text', CommandTimeout='30']
      SELECT o."Id", o."Attempts", o."CreatedAt", o."Payload", o."PublishedAt", o."RoutingKey", o."Subject", o."Type"
      FROM cadastro.outbox_events AS o
      WHERE o."PublishedAt" IS NULL AND o."Attempts" < 10
      ORDER BY o."CreatedAt"
      LIMIT @__p_0
info: Microsoft.EntityFrameworkCore.Database.Command[20101]
      Executed DbCommand (168ms) [Parameters=[@__p_0='?' (DbType = Int32)], CommandType='Text', CommandTimeout='30']
      SELECT o."Id", o."Attempts", o."CreatedAt", o."Payload", o."PublishedAt", o."RoutingKey", o."Subject", o."Type"
      FROM cadastro.outbox_events AS o
      WHERE o."PublishedAt" IS NULL AND o."Attempts" < 10
      ORDER BY o."CreatedAt"
      LIMIT @__p_0
info: Microsoft.EntityFrameworkCore.Database.Command[20101]
      Executed DbCommand (169ms) [Parameters=[@__p_0='?' (DbType = Int32)], CommandType='Text', CommandTimeout='30']
      SELECT o."Id", o."Attempts", o."CreatedAt", o."Payload", o."PublishedAt", o."RoutingKey", o."Subject", o."Type"
      FROM cadastro.outbox_events AS o
      WHERE o."PublishedAt" IS NULL AND o."Attempts" < 10
      ORDER BY o."CreatedAt"
      LIMIT @__p_0
info: Microsoft.EntityFrameworkCore.Database.Command[20101]
      Executed DbCommand (168ms) [Parameters=[@__p_0='?' (DbType = Int32)], CommandType='Text', CommandTimeout='30']
      SELECT o."Id", o."Attempts", o."CreatedAt", o."Payload", o."PublishedAt", o."RoutingKey", o."Subject", o."Type"
      FROM cadastro.outbox_events AS o
      WHERE o."PublishedAt" IS NULL AND o."Attempts" < 10
      ORDER BY o."CreatedAt"
      LIMIT @__p_0
info: Microsoft.EntityFrameworkCore.Database.Command[20101]
      Executed DbCommand (167ms) [Parameters=[@__p_0='?' (DbType = Int32)], CommandType='Text', CommandTimeout='30']
      SELECT o."Id", o."Attempts", o."CreatedAt", o."Payload", o."PublishedAt", o."RoutingKey", o."Subject", o."Type"
      FROM cadastro.outbox_events AS o
      WHERE o."PublishedAt" IS NULL AND o."Attempts" < 10
      ORDER BY o."CreatedAt"
      LIMIT @__p_0
info: Microsoft.EntityFrameworkCore.Database.Command[20101]
      Executed DbCommand (167ms) [Parameters=[@__p_0='?' (DbType = Int32)], CommandType='Text', CommandTimeout='30']
      SELECT o."Id", o."Attempts", o."CreatedAt", o."Payload", o."PublishedAt", o."RoutingKey", o."Subject", o."Type"
      FROM cadastro.outbox_events AS o
      WHERE o."PublishedAt" IS NULL AND o."Attempts" < 10
      ORDER BY o."CreatedAt"
      LIMIT @__p_0
info: Microsoft.EntityFrameworkCore.Database.Command[20101]
      Executed DbCommand (167ms) [Parameters=[@__p_0='?' (DbType = Int32)], CommandType='Text', CommandTimeout='30']
      SELECT o."Id", o."Attempts", o."CreatedAt", o."Payload", o."PublishedAt", o."RoutingKey", o."Subject", o."Type"
      FROM cadastro.outbox_events AS o
      WHERE o."PublishedAt" IS NULL AND o."Attempts" < 10
      ORDER BY o."CreatedAt"
      LIMIT @__p_0
info: Microsoft.EntityFrameworkCore.Database.Command[20101]
      Executed DbCommand (169ms) [Parameters=[@__p_0='?' (DbType = Int32)], CommandType='Text', CommandTimeout='30']
      SELECT o."Id", o."Attempts", o."CreatedAt", o."Payload", o."PublishedAt", o."RoutingKey", o."Subject", o."Type"
      FROM cadastro.outbox_events AS o
      WHERE o."PublishedAt" IS NULL AND o."Attempts" < 10
      ORDER BY o."CreatedAt"
      LIMIT @__p_0
info: Microsoft.AspNetCore.Hosting.Diagnostics[1]
      Request starting HTTP/1.1 GET http://localhost:5001/api/v1/obras?page=1&size=20&sort=titulo - - -
info: Microsoft.AspNetCore.Routing.EndpointMiddleware[0]
      Executing endpoint 'HTTP: GET /api/v1/obras/'
info: Microsoft.EntityFrameworkCore.Database.Command[20101]
      Executed DbCommand (170ms) [Parameters=[], CommandType='Text', CommandTimeout='30']
      SELECT count(*)::int
      FROM cadastro.obras_musicais AS o
info: Microsoft.EntityFrameworkCore.Database.Command[20101]
      Executed DbCommand (166ms) [Parameters=[@__p_1='?' (DbType = Int32), @__p_0='?' (DbType = Int32)], CommandType='Text', CommandTimeout='30']
      SELECT o."Id", o."AtualizadoEm", o."BloqueioJustificativa", o."Codigo", o."CriadoEm", o."DominioPublico", o."Genero", o."Iswc", o."ObraDepuradaParaId", o."Status", o."Subtitulo", o."Tipo", o."Titulo"
      FROM cadastro.obras_musicais AS o
      ORDER BY o."Titulo"
      LIMIT @__p_1 OFFSET @__p_0
info: Microsoft.AspNetCore.Http.Result.OkObjectResult[1]
      Setting HTTP status code 200.
info: Microsoft.AspNetCore.Http.Result.OkObjectResult[3]
      Writing value of type 'ObraListResponse' as Json.
info: Microsoft.AspNetCore.Routing.EndpointMiddleware[1]
      Executed endpoint 'HTTP: GET /api/v1/obras/'
info: Microsoft.AspNetCore.Hosting.Diagnostics[2]
      Request finished HTTP/1.1 GET http://localhost:5001/api/v1/obras?page=1&size=20&sort=titulo - 200 - application/json;+charset=utf-8 342.4242ms
info: Microsoft.EntityFrameworkCore.Database.Command[20101]
      Executed DbCommand (168ms) [Parameters=[@__p_0='?' (DbType = Int32)], CommandType='Text', CommandTimeout='30']
      SELECT o."Id", o."Attempts", o."CreatedAt", o."Payload", o."PublishedAt", o."RoutingKey", o."Subject", o."Type"
      FROM cadastro.outbox_events AS o
      WHERE o."PublishedAt" IS NULL AND o."Attempts" < 10
      ORDER BY o."CreatedAt"
      LIMIT @__p_0
info: Microsoft.EntityFrameworkCore.Database.Command[20101]
      Executed DbCommand (168ms) [Parameters=[@__p_0='?' (DbType = Int32)], CommandType='Text', CommandTimeout='30']
      SELECT o."Id", o."Attempts", o."CreatedAt", o."Payload", o."PublishedAt", o."RoutingKey", o."Subject", o."Type"
      FROM cadastro.outbox_events AS o
      WHERE o."PublishedAt" IS NULL AND o."Attempts" < 10
      ORDER BY o."CreatedAt"
      LIMIT @__p_0
info: Microsoft.EntityFrameworkCore.Database.Command[20101]
      Executed DbCommand (168ms) [Parameters=[@__p_0='?' (DbType = Int32)], CommandType='Text', CommandTimeout='30']
      SELECT o."Id", o."Attempts", o."CreatedAt", o."Payload", o."PublishedAt", o."RoutingKey", o."Subject", o."Type"
      FROM cadastro.outbox_events AS o
      WHERE o."PublishedAt" IS NULL AND o."Attempts" < 10
      ORDER BY o."CreatedAt"
      LIMIT @__p_0
info: Microsoft.EntityFrameworkCore.Database.Command[20101]
      Executed DbCommand (169ms) [Parameters=[@__p_0='?' (DbType = Int32)], CommandType='Text', CommandTimeout='30']
      SELECT o."Id", o."Attempts", o."CreatedAt", o."Payload", o."PublishedAt", o."RoutingKey", o."Subject", o."Type"
      FROM cadastro.outbox_events AS o
      WHERE o."PublishedAt" IS NULL AND o."Attempts" < 10
      ORDER BY o."CreatedAt"
      LIMIT @__p_0
info: Microsoft.EntityFrameworkCore.Database.Command[20101]
      Executed DbCommand (168ms) [Parameters=[@__p_0='?' (DbType = Int32)], CommandType='Text', CommandTimeout='30']
      SELECT o."Id", o."Attempts", o."CreatedAt", o."Payload", o."PublishedAt", o."RoutingKey", o."Subject", o."Type"
      FROM cadastro.outbox_events AS o
      WHERE o."PublishedAt" IS NULL AND o."Attempts" < 10
      ORDER BY o."CreatedAt"
      LIMIT @__p_0
info: Microsoft.EntityFrameworkCore.Database.Command[20101]
      Executed DbCommand (168ms) [Parameters=[@__p_0='?' (DbType = Int32)], CommandType='Text', CommandTimeout='30']
      SELECT o."Id", o."Attempts", o."CreatedAt", o."Payload", o."PublishedAt", o."RoutingKey", o."Subject", o."Type"
      FROM cadastro.outbox_events AS o
      WHERE o."PublishedAt" IS NULL AND o."Attempts" < 10
      ORDER BY o."CreatedAt"
      LIMIT @__p_0
info: Microsoft.EntityFrameworkCore.Database.Command[20101]
      Executed DbCommand (169ms) [Parameters=[@__p_0='?' (DbType = Int32)], CommandType='Text', CommandTimeout='30']
      SELECT o."Id", o."Attempts", o."CreatedAt", o."Payload", o."PublishedAt", o."RoutingKey", o."Subject", o."Type"
      FROM cadastro.outbox_events AS o
      WHERE o."PublishedAt" IS NULL AND o."Attempts" < 10
      ORDER BY o."CreatedAt"
      LIMIT @__p_0
info: Microsoft.EntityFrameworkCore.Database.Command[20101]
      Executed DbCommand (168ms) [Parameters=[@__p_0='?' (DbType = Int32)], CommandType='Text', CommandTimeout='30']
      SELECT o."Id", o."Attempts", o."CreatedAt", o."Payload", o."PublishedAt", o."RoutingKey", o."Subject", o."Type"
      FROM cadastro.outbox_events AS o
      WHERE o."PublishedAt" IS NULL AND o."Attempts" < 10
      ORDER BY o."CreatedAt"
      LIMIT @__p_0
info: Microsoft.EntityFrameworkCore.Database.Command[20101]
      Executed DbCommand (167ms) [Parameters=[@__p_0='?' (DbType = Int32)], CommandType='Text', CommandTimeout='30']
      SELECT o."Id", o."Attempts", o."CreatedAt", o."Payload", o."PublishedAt", o."RoutingKey", o."Subject", o."Type"
      FROM cadastro.outbox_events AS o
      WHERE o."PublishedAt" IS NULL AND o."Attempts" < 10
      ORDER BY o."CreatedAt"
      LIMIT @__p_0
info: Microsoft.EntityFrameworkCore.Database.Command[20101]
      Executed DbCommand (168ms) [Parameters=[@__p_0='?' (DbType = Int32)], CommandType='Text', CommandTimeout='30']
      SELECT o."Id", o."Attempts", o."CreatedAt", o."Payload", o."PublishedAt", o."RoutingKey", o."Subject", o."Type"
      FROM cadastro.outbox_events AS o
      WHERE o."PublishedAt" IS NULL AND o."Attempts" < 10
      ORDER BY o."CreatedAt"
      LIMIT @__p_0
info: Microsoft.EntityFrameworkCore.Database.Command[20101]
      Executed DbCommand (168ms) [Parameters=[@__p_0='?' (DbType = Int32)], CommandType='Text', CommandTimeout='30']
      SELECT o."Id", o."Attempts", o."CreatedAt", o."Payload", o."PublishedAt", o."RoutingKey", o."Subject", o."Type"
      FROM cadastro.outbox_events AS o
      WHERE o."PublishedAt" IS NULL AND o."Attempts" < 10
      ORDER BY o."CreatedAt"
      LIMIT @__p_0
info: Microsoft.EntityFrameworkCore.Database.Command[20101]
      Executed DbCommand (169ms) [Parameters=[@__p_0='?' (DbType = Int32)], CommandType='Text', CommandTimeout='30']
      SELECT o."Id", o."Attempts", o."CreatedAt", o."Payload", o."PublishedAt", o."RoutingKey", o."Subject", o."Type"
      FROM cadastro.outbox_events AS o
      WHERE o."PublishedAt" IS NULL AND o."Attempts" < 10
      ORDER BY o."CreatedAt"
      LIMIT @__p_0
info: Microsoft.EntityFrameworkCore.Database.Command[20101]
      Executed DbCommand (167ms) [Parameters=[@__p_0='?' (DbType = Int32)], CommandType='Text', CommandTimeout='30']
      SELECT o."Id", o."Attempts", o."CreatedAt", o."Payload", o."PublishedAt", o."RoutingKey", o."Subject", o."Type"
      FROM cadastro.outbox_events AS o
      WHERE o."PublishedAt" IS NULL AND o."Attempts" < 10
      ORDER BY o."CreatedAt"
      LIMIT @__p_0
info: Microsoft.AspNetCore.Hosting.Diagnostics[1]
      Request starting HTTP/1.1 GET http://localhost:5001/api/v1/titulares?page=1&size=20&sort=nome - - -
info: Microsoft.AspNetCore.Routing.EndpointMiddleware[0]
      Executing endpoint 'HTTP: GET /api/v1/titulares/ => ListarTitulares'
info: Microsoft.EntityFrameworkCore.Database.Command[20101]
      Executed DbCommand (172ms) [Parameters=[], CommandType='Text', CommandTimeout='30']
      SELECT count(*)::int
      FROM cadastro.titulares AS t
info: Microsoft.EntityFrameworkCore.Database.Command[20101]
      Executed DbCommand (168ms) [Parameters=[@__p_1='?' (DbType = Int32), @__p_0='?' (DbType = Int32)], CommandType='Text', CommandTimeout='30']
      SELECT t0."Id", t0."AssociacaoId", t0."AtualizadoEm", t0."CaeIpi", t0."Cnpj", t0."Codigo", t0."Cpf", t0."CriadoEm", t0."Nacionalidade", t0."Nome", t0."Status", t0."Tipo", a."Id", a."Cnpj", a."Codigo", a."Nome", a."Sigla"
      FROM (
          SELECT t."Id", t."AssociacaoId", t."AtualizadoEm", t."CaeIpi", t."Cnpj", t."Codigo", t."Cpf", t."CriadoEm", t."Nacionalidade", t."Nome", t."Status", t."Tipo"
          FROM cadastro.titulares AS t
          ORDER BY t."Nome"
          LIMIT @__p_1 OFFSET @__p_0
      ) AS t0
      INNER JOIN cadastro.associacoes AS a ON t0."AssociacaoId" = a."Id"
      ORDER BY t0."Nome"
info: Microsoft.AspNetCore.Http.Result.OkObjectResult[1]
      Setting HTTP status code 200.
info: Microsoft.AspNetCore.Http.Result.OkObjectResult[3]
      Writing value of type 'TitularListResponse' as Json.
info: Microsoft.AspNetCore.Routing.EndpointMiddleware[1]
      Executed endpoint 'HTTP: GET /api/v1/titulares/ => ListarTitulares'
info: Microsoft.AspNetCore.Hosting.Diagnostics[2]
      Request finished HTTP/1.1 GET http://localhost:5001/api/v1/titulares?page=1&size=20&sort=nome - 200 - application/json;+charset=utf-8 415.8158ms
info: Microsoft.EntityFrameworkCore.Database.Command[20101]
      Executed DbCommand (168ms) [Parameters=[@__p_0='?' (DbType = Int32)], CommandType='Text', CommandTimeout='30']
      SELECT o."Id", o."Attempts", o."CreatedAt", o."Payload", o."PublishedAt", o."RoutingKey", o."Subject", o."Type"
      FROM cadastro.outbox_events AS o
      WHERE o."PublishedAt" IS NULL AND o."Attempts" < 10
      ORDER BY o."CreatedAt"
      LIMIT @__p_0
info: Microsoft.AspNetCore.Hosting.Diagnostics[1]
      Request starting HTTP/1.1 GET http://localhost:5001/api/v1/obras?page=1&size=20&sort=titulo - - -
info: Microsoft.AspNetCore.Routing.EndpointMiddleware[0]
      Executing endpoint 'HTTP: GET /api/v1/obras/'
info: Microsoft.EntityFrameworkCore.Database.Command[20101]
      Executed DbCommand (169ms) [Parameters=[], CommandType='Text', CommandTimeout='30']
      SELECT count(*)::int
      FROM cadastro.obras_musicais AS o
info: Microsoft.EntityFrameworkCore.Database.Command[20101]
      Executed DbCommand (166ms) [Parameters=[@__p_1='?' (DbType = Int32), @__p_0='?' (DbType = Int32)], CommandType='Text', CommandTimeout='30']
      SELECT o."Id", o."AtualizadoEm", o."BloqueioJustificativa", o."Codigo", o."CriadoEm", o."DominioPublico", o."Genero", o."Iswc", o."ObraDepuradaParaId", o."Status", o."Subtitulo", o."Tipo", o."Titulo"
      FROM cadastro.obras_musicais AS o
      ORDER BY o."Titulo"
      LIMIT @__p_1 OFFSET @__p_0
info: Microsoft.AspNetCore.Http.Result.OkObjectResult[1]
      Setting HTTP status code 200.
info: Microsoft.AspNetCore.Http.Result.OkObjectResult[3]
      Writing value of type 'ObraListResponse' as Json.
info: Microsoft.AspNetCore.Routing.EndpointMiddleware[1]
      Executed endpoint 'HTTP: GET /api/v1/obras/'
info: Microsoft.AspNetCore.Hosting.Diagnostics[2]
      Request finished HTTP/1.1 GET http://localhost:5001/api/v1/obras?page=1&size=20&sort=titulo - 200 - application/json;+charset=utf-8 339.8383ms
info: Microsoft.AspNetCore.Hosting.Diagnostics[1]
      Request starting HTTP/1.1 GET http://localhost:5001/api/v1/fonogramas?page=1&size=20&sort=isrc - - -
info: Microsoft.AspNetCore.Routing.EndpointMiddleware[0]
      Executing endpoint 'HTTP: GET /api/v1/fonogramas/'
info: Microsoft.EntityFrameworkCore.Database.Command[20101]
      Executed DbCommand (170ms) [Parameters=[], CommandType='Text', CommandTimeout='30']
      SELECT count(*)::int
      FROM cadastro.fonogramas AS f
info: Microsoft.EntityFrameworkCore.Database.Command[20101]
      Executed DbCommand (169ms) [Parameters=[@__p_1='?' (DbType = Int32), @__p_0='?' (DbType = Int32)], CommandType='Text', CommandTimeout='30']
      SELECT f0."Id", f0."AtualizadoEm", f0."BloqueioJustificativa", f0."Codigo", f0."CriadoEm", f0."DataGravacao", f0."DataLancamento", f0."FonogramaDepuradoParaId", f0."Isrc", f0."ObraId", f0."PaisOrigem", f0."PercentuaisDesatualizados", f0."Status", f0."UrlAudio", o."Id", o."AtualizadoEm", o."BloqueioJustificativa", o."Codigo", o."CriadoEm", o."DominioPublico", o."Genero", o."Iswc", o."ObraDepuradaParaId", o."Status", o."Subtitulo", o."Tipo", o."Titulo"
      FROM (
          SELECT f."Id", f."AtualizadoEm", f."BloqueioJustificativa", f."Codigo", f."CriadoEm", f."DataGravacao", f."DataLancamento", f."FonogramaDepuradoParaId", f."Isrc", f."ObraId", f."PaisOrigem", f."PercentuaisDesatualizados", f."Status", f."UrlAudio"
          FROM cadastro.fonogramas AS f
          ORDER BY f."Isrc"
          LIMIT @__p_1 OFFSET @__p_0
      ) AS f0
      INNER JOIN cadastro.obras_musicais AS o ON f0."ObraId" = o."Id"
      ORDER BY f0."Isrc"
info: Microsoft.AspNetCore.Http.Result.OkObjectResult[1]
      Setting HTTP status code 200.
info: Microsoft.AspNetCore.Http.Result.OkObjectResult[3]
      Writing value of type 'FonogramaListResponse' as Json.
info: Microsoft.AspNetCore.Routing.EndpointMiddleware[1]
      Executed endpoint 'HTTP: GET /api/v1/fonogramas/'
info: Microsoft.AspNetCore.Hosting.Diagnostics[2]
      Request finished HTTP/1.1 GET http://localhost:5001/api/v1/fonogramas?page=1&size=20&sort=isrc - 200 - application/json;+charset=utf-8 364.8568ms
info: Microsoft.EntityFrameworkCore.Database.Command[20101]
      Executed DbCommand (169ms) [Parameters=[@__p_0='?' (DbType = Int32)], CommandType='Text', CommandTimeout='30']
      SELECT o."Id", o."Attempts", o."CreatedAt", o."Payload", o."PublishedAt", o."RoutingKey", o."Subject", o."Type"
      FROM cadastro.outbox_events AS o
      WHERE o."PublishedAt" IS NULL AND o."Attempts" < 10
      ORDER BY o."CreatedAt"
      LIMIT @__p_0
info: Microsoft.EntityFrameworkCore.Database.Command[20101]
      Executed DbCommand (169ms) [Parameters=[@__p_0='?' (DbType = Int32)], CommandType='Text', CommandTimeout='30']
      SELECT o."Id", o."Attempts", o."CreatedAt", o."Payload", o."PublishedAt", o."RoutingKey", o."Subject", o."Type"
      FROM cadastro.outbox_events AS o
      WHERE o."PublishedAt" IS NULL AND o."Attempts" < 10
      ORDER BY o."CreatedAt"
      LIMIT @__p_0
info: Microsoft.EntityFrameworkCore.Database.Command[20101]
      Executed DbCommand (169ms) [Parameters=[@__p_0='?' (DbType = Int32)], CommandType='Text', CommandTimeout='30']
      SELECT o."Id", o."Attempts", o."CreatedAt", o."Payload", o."PublishedAt", o."RoutingKey", o."Subject", o."Type"
      FROM cadastro.outbox_events AS o
      WHERE o."PublishedAt" IS NULL AND o."Attempts" < 10
      ORDER BY o."CreatedAt"
      LIMIT @__p_0
info: Microsoft.EntityFrameworkCore.Database.Command[20101]
      Executed DbCommand (168ms) [Parameters=[@__p_0='?' (DbType = Int32)], CommandType='Text', CommandTimeout='30']
      SELECT o."Id", o."Attempts", o."CreatedAt", o."Payload", o."PublishedAt", o."RoutingKey", o."Subject", o."Type"
      FROM cadastro.outbox_events AS o
      WHERE o."PublishedAt" IS NULL AND o."Attempts" < 10
      ORDER BY o."CreatedAt"
      LIMIT @__p_0
info: Microsoft.EntityFrameworkCore.Database.Command[20101]
      Executed DbCommand (168ms) [Parameters=[@__p_0='?' (DbType = Int32)], CommandType='Text', CommandTimeout='30']
      SELECT o."Id", o."Attempts", o."CreatedAt", o."Payload", o."PublishedAt", o."RoutingKey", o."Subject", o."Type"
      FROM cadastro.outbox_events AS o
      WHERE o."PublishedAt" IS NULL AND o."Attempts" < 10
      ORDER BY o."CreatedAt"
      LIMIT @__p_0
info: Microsoft.EntityFrameworkCore.Database.Command[20101]
      Executed DbCommand (168ms) [Parameters=[@__p_0='?' (DbType = Int32)], CommandType='Text', CommandTimeout='30']
      SELECT o."Id", o."Attempts", o."CreatedAt", o."Payload", o."PublishedAt", o."RoutingKey", o."Subject", o."Type"
      FROM cadastro.outbox_events AS o
      WHERE o."PublishedAt" IS NULL AND o."Attempts" < 10
      ORDER BY o."CreatedAt"
      LIMIT @__p_0
info: Microsoft.EntityFrameworkCore.Database.Command[20101]
      Executed DbCommand (168ms) [Parameters=[@__p_0='?' (DbType = Int32)], CommandType='Text', CommandTimeout='30']
      SELECT o."Id", o."Attempts", o."CreatedAt", o."Payload", o."PublishedAt", o."RoutingKey", o."Subject", o."Type"
      FROM cadastro.outbox_events AS o
      WHERE o."PublishedAt" IS NULL AND o."Attempts" < 10
      ORDER BY o."CreatedAt"
      LIMIT @__p_0
info: Microsoft.AspNetCore.Hosting.Diagnostics[1]
      Request starting HTTP/1.1 GET http://localhost:5001/api/v1/obras?page=1&size=20&sort=titulo - - -
info: Microsoft.AspNetCore.Routing.EndpointMiddleware[0]
      Executing endpoint 'HTTP: GET /api/v1/obras/'
info: Microsoft.EntityFrameworkCore.Database.Command[20101]
      Executed DbCommand (168ms) [Parameters=[], CommandType='Text', CommandTimeout='30']
      SELECT count(*)::int
      FROM cadastro.obras_musicais AS o
info: Microsoft.EntityFrameworkCore.Database.Command[20101]
      Executed DbCommand (165ms) [Parameters=[@__p_1='?' (DbType = Int32), @__p_0='?' (DbType = Int32)], CommandType='Text', CommandTimeout='30']
      SELECT o."Id", o."AtualizadoEm", o."BloqueioJustificativa", o."Codigo", o."CriadoEm", o."DominioPublico", o."Genero", o."Iswc", o."ObraDepuradaParaId", o."Status", o."Subtitulo", o."Tipo", o."Titulo"
      FROM cadastro.obras_musicais AS o
      ORDER BY o."Titulo"
      LIMIT @__p_1 OFFSET @__p_0
info: Microsoft.AspNetCore.Http.Result.OkObjectResult[1]
      Setting HTTP status code 200.
info: Microsoft.AspNetCore.Http.Result.OkObjectResult[3]
      Writing value of type 'ObraListResponse' as Json.
info: Microsoft.AspNetCore.Routing.EndpointMiddleware[1]
      Executed endpoint 'HTTP: GET /api/v1/obras/'
info: Microsoft.AspNetCore.Hosting.Diagnostics[2]
      Request finished HTTP/1.1 GET http://localhost:5001/api/v1/obras?page=1&size=20&sort=titulo - 200 - application/json;+charset=utf-8 336.6343ms
info: Microsoft.EntityFrameworkCore.Database.Command[20101]
      Executed DbCommand (169ms) [Parameters=[@__p_0='?' (DbType = Int32)], CommandType='Text', CommandTimeout='30']
      SELECT o."Id", o."Attempts", o."CreatedAt", o."Payload", o."PublishedAt", o."RoutingKey", o."Subject", o."Type"
      FROM cadastro.outbox_events AS o
      WHERE o."PublishedAt" IS NULL AND o."Attempts" < 10
      ORDER BY o."CreatedAt"
      LIMIT @__p_0
info: Microsoft.EntityFrameworkCore.Database.Command[20101]
      Executed DbCommand (167ms) [Parameters=[@__p_0='?' (DbType = Int32)], CommandType='Text', CommandTimeout='30']
      SELECT o."Id", o."Attempts", o."CreatedAt", o."Payload", o."PublishedAt", o."RoutingKey", o."Subject", o."Type"
      FROM cadastro.outbox_events AS o
      WHERE o."PublishedAt" IS NULL AND o."Attempts" < 10
      ORDER BY o."CreatedAt"
      LIMIT @__p_0
info: Microsoft.AspNetCore.Hosting.Diagnostics[1]
      Request starting HTTP/1.1 GET http://localhost:5001/api/v1/obras?page=1&size=20&sort=titulo - - -
info: Microsoft.AspNetCore.Routing.EndpointMiddleware[0]
      Executing endpoint 'HTTP: GET /api/v1/obras/'
info: Microsoft.EntityFrameworkCore.Database.Command[20101]
      Executed DbCommand (167ms) [Parameters=[], CommandType='Text', CommandTimeout='30']
      SELECT count(*)::int
      FROM cadastro.obras_musicais AS o
info: Microsoft.EntityFrameworkCore.Database.Command[20101]
      Executed DbCommand (166ms) [Parameters=[@__p_1='?' (DbType = Int32), @__p_0='?' (DbType = Int32)], CommandType='Text', CommandTimeout='30']
      SELECT o."Id", o."AtualizadoEm", o."BloqueioJustificativa", o."Codigo", o."CriadoEm", o."DominioPublico", o."Genero", o."Iswc", o."ObraDepuradaParaId", o."Status", o."Subtitulo", o."Tipo", o."Titulo"
      FROM cadastro.obras_musicais AS o
      ORDER BY o."Titulo"
      LIMIT @__p_1 OFFSET @__p_0
info: Microsoft.AspNetCore.Http.Result.OkObjectResult[1]
      Setting HTTP status code 200.
info: Microsoft.AspNetCore.Http.Result.OkObjectResult[3]
      Writing value of type 'ObraListResponse' as Json.
info: Microsoft.AspNetCore.Routing.EndpointMiddleware[1]
      Executed endpoint 'HTTP: GET /api/v1/obras/'
info: Microsoft.AspNetCore.Hosting.Diagnostics[2]
      Request finished HTTP/1.1 GET http://localhost:5001/api/v1/obras?page=1&size=20&sort=titulo - 200 - application/json;+charset=utf-8 336.7625ms
info: Microsoft.EntityFrameworkCore.Database.Command[20101]
      Executed DbCommand (166ms) [Parameters=[@__p_0='?' (DbType = Int32)], CommandType='Text', CommandTimeout='30']
      SELECT o."Id", o."Attempts", o."CreatedAt", o."Payload", o."PublishedAt", o."RoutingKey", o."Subject", o."Type"
      FROM cadastro.outbox_events AS o
      WHERE o."PublishedAt" IS NULL AND o."Attempts" < 10
      ORDER BY o."CreatedAt"
      LIMIT @__p_0
info: Microsoft.EntityFrameworkCore.Database.Command[20101]
      Executed DbCommand (166ms) [Parameters=[@__p_0='?' (DbType = Int32)], CommandType='Text', CommandTimeout='30']
      SELECT o."Id", o."Attempts", o."CreatedAt", o."Payload", o."PublishedAt", o."RoutingKey", o."Subject", o."Type"
      FROM cadastro.outbox_events AS o
      WHERE o."PublishedAt" IS NULL AND o."Attempts" < 10
      ORDER BY o."CreatedAt"
      LIMIT @__p_0
info: Microsoft.EntityFrameworkCore.Database.Command[20101]
      Executed DbCommand (167ms) [Parameters=[@__p_0='?' (DbType = Int32)], CommandType='Text', CommandTimeout='30']
      SELECT o."Id", o."Attempts", o."CreatedAt", o."Payload", o."PublishedAt", o."RoutingKey", o."Subject", o."Type"
      FROM cadastro.outbox_events AS o
      WHERE o."PublishedAt" IS NULL AND o."Attempts" < 10
      ORDER BY o."CreatedAt"
      LIMIT @__p_0
info: Microsoft.AspNetCore.Hosting.Diagnostics[1]
      Request starting HTTP/1.1 GET http://localhost:5001/api/v1/obras?page=1&size=20&sort=titulo - - -
info: Microsoft.AspNetCore.Routing.EndpointMiddleware[0]
      Executing endpoint 'HTTP: GET /api/v1/obras/'
info: Microsoft.EntityFrameworkCore.Database.Command[20101]
      Executed DbCommand (175ms) [Parameters=[], CommandType='Text', CommandTimeout='30']
      SELECT count(*)::int
      FROM cadastro.obras_musicais AS o
info: Microsoft.EntityFrameworkCore.Database.Command[20101]
      Executed DbCommand (167ms) [Parameters=[@__p_1='?' (DbType = Int32), @__p_0='?' (DbType = Int32)], CommandType='Text', CommandTimeout='30']
      SELECT o."Id", o."AtualizadoEm", o."BloqueioJustificativa", o."Codigo", o."CriadoEm", o."DominioPublico", o."Genero", o."Iswc", o."ObraDepuradaParaId", o."Status", o."Subtitulo", o."Tipo", o."Titulo"
      FROM cadastro.obras_musicais AS o
      ORDER BY o."Titulo"
      LIMIT @__p_1 OFFSET @__p_0
info: Microsoft.AspNetCore.Http.Result.OkObjectResult[1]
      Setting HTTP status code 200.
info: Microsoft.AspNetCore.Http.Result.OkObjectResult[3]
      Writing value of type 'ObraListResponse' as Json.
info: Microsoft.AspNetCore.Routing.EndpointMiddleware[1]
      Executed endpoint 'HTTP: GET /api/v1/obras/'
info: Microsoft.AspNetCore.Hosting.Diagnostics[2]
      Request finished HTTP/1.1 GET http://localhost:5001/api/v1/obras?page=1&size=20&sort=titulo - 200 - application/json;+charset=utf-8 345.0906ms
info: Microsoft.EntityFrameworkCore.Database.Command[20101]
      Executed DbCommand (206ms) [Parameters=[@__p_0='?' (DbType = Int32)], CommandType='Text', CommandTimeout='30']
      SELECT o."Id", o."Attempts", o."CreatedAt", o."Payload", o."PublishedAt", o."RoutingKey", o."Subject", o."Type"
      FROM cadastro.outbox_events AS o
      WHERE o."PublishedAt" IS NULL AND o."Attempts" < 10
      ORDER BY o."CreatedAt"
      LIMIT @__p_0
info: Microsoft.EntityFrameworkCore.Database.Command[20101]
      Executed DbCommand (166ms) [Parameters=[@__p_0='?' (DbType = Int32)], CommandType='Text', CommandTimeout='30']
      SELECT o."Id", o."Attempts", o."CreatedAt", o."Payload", o."PublishedAt", o."RoutingKey", o."Subject", o."Type"
      FROM cadastro.outbox_events AS o
      WHERE o."PublishedAt" IS NULL AND o."Attempts" < 10
      ORDER BY o."CreatedAt"
      LIMIT @__p_0
info: Microsoft.AspNetCore.Hosting.Diagnostics[1]
      Request starting HTTP/1.1 GET http://localhost:5001/api/v1/obras?page=1&size=20&sort=titulo - - -
info: Microsoft.AspNetCore.Routing.EndpointMiddleware[0]
      Executing endpoint 'HTTP: GET /api/v1/obras/'
info: Microsoft.EntityFrameworkCore.Database.Command[20101]
      Executed DbCommand (168ms) [Parameters=[], CommandType='Text', CommandTimeout='30']
      SELECT count(*)::int
      FROM cadastro.obras_musicais AS o
info: Microsoft.EntityFrameworkCore.Database.Command[20101]
      Executed DbCommand (166ms) [Parameters=[@__p_1='?' (DbType = Int32), @__p_0='?' (DbType = Int32)], CommandType='Text', CommandTimeout='30']
      SELECT o."Id", o."AtualizadoEm", o."BloqueioJustificativa", o."Codigo", o."CriadoEm", o."DominioPublico", o."Genero", o."Iswc", o."ObraDepuradaParaId", o."Status", o."Subtitulo", o."Tipo", o."Titulo"
      FROM cadastro.obras_musicais AS o
      ORDER BY o."Titulo"
      LIMIT @__p_1 OFFSET @__p_0
info: Microsoft.AspNetCore.Http.Result.OkObjectResult[1]
      Setting HTTP status code 200.
info: Microsoft.AspNetCore.Http.Result.OkObjectResult[3]
      Writing value of type 'ObraListResponse' as Json.
info: Microsoft.AspNetCore.Routing.EndpointMiddleware[1]
      Executed endpoint 'HTTP: GET /api/v1/obras/'
info: Microsoft.AspNetCore.Hosting.Diagnostics[2]
      Request finished HTTP/1.1 GET http://localhost:5001/api/v1/obras?page=1&size=20&sort=titulo - 200 - application/json;+charset=utf-8 337.0193ms
info: Microsoft.EntityFrameworkCore.Database.Command[20101]
      Executed DbCommand (168ms) [Parameters=[@__p_0='?' (DbType = Int32)], CommandType='Text', CommandTimeout='30']
      SELECT o."Id", o."Attempts", o."CreatedAt", o."Payload", o."PublishedAt", o."RoutingKey", o."Subject", o."Type"
      FROM cadastro.outbox_events AS o
      WHERE o."PublishedAt" IS NULL AND o."Attempts" < 10
      ORDER BY o."CreatedAt"
      LIMIT @__p_0
info: Microsoft.EntityFrameworkCore.Database.Command[20101]
      Executed DbCommand (166ms) [Parameters=[@__p_0='?' (DbType = Int32)], CommandType='Text', CommandTimeout='30']
      SELECT o."Id", o."Attempts", o."CreatedAt", o."Payload", o."PublishedAt", o."RoutingKey", o."Subject", o."Type"
      FROM cadastro.outbox_events AS o
      WHERE o."PublishedAt" IS NULL AND o."Attempts" < 10
      ORDER BY o."CreatedAt"
      LIMIT @__p_0
info: Microsoft.EntityFrameworkCore.Database.Command[20101]
      Executed DbCommand (168ms) [Parameters=[@__p_0='?' (DbType = Int32)], CommandType='Text', CommandTimeout='30']
      SELECT o."Id", o."Attempts", o."CreatedAt", o."Payload", o."PublishedAt", o."RoutingKey", o."Subject", o."Type"
      FROM cadastro.outbox_events AS o
      WHERE o."PublishedAt" IS NULL AND o."Attempts" < 10
      ORDER BY o."CreatedAt"
      LIMIT @__p_0
info: Microsoft.EntityFrameworkCore.Database.Command[20101]
      Executed DbCommand (168ms) [Parameters=[@__p_0='?' (DbType = Int32)], CommandType='Text', CommandTimeout='30']
      SELECT o."Id", o."Attempts", o."CreatedAt", o."Payload", o."PublishedAt", o."RoutingKey", o."Subject", o."Type"
      FROM cadastro.outbox_events AS o
      WHERE o."PublishedAt" IS NULL AND o."Attempts" < 10
      ORDER BY o."CreatedAt"
      LIMIT @__p_0
info: Microsoft.EntityFrameworkCore.Database.Command[20101]
      Executed DbCommand (169ms) [Parameters=[@__p_0='?' (DbType = Int32)], CommandType='Text', CommandTimeout='30']
      SELECT o."Id", o."Attempts", o."CreatedAt", o."Payload", o."PublishedAt", o."RoutingKey", o."Subject", o."Type"
      FROM cadastro.outbox_events AS o
      WHERE o."PublishedAt" IS NULL AND o."Attempts" < 10
      ORDER BY o."CreatedAt"
      LIMIT @__p_0
info: Microsoft.EntityFrameworkCore.Database.Command[20101]
      Executed DbCommand (167ms) [Parameters=[@__p_0='?' (DbType = Int32)], CommandType='Text', CommandTimeout='30']
      SELECT o."Id", o."Attempts", o."CreatedAt", o."Payload", o."PublishedAt", o."RoutingKey", o."Subject", o."Type"
      FROM cadastro.outbox_events AS o
      WHERE o."PublishedAt" IS NULL AND o."Attempts" < 10
      ORDER BY o."CreatedAt"
      LIMIT @__p_0
info: Microsoft.EntityFrameworkCore.Database.Command[20101]
      Executed DbCommand (168ms) [Parameters=[@__p_0='?' (DbType = Int32)], CommandType='Text', CommandTimeout='30']
      SELECT o."Id", o."Attempts", o."CreatedAt", o."Payload", o."PublishedAt", o."RoutingKey", o."Subject", o."Type"
      FROM cadastro.outbox_events AS o
      WHERE o."PublishedAt" IS NULL AND o."Attempts" < 10
      ORDER BY o."CreatedAt"
      LIMIT @__p_0
info: Microsoft.EntityFrameworkCore.Database.Command[20101]
      Executed DbCommand (168ms) [Parameters=[@__p_0='?' (DbType = Int32)], CommandType='Text', CommandTimeout='30']
      SELECT o."Id", o."Attempts", o."CreatedAt", o."Payload", o."PublishedAt", o."RoutingKey", o."Subject", o."Type"
      FROM cadastro.outbox_events AS o
      WHERE o."PublishedAt" IS NULL AND o."Attempts" < 10
      ORDER BY o."CreatedAt"
      LIMIT @__p_0
info: Microsoft.EntityFrameworkCore.Database.Command[20101]
      Executed DbCommand (167ms) [Parameters=[@__p_0='?' (DbType = Int32)], CommandType='Text', CommandTimeout='30']
      SELECT o."Id", o."Attempts", o."CreatedAt", o."Payload", o."PublishedAt", o."RoutingKey", o."Subject", o."Type"
      FROM cadastro.outbox_events AS o
      WHERE o."PublishedAt" IS NULL AND o."Attempts" < 10
      ORDER BY o."CreatedAt"
      LIMIT @__p_0
info: Microsoft.EntityFrameworkCore.Database.Command[20101]
      Executed DbCommand (181ms) [Parameters=[@__p_0='?' (DbType = Int32)], CommandType='Text', CommandTimeout='30']
      SELECT o."Id", o."Attempts", o."CreatedAt", o."Payload", o."PublishedAt", o."RoutingKey", o."Subject", o."Type"
      FROM cadastro.outbox_events AS o
      WHERE o."PublishedAt" IS NULL AND o."Attempts" < 10
      ORDER BY o."CreatedAt"
      LIMIT @__p_0
info: Microsoft.EntityFrameworkCore.Database.Command[20101]
      Executed DbCommand (166ms) [Parameters=[@__p_0='?' (DbType = Int32)], CommandType='Text', CommandTimeout='30']
      SELECT o."Id", o."Attempts", o."CreatedAt", o."Payload", o."PublishedAt", o."RoutingKey", o."Subject", o."Type"
      FROM cadastro.outbox_events AS o
      WHERE o."PublishedAt" IS NULL AND o."Attempts" < 10
      ORDER BY o."CreatedAt"
      LIMIT @__p_0
info: Microsoft.EntityFrameworkCore.Database.Command[20101]
      Executed DbCommand (169ms) [Parameters=[@__p_0='?' (DbType = Int32)], CommandType='Text', CommandTimeout='30']
      SELECT o."Id", o."Attempts", o."CreatedAt", o."Payload", o."PublishedAt", o."RoutingKey", o."Subject", o."Type"
      FROM cadastro.outbox_events AS o
      WHERE o."PublishedAt" IS NULL AND o."Attempts" < 10
      ORDER BY o."CreatedAt"
      LIMIT @__p_0
info: Microsoft.EntityFrameworkCore.Database.Command[20101]
      Executed DbCommand (169ms) [Parameters=[@__p_0='?' (DbType = Int32)], CommandType='Text', CommandTimeout='30']
      SELECT o."Id", o."Attempts", o."CreatedAt", o."Payload", o."PublishedAt", o."RoutingKey", o."Subject", o."Type"
      FROM cadastro.outbox_events AS o
      WHERE o."PublishedAt" IS NULL AND o."Attempts" < 10
      ORDER BY o."CreatedAt"
      LIMIT @__p_0
info: Microsoft.EntityFrameworkCore.Database.Command[20101]
      Executed DbCommand (169ms) [Parameters=[@__p_0='?' (DbType = Int32)], CommandType='Text', CommandTimeout='30']
      SELECT o."Id", o."Attempts", o."CreatedAt", o."Payload", o."PublishedAt", o."RoutingKey", o."Subject", o."Type"
      FROM cadastro.outbox_events AS o
      WHERE o."PublishedAt" IS NULL AND o."Attempts" < 10
      ORDER BY o."CreatedAt"
      LIMIT @__p_0
info: Microsoft.EntityFrameworkCore.Database.Command[20101]
      Executed DbCommand (169ms) [Parameters=[@__p_0='?' (DbType = Int32)], CommandType='Text', CommandTimeout='30']
      SELECT o."Id", o."Attempts", o."CreatedAt", o."Payload", o."PublishedAt", o."RoutingKey", o."Subject", o."Type"
      FROM cadastro.outbox_events AS o
      WHERE o."PublishedAt" IS NULL AND o."Attempts" < 10
      ORDER BY o."CreatedAt"
      LIMIT @__p_0
info: Microsoft.EntityFrameworkCore.Database.Command[20101]
      Executed DbCommand (168ms) [Parameters=[@__p_0='?' (DbType = Int32)], CommandType='Text', CommandTimeout='30']
      SELECT o."Id", o."Attempts", o."CreatedAt", o."Payload", o."PublishedAt", o."RoutingKey", o."Subject", o."Type"
      FROM cadastro.outbox_events AS o
      WHERE o."PublishedAt" IS NULL AND o."Attempts" < 10
      ORDER BY o."CreatedAt"
      LIMIT @__p_0
info: Microsoft.EntityFrameworkCore.Database.Command[20101]
      Executed DbCommand (168ms) [Parameters=[@__p_0='?' (DbType = Int32)], CommandType='Text', CommandTimeout='30']
      SELECT o."Id", o."Attempts", o."CreatedAt", o."Payload", o."PublishedAt", o."RoutingKey", o."Subject", o."Type"
      FROM cadastro.outbox_events AS o
      WHERE o."PublishedAt" IS NULL AND o."Attempts" < 10
      ORDER BY o."CreatedAt"
      LIMIT @__p_0
info: Microsoft.EntityFrameworkCore.Database.Command[20101]
      Executed DbCommand (168ms) [Parameters=[@__p_0='?' (DbType = Int32)], CommandType='Text', CommandTimeout='30']
      SELECT o."Id", o."Attempts", o."CreatedAt", o."Payload", o."PublishedAt", o."RoutingKey", o."Subject", o."Type"
      FROM cadastro.outbox_events AS o
      WHERE o."PublishedAt" IS NULL AND o."Attempts" < 10
      ORDER BY o."CreatedAt"
      LIMIT @__p_0
info: Microsoft.EntityFrameworkCore.Database.Command[20101]
      Executed DbCommand (168ms) [Parameters=[@__p_0='?' (DbType = Int32)], CommandType='Text', CommandTimeout='30']
      SELECT o."Id", o."Attempts", o."CreatedAt", o."Payload", o."PublishedAt", o."RoutingKey", o."Subject", o."Type"
      FROM cadastro.outbox_events AS o
      WHERE o."PublishedAt" IS NULL AND o."Attempts" < 10
      ORDER BY o."CreatedAt"
      LIMIT @__p_0
info: Microsoft.EntityFrameworkCore.Database.Command[20101]
      Executed DbCommand (169ms) [Parameters=[@__p_0='?' (DbType = Int32)], CommandType='Text', CommandTimeout='30']
      SELECT o."Id", o."Attempts", o."CreatedAt", o."Payload", o."PublishedAt", o."RoutingKey", o."Subject", o."Type"
      FROM cadastro.outbox_events AS o
      WHERE o."PublishedAt" IS NULL AND o."Attempts" < 10
      ORDER BY o."CreatedAt"
      LIMIT @__p_0
info: Microsoft.EntityFrameworkCore.Database.Command[20101]
      Executed DbCommand (167ms) [Parameters=[@__p_0='?' (DbType = Int32)], CommandType='Text', CommandTimeout='30']
      SELECT o."Id", o."Attempts", o."CreatedAt", o."Payload", o."PublishedAt", o."RoutingKey", o."Subject", o."Type"
      FROM cadastro.outbox_events AS o
      WHERE o."PublishedAt" IS NULL AND o."Attempts" < 10
      ORDER BY o."CreatedAt"
      LIMIT @__p_0
info: Microsoft.EntityFrameworkCore.Database.Command[20101]
      Executed DbCommand (167ms) [Parameters=[@__p_0='?' (DbType = Int32)], CommandType='Text', CommandTimeout='30']
      SELECT o."Id", o."Attempts", o."CreatedAt", o."Payload", o."PublishedAt", o."RoutingKey", o."Subject", o."Type"
      FROM cadastro.outbox_events AS o
      WHERE o."PublishedAt" IS NULL AND o."Attempts" < 10
      ORDER BY o."CreatedAt"
      LIMIT @__p_0
info: Microsoft.EntityFrameworkCore.Database.Command[20101]
      Executed DbCommand (169ms) [Parameters=[@__p_0='?' (DbType = Int32)], CommandType='Text', CommandTimeout='30']
      SELECT o."Id", o."Attempts", o."CreatedAt", o."Payload", o."PublishedAt", o."RoutingKey", o."Subject", o."Type"
      FROM cadastro.outbox_events AS o
      WHERE o."PublishedAt" IS NULL AND o."Attempts" < 10
      ORDER BY o."CreatedAt"
      LIMIT @__p_0
info: Microsoft.EntityFrameworkCore.Database.Command[20101]
      Executed DbCommand (168ms) [Parameters=[@__p_0='?' (DbType = Int32)], CommandType='Text', CommandTimeout='30']
      SELECT o."Id", o."Attempts", o."CreatedAt", o."Payload", o."PublishedAt", o."RoutingKey", o."Subject", o."Type"
      FROM cadastro.outbox_events AS o
      WHERE o."PublishedAt" IS NULL AND o."Attempts" < 10
      ORDER BY o."CreatedAt"
      LIMIT @__p_0
info: Microsoft.AspNetCore.Hosting.Diagnostics[1]
      Request starting HTTP/1.1 GET http://localhost:5001/api/v1/obras?page=1&size=20&sort=titulo - - -
info: Microsoft.AspNetCore.Routing.EndpointMiddleware[0]
      Executing endpoint 'HTTP: GET /api/v1/obras/'
info: Microsoft.EntityFrameworkCore.Database.Command[20101]
      Executed DbCommand (175ms) [Parameters=[], CommandType='Text', CommandTimeout='30']
      SELECT count(*)::int
      FROM cadastro.obras_musicais AS o
info: Microsoft.EntityFrameworkCore.Database.Command[20101]
      Executed DbCommand (166ms) [Parameters=[@__p_1='?' (DbType = Int32), @__p_0='?' (DbType = Int32)], CommandType='Text', CommandTimeout='30']
      SELECT o."Id", o."AtualizadoEm", o."BloqueioJustificativa", o."Codigo", o."CriadoEm", o."DominioPublico", o."Genero", o."Iswc", o."ObraDepuradaParaId", o."Status", o."Subtitulo", o."Tipo", o."Titulo"
      FROM cadastro.obras_musicais AS o
      ORDER BY o."Titulo"
      LIMIT @__p_1 OFFSET @__p_0
info: Microsoft.AspNetCore.Http.Result.OkObjectResult[1]
      Setting HTTP status code 200.
info: Microsoft.AspNetCore.Http.Result.OkObjectResult[3]
      Writing value of type 'ObraListResponse' as Json.
info: Microsoft.AspNetCore.Routing.EndpointMiddleware[1]
      Executed endpoint 'HTTP: GET /api/v1/obras/'
info: Microsoft.AspNetCore.Hosting.Diagnostics[2]
      Request finished HTTP/1.1 GET http://localhost:5001/api/v1/obras?page=1&size=20&sort=titulo - 200 - application/json;+charset=utf-8 344.0212ms
info: Microsoft.EntityFrameworkCore.Database.Command[20101]
      Executed DbCommand (168ms) [Parameters=[@__p_0='?' (DbType = Int32)], CommandType='Text', CommandTimeout='30']
      SELECT o."Id", o."Attempts", o."CreatedAt", o."Payload", o."PublishedAt", o."RoutingKey", o."Subject", o."Type"
      FROM cadastro.outbox_events AS o
      WHERE o."PublishedAt" IS NULL AND o."Attempts" < 10
      ORDER BY o."CreatedAt"
      LIMIT @__p_0
info: Microsoft.EntityFrameworkCore.Database.Command[20101]
      Executed DbCommand (167ms) [Parameters=[@__p_0='?' (DbType = Int32)], CommandType='Text', CommandTimeout='30']
      SELECT o."Id", o."Attempts", o."CreatedAt", o."Payload", o."PublishedAt", o."RoutingKey", o."Subject", o."Type"
      FROM cadastro.outbox_events AS o
      WHERE o."PublishedAt" IS NULL AND o."Attempts" < 10
      ORDER BY o."CreatedAt"
      LIMIT @__p_0
info: Microsoft.AspNetCore.Hosting.Diagnostics[1]
      Request starting HTTP/1.1 GET http://localhost:5001/api/v1/obras?page=1&size=20&sort=titulo - - -
info: Microsoft.AspNetCore.Routing.EndpointMiddleware[0]
      Executing endpoint 'HTTP: GET /api/v1/obras/'
info: Microsoft.EntityFrameworkCore.Database.Command[20101]
      Executed DbCommand (168ms) [Parameters=[], CommandType='Text', CommandTimeout='30']
      SELECT count(*)::int
      FROM cadastro.obras_musicais AS o
info: Microsoft.EntityFrameworkCore.Database.Command[20101]
      Executed DbCommand (167ms) [Parameters=[@__p_1='?' (DbType = Int32), @__p_0='?' (DbType = Int32)], CommandType='Text', CommandTimeout='30']
      SELECT o."Id", o."AtualizadoEm", o."BloqueioJustificativa", o."Codigo", o."CriadoEm", o."DominioPublico", o."Genero", o."Iswc", o."ObraDepuradaParaId", o."Status", o."Subtitulo", o."Tipo", o."Titulo"
      FROM cadastro.obras_musicais AS o
      ORDER BY o."Titulo"
      LIMIT @__p_1 OFFSET @__p_0
info: Microsoft.AspNetCore.Http.Result.OkObjectResult[1]
      Setting HTTP status code 200.
info: Microsoft.AspNetCore.Http.Result.OkObjectResult[3]
      Writing value of type 'ObraListResponse' as Json.
info: Microsoft.AspNetCore.Routing.EndpointMiddleware[1]
      Executed endpoint 'HTTP: GET /api/v1/obras/'
info: Microsoft.AspNetCore.Hosting.Diagnostics[2]
      Request finished HTTP/1.1 GET http://localhost:5001/api/v1/obras?page=1&size=20&sort=titulo - 200 - application/json;+charset=utf-8 337.3112ms
info: Microsoft.EntityFrameworkCore.Database.Command[20101]
      Executed DbCommand (168ms) [Parameters=[@__p_0='?' (DbType = Int32)], CommandType='Text', CommandTimeout='30']
      SELECT o."Id", o."Attempts", o."CreatedAt", o."Payload", o."PublishedAt", o."RoutingKey", o."Subject", o."Type"
      FROM cadastro.outbox_events AS o
      WHERE o."PublishedAt" IS NULL AND o."Attempts" < 10
      ORDER BY o."CreatedAt"
      LIMIT @__p_0
info: Microsoft.EntityFrameworkCore.Database.Command[20101]
      Executed DbCommand (169ms) [Parameters=[@__p_0='?' (DbType = Int32)], CommandType='Text', CommandTimeout='30']
      SELECT o."Id", o."Attempts", o."CreatedAt", o."Payload", o."PublishedAt", o."RoutingKey", o."Subject", o."Type"
      FROM cadastro.outbox_events AS o
      WHERE o."PublishedAt" IS NULL AND o."Attempts" < 10
      ORDER BY o."CreatedAt"
      LIMIT @__p_0
info: Microsoft.EntityFrameworkCore.Database.Command[20101]
      Executed DbCommand (169ms) [Parameters=[@__p_0='?' (DbType = Int32)], CommandType='Text', CommandTimeout='30']
      SELECT o."Id", o."Attempts", o."CreatedAt", o."Payload", o."PublishedAt", o."RoutingKey", o."Subject", o."Type"
      FROM cadastro.outbox_events AS o
      WHERE o."PublishedAt" IS NULL AND o."Attempts" < 10
      ORDER BY o."CreatedAt"
      LIMIT @__p_0
info: Microsoft.EntityFrameworkCore.Database.Command[20101]
      Executed DbCommand (169ms) [Parameters=[@__p_0='?' (DbType = Int32)], CommandType='Text', CommandTimeout='30']
      SELECT o."Id", o."Attempts", o."CreatedAt", o."Payload", o."PublishedAt", o."RoutingKey", o."Subject", o."Type"
      FROM cadastro.outbox_events AS o
      WHERE o."PublishedAt" IS NULL AND o."Attempts" < 10
      ORDER BY o."CreatedAt"
      LIMIT @__p_0
info: Microsoft.EntityFrameworkCore.Database.Command[20101]
      Executed DbCommand (167ms) [Parameters=[@__p_0='?' (DbType = Int32)], CommandType='Text', CommandTimeout='30']
      SELECT o."Id", o."Attempts", o."CreatedAt", o."Payload", o."PublishedAt", o."RoutingKey", o."Subject", o."Type"
      FROM cadastro.outbox_events AS o
      WHERE o."PublishedAt" IS NULL AND o."Attempts" < 10
      ORDER BY o."CreatedAt"
      LIMIT @__p_0
info: Microsoft.EntityFrameworkCore.Database.Command[20101]
      Executed DbCommand (168ms) [Parameters=[@__p_0='?' (DbType = Int32)], CommandType='Text', CommandTimeout='30']
      SELECT o."Id", o."Attempts", o."CreatedAt", o."Payload", o."PublishedAt", o."RoutingKey", o."Subject", o."Type"
      FROM cadastro.outbox_events AS o
      WHERE o."PublishedAt" IS NULL AND o."Attempts" < 10
      ORDER BY o."CreatedAt"
      LIMIT @__p_0
info: Microsoft.EntityFrameworkCore.Database.Command[20101]
      Executed DbCommand (167ms) [Parameters=[@__p_0='?' (DbType = Int32)], CommandType='Text', CommandTimeout='30']
      SELECT o."Id", o."Attempts", o."CreatedAt", o."Payload", o."PublishedAt", o."RoutingKey", o."Subject", o."Type"
      FROM cadastro.outbox_events AS o
      WHERE o."PublishedAt" IS NULL AND o."Attempts" < 10
      ORDER BY o."CreatedAt"
      LIMIT @__p_0
info: Microsoft.EntityFrameworkCore.Database.Command[20101]
      Executed DbCommand (168ms) [Parameters=[@__p_0='?' (DbType = Int32)], CommandType='Text', CommandTimeout='30']
      SELECT o."Id", o."Attempts", o."CreatedAt", o."Payload", o."PublishedAt", o."RoutingKey", o."Subject", o."Type"
      FROM cadastro.outbox_events AS o
      WHERE o."PublishedAt" IS NULL AND o."Attempts" < 10
      ORDER BY o."CreatedAt"
      LIMIT @__p_0
info: Microsoft.EntityFrameworkCore.Database.Command[20101]
      Executed DbCommand (168ms) [Parameters=[@__p_0='?' (DbType = Int32)], CommandType='Text', CommandTimeout='30']
      SELECT o."Id", o."Attempts", o."CreatedAt", o."Payload", o."PublishedAt", o."RoutingKey", o."Subject", o."Type"
      FROM cadastro.outbox_events AS o
      WHERE o."PublishedAt" IS NULL AND o."Attempts" < 10
      ORDER BY o."CreatedAt"
      LIMIT @__p_0
info: Microsoft.EntityFrameworkCore.Database.Command[20101]
      Executed DbCommand (168ms) [Parameters=[@__p_0='?' (DbType = Int32)], CommandType='Text', CommandTimeout='30']
      SELECT o."Id", o."Attempts", o."CreatedAt", o."Payload", o."PublishedAt", o."RoutingKey", o."Subject", o."Type"
      FROM cadastro.outbox_events AS o
      WHERE o."PublishedAt" IS NULL AND o."Attempts" < 10
      ORDER BY o."CreatedAt"
      LIMIT @__p_0
info: Microsoft.EntityFrameworkCore.Database.Command[20101]
      Executed DbCommand (168ms) [Parameters=[@__p_0='?' (DbType = Int32)], CommandType='Text', CommandTimeout='30']
      SELECT o."Id", o."Attempts", o."CreatedAt", o."Payload", o."PublishedAt", o."RoutingKey", o."Subject", o."Type"
      FROM cadastro.outbox_events AS o
      WHERE o."PublishedAt" IS NULL AND o."Attempts" < 10
      ORDER BY o."CreatedAt"
      LIMIT @__p_0
info: Microsoft.EntityFrameworkCore.Database.Command[20101]
      Executed DbCommand (169ms) [Parameters=[@__p_0='?' (DbType = Int32)], CommandType='Text', CommandTimeout='30']
      SELECT o."Id", o."Attempts", o."CreatedAt", o."Payload", o."PublishedAt", o."RoutingKey", o."Subject", o."Type"
      FROM cadastro.outbox_events AS o
      WHERE o."PublishedAt" IS NULL AND o."Attempts" < 10
      ORDER BY o."CreatedAt"
      LIMIT @__p_0
info: Microsoft.EntityFrameworkCore.Database.Command[20101]
      Executed DbCommand (168ms) [Parameters=[@__p_0='?' (DbType = Int32)], CommandType='Text', CommandTimeout='30']
      SELECT o."Id", o."Attempts", o."CreatedAt", o."Payload", o."PublishedAt", o."RoutingKey", o."Subject", o."Type"
      FROM cadastro.outbox_events AS o
      WHERE o."PublishedAt" IS NULL AND o."Attempts" < 10
      ORDER BY o."CreatedAt"
      LIMIT @__p_0
info: Microsoft.EntityFrameworkCore.Database.Command[20101]
      Executed DbCommand (169ms) [Parameters=[@__p_0='?' (DbType = Int32)], CommandType='Text', CommandTimeout='30']
      SELECT o."Id", o."Attempts", o."CreatedAt", o."Payload", o."PublishedAt", o."RoutingKey", o."Subject", o."Type"
      FROM cadastro.outbox_events AS o
      WHERE o."PublishedAt" IS NULL AND o."Attempts" < 10
      ORDER BY o."CreatedAt"
      LIMIT @__p_0
info: Microsoft.EntityFrameworkCore.Database.Command[20101]
      Executed DbCommand (170ms) [Parameters=[@__p_0='?' (DbType = Int32)], CommandType='Text', CommandTimeout='30']
      SELECT o."Id", o."Attempts", o."CreatedAt", o."Payload", o."PublishedAt", o."RoutingKey", o."Subject", o."Type"
      FROM cadastro.outbox_events AS o
      WHERE o."PublishedAt" IS NULL AND o."Attempts" < 10
      ORDER BY o."CreatedAt"
      LIMIT @__p_0
info: Microsoft.EntityFrameworkCore.Database.Command[20101]
      Executed DbCommand (170ms) [Parameters=[@__p_0='?' (DbType = Int32)], CommandType='Text', CommandTimeout='30']
      SELECT o."Id", o."Attempts", o."CreatedAt", o."Payload", o."PublishedAt", o."RoutingKey", o."Subject", o."Type"
      FROM cadastro.outbox_events AS o
      WHERE o."PublishedAt" IS NULL AND o."Attempts" < 10
      ORDER BY o."CreatedAt"
      LIMIT @__p_0
info: Microsoft.EntityFrameworkCore.Database.Command[20101]
      Executed DbCommand (168ms) [Parameters=[@__p_0='?' (DbType = Int32)], CommandType='Text', CommandTimeout='30']
      SELECT o."Id", o."Attempts", o."CreatedAt", o."Payload", o."PublishedAt", o."RoutingKey", o."Subject", o."Type"
      FROM cadastro.outbox_events AS o
      WHERE o."PublishedAt" IS NULL AND o."Attempts" < 10
      ORDER BY o."CreatedAt"
      LIMIT @__p_0
info: Microsoft.EntityFrameworkCore.Database.Command[20101]
      Executed DbCommand (166ms) [Parameters=[@__p_0='?' (DbType = Int32)], CommandType='Text', CommandTimeout='30']
      SELECT o."Id", o."Attempts", o."CreatedAt", o."Payload", o."PublishedAt", o."RoutingKey", o."Subject", o."Type"
      FROM cadastro.outbox_events AS o
      WHERE o."PublishedAt" IS NULL AND o."Attempts" < 10
      ORDER BY o."CreatedAt"
      LIMIT @__p_0
info: Microsoft.EntityFrameworkCore.Database.Command[20101]
      Executed DbCommand (168ms) [Parameters=[@__p_0='?' (DbType = Int32)], CommandType='Text', CommandTimeout='30']
      SELECT o."Id", o."Attempts", o."CreatedAt", o."Payload", o."PublishedAt", o."RoutingKey", o."Subject", o."Type"
      FROM cadastro.outbox_events AS o
      WHERE o."PublishedAt" IS NULL AND o."Attempts" < 10
      ORDER BY o."CreatedAt"
      LIMIT @__p_0
info: Microsoft.EntityFrameworkCore.Database.Command[20101]
      Executed DbCommand (168ms) [Parameters=[@__p_0='?' (DbType = Int32)], CommandType='Text', CommandTimeout='30']
      SELECT o."Id", o."Attempts", o."CreatedAt", o."Payload", o."PublishedAt", o."RoutingKey", o."Subject", o."Type"
      FROM cadastro.outbox_events AS o
      WHERE o."PublishedAt" IS NULL AND o."Attempts" < 10
      ORDER BY o."CreatedAt"
      LIMIT @__p_0
info: Microsoft.EntityFrameworkCore.Database.Command[20101]
      Executed DbCommand (168ms) [Parameters=[@__p_0='?' (DbType = Int32)], CommandType='Text', CommandTimeout='30']
      SELECT o."Id", o."Attempts", o."CreatedAt", o."Payload", o."PublishedAt", o."RoutingKey", o."Subject", o."Type"
      FROM cadastro.outbox_events AS o
      WHERE o."PublishedAt" IS NULL AND o."Attempts" < 10
      ORDER BY o."CreatedAt"
      LIMIT @__p_0
info: Microsoft.EntityFrameworkCore.Database.Command[20101]
      Executed DbCommand (168ms) [Parameters=[@__p_0='?' (DbType = Int32)], CommandType='Text', CommandTimeout='30']
      SELECT o."Id", o."Attempts", o."CreatedAt", o."Payload", o."PublishedAt", o."RoutingKey", o."Subject", o."Type"
      FROM cadastro.outbox_events AS o
      WHERE o."PublishedAt" IS NULL AND o."Attempts" < 10
      ORDER BY o."CreatedAt"
      LIMIT @__p_0
info: Microsoft.EntityFrameworkCore.Database.Command[20101]
      Executed DbCommand (169ms) [Parameters=[@__p_0='?' (DbType = Int32)], CommandType='Text', CommandTimeout='30']
      SELECT o."Id", o."Attempts", o."CreatedAt", o."Payload", o."PublishedAt", o."RoutingKey", o."Subject", o."Type"
      FROM cadastro.outbox_events AS o
      WHERE o."PublishedAt" IS NULL AND o."Attempts" < 10
      ORDER BY o."CreatedAt"
      LIMIT @__p_0
info: Microsoft.EntityFrameworkCore.Database.Command[20101]
      Executed DbCommand (168ms) [Parameters=[@__p_0='?' (DbType = Int32)], CommandType='Text', CommandTimeout='30']
      SELECT o."Id", o."Attempts", o."CreatedAt", o."Payload", o."PublishedAt", o."RoutingKey", o."Subject", o."Type"
      FROM cadastro.outbox_events AS o
      WHERE o."PublishedAt" IS NULL AND o."Attempts" < 10
      ORDER BY o."CreatedAt"
      LIMIT @__p_0
info: Microsoft.EntityFrameworkCore.Database.Command[20101]
      Executed DbCommand (167ms) [Parameters=[@__p_0='?' (DbType = Int32)], CommandType='Text', CommandTimeout='30']
      SELECT o."Id", o."Attempts", o."CreatedAt", o."Payload", o."PublishedAt", o."RoutingKey", o."Subject", o."Type"
      FROM cadastro.outbox_events AS o
      WHERE o."PublishedAt" IS NULL AND o."Attempts" < 10
      ORDER BY o."CreatedAt"
      LIMIT @__p_0
info: Microsoft.EntityFrameworkCore.Database.Command[20101]
      Executed DbCommand (166ms) [Parameters=[@__p_0='?' (DbType = Int32)], CommandType='Text', CommandTimeout='30']
      SELECT o."Id", o."Attempts", o."CreatedAt", o."Payload", o."PublishedAt", o."RoutingKey", o."Subject", o."Type"
      FROM cadastro.outbox_events AS o
      WHERE o."PublishedAt" IS NULL AND o."Attempts" < 10
      ORDER BY o."CreatedAt"
      LIMIT @__p_0
info: Microsoft.EntityFrameworkCore.Database.Command[20101]
      Executed DbCommand (167ms) [Parameters=[@__p_0='?' (DbType = Int32)], CommandType='Text', CommandTimeout='30']
      SELECT o."Id", o."Attempts", o."CreatedAt", o."Payload", o."PublishedAt", o."RoutingKey", o."Subject", o."Type"
      FROM cadastro.outbox_events AS o
      WHERE o."PublishedAt" IS NULL AND o."Attempts" < 10
      ORDER BY o."CreatedAt"
      LIMIT @__p_0
info: Microsoft.EntityFrameworkCore.Database.Command[20101]
      Executed DbCommand (168ms) [Parameters=[@__p_0='?' (DbType = Int32)], CommandType='Text', CommandTimeout='30']
      SELECT o."Id", o."Attempts", o."CreatedAt", o."Payload", o."PublishedAt", o."RoutingKey", o."Subject", o."Type"
      FROM cadastro.outbox_events AS o
      WHERE o."PublishedAt" IS NULL AND o."Attempts" < 10
      ORDER BY o."CreatedAt"
      LIMIT @__p_0
info: Microsoft.EntityFrameworkCore.Database.Command[20101]
      Executed DbCommand (168ms) [Parameters=[@__p_0='?' (DbType = Int32)], CommandType='Text', CommandTimeout='30']
      SELECT o."Id", o."Attempts", o."CreatedAt", o."Payload", o."PublishedAt", o."RoutingKey", o."Subject", o."Type"
      FROM cadastro.outbox_events AS o
      WHERE o."PublishedAt" IS NULL AND o."Attempts" < 10
      ORDER BY o."CreatedAt"
      LIMIT @__p_0
info: Microsoft.EntityFrameworkCore.Database.Command[20101]
      Executed DbCommand (168ms) [Parameters=[@__p_0='?' (DbType = Int32)], CommandType='Text', CommandTimeout='30']
      SELECT o."Id", o."Attempts", o."CreatedAt", o."Payload", o."PublishedAt", o."RoutingKey", o."Subject", o."Type"
      FROM cadastro.outbox_events AS o
      WHERE o."PublishedAt" IS NULL AND o."Attempts" < 10
      ORDER BY o."CreatedAt"
      LIMIT @__p_0
info: Microsoft.EntityFrameworkCore.Database.Command[20101]
      Executed DbCommand (166ms) [Parameters=[@__p_0='?' (DbType = Int32)], CommandType='Text', CommandTimeout='30']
      SELECT o."Id", o."Attempts", o."CreatedAt", o."Payload", o."PublishedAt", o."RoutingKey", o."Subject", o."Type"
      FROM cadastro.outbox_events AS o
      WHERE o."PublishedAt" IS NULL AND o."Attempts" < 10
      ORDER BY o."CreatedAt"
      LIMIT @__p_0
info: Microsoft.EntityFrameworkCore.Database.Command[20101]
      Executed DbCommand (169ms) [Parameters=[@__p_0='?' (DbType = Int32)], CommandType='Text', CommandTimeout='30']
      SELECT o."Id", o."Attempts", o."CreatedAt", o."Payload", o."PublishedAt", o."RoutingKey", o."Subject", o."Type"
      FROM cadastro.outbox_events AS o
      WHERE o."PublishedAt" IS NULL AND o."Attempts" < 10
      ORDER BY o."CreatedAt"
      LIMIT @__p_0
info: Microsoft.EntityFrameworkCore.Database.Command[20101]
      Executed DbCommand (167ms) [Parameters=[@__p_0='?' (DbType = Int32)], CommandType='Text', CommandTimeout='30']
      SELECT o."Id", o."Attempts", o."CreatedAt", o."Payload", o."PublishedAt", o."RoutingKey", o."Subject", o."Type"
      FROM cadastro.outbox_events AS o
      WHERE o."PublishedAt" IS NULL AND o."Attempts" < 10
      ORDER BY o."CreatedAt"
      LIMIT @__p_0
info: Microsoft.EntityFrameworkCore.Database.Command[20101]
      Executed DbCommand (165ms) [Parameters=[@__p_0='?' (DbType = Int32)], CommandType='Text', CommandTimeout='30']
      SELECT o."Id", o."Attempts", o."CreatedAt", o."Payload", o."PublishedAt", o."RoutingKey", o."Subject", o."Type"
      FROM cadastro.outbox_events AS o
      WHERE o."PublishedAt" IS NULL AND o."Attempts" < 10
      ORDER BY o."CreatedAt"
      LIMIT @__p_0
info: Microsoft.EntityFrameworkCore.Database.Command[20101]
      Executed DbCommand (169ms) [Parameters=[@__p_0='?' (DbType = Int32)], CommandType='Text', CommandTimeout='30']
      SELECT o."Id", o."Attempts", o."CreatedAt", o."Payload", o."PublishedAt", o."RoutingKey", o."Subject", o."Type"
      FROM cadastro.outbox_events AS o
      WHERE o."PublishedAt" IS NULL AND o."Attempts" < 10
      ORDER BY o."CreatedAt"
      LIMIT @__p_0
info: Microsoft.EntityFrameworkCore.Database.Command[20101]
      Executed DbCommand (168ms) [Parameters=[@__p_0='?' (DbType = Int32)], CommandType='Text', CommandTimeout='30']
      SELECT o."Id", o."Attempts", o."CreatedAt", o."Payload", o."PublishedAt", o."RoutingKey", o."Subject", o."Type"
      FROM cadastro.outbox_events AS o
      WHERE o."PublishedAt" IS NULL AND o."Attempts" < 10
      ORDER BY o."CreatedAt"
      LIMIT @__p_0
info: Microsoft.EntityFrameworkCore.Database.Command[20101]
      Executed DbCommand (168ms) [Parameters=[@__p_0='?' (DbType = Int32)], CommandType='Text', CommandTimeout='30']
      SELECT o."Id", o."Attempts", o."CreatedAt", o."Payload", o."PublishedAt", o."RoutingKey", o."Subject", o."Type"
      FROM cadastro.outbox_events AS o
      WHERE o."PublishedAt" IS NULL AND o."Attempts" < 10
      ORDER BY o."CreatedAt"
      LIMIT @__p_0
info: Microsoft.EntityFrameworkCore.Database.Command[20101]
      Executed DbCommand (169ms) [Parameters=[@__p_0='?' (DbType = Int32)], CommandType='Text', CommandTimeout='30']
      SELECT o."Id", o."Attempts", o."CreatedAt", o."Payload", o."PublishedAt", o."RoutingKey", o."Subject", o."Type"
      FROM cadastro.outbox_events AS o
      WHERE o."PublishedAt" IS NULL AND o."Attempts" < 10
      ORDER BY o."CreatedAt"
      LIMIT @__p_0
info: Microsoft.EntityFrameworkCore.Database.Command[20101]
      Executed DbCommand (169ms) [Parameters=[@__p_0='?' (DbType = Int32)], CommandType='Text', CommandTimeout='30']
      SELECT o."Id", o."Attempts", o."CreatedAt", o."Payload", o."PublishedAt", o."RoutingKey", o."Subject", o."Type"
      FROM cadastro.outbox_events AS o
      WHERE o."PublishedAt" IS NULL AND o."Attempts" < 10
      ORDER BY o."CreatedAt"
      LIMIT @__p_0
info: Microsoft.EntityFrameworkCore.Database.Command[20101]
      Executed DbCommand (168ms) [Parameters=[@__p_0='?' (DbType = Int32)], CommandType='Text', CommandTimeout='30']
      SELECT o."Id", o."Attempts", o."CreatedAt", o."Payload", o."PublishedAt", o."RoutingKey", o."Subject", o."Type"
      FROM cadastro.outbox_events AS o
      WHERE o."PublishedAt" IS NULL AND o."Attempts" < 10
      ORDER BY o."CreatedAt"
      LIMIT @__p_0
info: Microsoft.EntityFrameworkCore.Database.Command[20101]
      Executed DbCommand (169ms) [Parameters=[@__p_0='?' (DbType = Int32)], CommandType='Text', CommandTimeout='30']
      SELECT o."Id", o."Attempts", o."CreatedAt", o."Payload", o."PublishedAt", o."RoutingKey", o."Subject", o."Type"
      FROM cadastro.outbox_events AS o
      WHERE o."PublishedAt" IS NULL AND o."Attempts" < 10
      ORDER BY o."CreatedAt"
      LIMIT @__p_0
info: Microsoft.EntityFrameworkCore.Database.Command[20101]
      Executed DbCommand (168ms) [Parameters=[@__p_0='?' (DbType = Int32)], CommandType='Text', CommandTimeout='30']
      SELECT o."Id", o."Attempts", o."CreatedAt", o."Payload", o."PublishedAt", o."RoutingKey", o."Subject", o."Type"
      FROM cadastro.outbox_events AS o
      WHERE o."PublishedAt" IS NULL AND o."Attempts" < 10
      ORDER BY o."CreatedAt"
      LIMIT @__p_0
info: Microsoft.EntityFrameworkCore.Database.Command[20101]
      Executed DbCommand (168ms) [Parameters=[@__p_0='?' (DbType = Int32)], CommandType='Text', CommandTimeout='30']
      SELECT o."Id", o."Attempts", o."CreatedAt", o."Payload", o."PublishedAt", o."RoutingKey", o."Subject", o."Type"
      FROM cadastro.outbox_events AS o
      WHERE o."PublishedAt" IS NULL AND o."Attempts" < 10
      ORDER BY o."CreatedAt"
      LIMIT @__p_0
info: Microsoft.EntityFrameworkCore.Database.Command[20101]
      Executed DbCommand (170ms) [Parameters=[@__p_0='?' (DbType = Int32)], CommandType='Text', CommandTimeout='30']
      SELECT o."Id", o."Attempts", o."CreatedAt", o."Payload", o."PublishedAt", o."RoutingKey", o."Subject", o."Type"
      FROM cadastro.outbox_events AS o
      WHERE o."PublishedAt" IS NULL AND o."Attempts" < 10
      ORDER BY o."CreatedAt"
      LIMIT @__p_0
info: Microsoft.EntityFrameworkCore.Database.Command[20101]
      Executed DbCommand (167ms) [Parameters=[@__p_0='?' (DbType = Int32)], CommandType='Text', CommandTimeout='30']
      SELECT o."Id", o."Attempts", o."CreatedAt", o."Payload", o."PublishedAt", o."RoutingKey", o."Subject", o."Type"
      FROM cadastro.outbox_events AS o
      WHERE o."PublishedAt" IS NULL AND o."Attempts" < 10
      ORDER BY o."CreatedAt"
      LIMIT @__p_0
info: Microsoft.EntityFrameworkCore.Database.Command[20101]
      Executed DbCommand (166ms) [Parameters=[@__p_0='?' (DbType = Int32)], CommandType='Text', CommandTimeout='30']
      SELECT o."Id", o."Attempts", o."CreatedAt", o."Payload", o."PublishedAt", o."RoutingKey", o."Subject", o."Type"
      FROM cadastro.outbox_events AS o
      WHERE o."PublishedAt" IS NULL AND o."Attempts" < 10
      ORDER BY o."CreatedAt"
      LIMIT @__p_0
info: Microsoft.EntityFrameworkCore.Database.Command[20101]
      Executed DbCommand (168ms) [Parameters=[@__p_0='?' (DbType = Int32)], CommandType='Text', CommandTimeout='30']
      SELECT o."Id", o."Attempts", o."CreatedAt", o."Payload", o."PublishedAt", o."RoutingKey", o."Subject", o."Type"
      FROM cadastro.outbox_events AS o
      WHERE o."PublishedAt" IS NULL AND o."Attempts" < 10
      ORDER BY o."CreatedAt"
      LIMIT @__p_0
info: Microsoft.EntityFrameworkCore.Database.Command[20101]
      Executed DbCommand (166ms) [Parameters=[@__p_0='?' (DbType = Int32)], CommandType='Text', CommandTimeout='30']
      SELECT o."Id", o."Attempts", o."CreatedAt", o."Payload", o."PublishedAt", o."RoutingKey", o."Subject", o."Type"
      FROM cadastro.outbox_events AS o
      WHERE o."PublishedAt" IS NULL AND o."Attempts" < 10
      ORDER BY o."CreatedAt"
      LIMIT @__p_0
info: Microsoft.EntityFrameworkCore.Database.Command[20101]
      Executed DbCommand (168ms) [Parameters=[@__p_0='?' (DbType = Int32)], CommandType='Text', CommandTimeout='30']
      SELECT o."Id", o."Attempts", o."CreatedAt", o."Payload", o."PublishedAt", o."RoutingKey", o."Subject", o."Type"
      FROM cadastro.outbox_events AS o
      WHERE o."PublishedAt" IS NULL AND o."Attempts" < 10
      ORDER BY o."CreatedAt"
      LIMIT @__p_0
info: Microsoft.EntityFrameworkCore.Database.Command[20101]
      Executed DbCommand (168ms) [Parameters=[@__p_0='?' (DbType = Int32)], CommandType='Text', CommandTimeout='30']
      SELECT o."Id", o."Attempts", o."CreatedAt", o."Payload", o."PublishedAt", o."RoutingKey", o."Subject", o."Type"
      FROM cadastro.outbox_events AS o
      WHERE o."PublishedAt" IS NULL AND o."Attempts" < 10
      ORDER BY o."CreatedAt"
      LIMIT @__p_0
info: Microsoft.EntityFrameworkCore.Database.Command[20101]
      Executed DbCommand (170ms) [Parameters=[@__p_0='?' (DbType = Int32)], CommandType='Text', CommandTimeout='30']
      SELECT o."Id", o."Attempts", o."CreatedAt", o."Payload", o."PublishedAt", o."RoutingKey", o."Subject", o."Type"
      FROM cadastro.outbox_events AS o
      WHERE o."PublishedAt" IS NULL AND o."Attempts" < 10
      ORDER BY o."CreatedAt"
      LIMIT @__p_0
info: Microsoft.EntityFrameworkCore.Database.Command[20101]
      Executed DbCommand (166ms) [Parameters=[@__p_0='?' (DbType = Int32)], CommandType='Text', CommandTimeout='30']
      SELECT o."Id", o."Attempts", o."CreatedAt", o."Payload", o."PublishedAt", o."RoutingKey", o."Subject", o."Type"
      FROM cadastro.outbox_events AS o
      WHERE o."PublishedAt" IS NULL AND o."Attempts" < 10
      ORDER BY o."CreatedAt"
      LIMIT @__p_0
info: Microsoft.EntityFrameworkCore.Database.Command[20101]
      Executed DbCommand (166ms) [Parameters=[@__p_0='?' (DbType = Int32)], CommandType='Text', CommandTimeout='30']
      SELECT o."Id", o."Attempts", o."CreatedAt", o."Payload", o."PublishedAt", o."RoutingKey", o."Subject", o."Type"
      FROM cadastro.outbox_events AS o
      WHERE o."PublishedAt" IS NULL AND o."Attempts" < 10
      ORDER BY o."CreatedAt"
      LIMIT @__p_0
info: Microsoft.EntityFrameworkCore.Database.Command[20101]
      Executed DbCommand (169ms) [Parameters=[@__p_0='?' (DbType = Int32)], CommandType='Text', CommandTimeout='30']
      SELECT o."Id", o."Attempts", o."CreatedAt", o."Payload", o."PublishedAt", o."RoutingKey", o."Subject", o."Type"
      FROM cadastro.outbox_events AS o
      WHERE o."PublishedAt" IS NULL AND o."Attempts" < 10
      ORDER BY o."CreatedAt"
      LIMIT @__p_0
info: Microsoft.EntityFrameworkCore.Database.Command[20101]
      Executed DbCommand (169ms) [Parameters=[@__p_0='?' (DbType = Int32)], CommandType='Text', CommandTimeout='30']
      SELECT o."Id", o."Attempts", o."CreatedAt", o."Payload", o."PublishedAt", o."RoutingKey", o."Subject", o."Type"
      FROM cadastro.outbox_events AS o
      WHERE o."PublishedAt" IS NULL AND o."Attempts" < 10
      ORDER BY o."CreatedAt"
      LIMIT @__p_0
info: Microsoft.EntityFrameworkCore.Database.Command[20101]
      Executed DbCommand (167ms) [Parameters=[@__p_0='?' (DbType = Int32)], CommandType='Text', CommandTimeout='30']
      SELECT o."Id", o."Attempts", o."CreatedAt", o."Payload", o."PublishedAt", o."RoutingKey", o."Subject", o."Type"
      FROM cadastro.outbox_events AS o
      WHERE o."PublishedAt" IS NULL AND o."Attempts" < 10
      ORDER BY o."CreatedAt"
      LIMIT @__p_0
info: Microsoft.EntityFrameworkCore.Database.Command[20101]
      Executed DbCommand (168ms) [Parameters=[@__p_0='?' (DbType = Int32)], CommandType='Text', CommandTimeout='30']
      SELECT o."Id", o."Attempts", o."CreatedAt", o."Payload", o."PublishedAt", o."RoutingKey", o."Subject", o."Type"
      FROM cadastro.outbox_events AS o
      WHERE o."PublishedAt" IS NULL AND o."Attempts" < 10
      ORDER BY o."CreatedAt"
      LIMIT @__p_0
info: Microsoft.EntityFrameworkCore.Database.Command[20101]
      Executed DbCommand (167ms) [Parameters=[@__p_0='?' (DbType = Int32)], CommandType='Text', CommandTimeout='30']
      SELECT o."Id", o."Attempts", o."CreatedAt", o."Payload", o."PublishedAt", o."RoutingKey", o."Subject", o."Type"
      FROM cadastro.outbox_events AS o
      WHERE o."PublishedAt" IS NULL AND o."Attempts" < 10
      ORDER BY o."CreatedAt"
      LIMIT @__p_0
info: Microsoft.EntityFrameworkCore.Database.Command[20101]
      Executed DbCommand (169ms) [Parameters=[@__p_0='?' (DbType = Int32)], CommandType='Text', CommandTimeout='30']
      SELECT o."Id", o."Attempts", o."CreatedAt", o."Payload", o."PublishedAt", o."RoutingKey", o."Subject", o."Type"
      FROM cadastro.outbox_events AS o
      WHERE o."PublishedAt" IS NULL AND o."Attempts" < 10
      ORDER BY o."CreatedAt"
      LIMIT @__p_0
info: Microsoft.EntityFrameworkCore.Database.Command[20101]
      Executed DbCommand (169ms) [Parameters=[@__p_0='?' (DbType = Int32)], CommandType='Text', CommandTimeout='30']
      SELECT o."Id", o."Attempts", o."CreatedAt", o."Payload", o."PublishedAt", o."RoutingKey", o."Subject", o."Type"
      FROM cadastro.outbox_events AS o
      WHERE o."PublishedAt" IS NULL AND o."Attempts" < 10
      ORDER BY o."CreatedAt"
      LIMIT @__p_0
info: Microsoft.EntityFrameworkCore.Database.Command[20101]
      Executed DbCommand (169ms) [Parameters=[@__p_0='?' (DbType = Int32)], CommandType='Text', CommandTimeout='30']
      SELECT o."Id", o."Attempts", o."CreatedAt", o."Payload", o."PublishedAt", o."RoutingKey", o."Subject", o."Type"
      FROM cadastro.outbox_events AS o
      WHERE o."PublishedAt" IS NULL AND o."Attempts" < 10
      ORDER BY o."CreatedAt"
      LIMIT @__p_0
info: Microsoft.EntityFrameworkCore.Database.Command[20101]
      Executed DbCommand (168ms) [Parameters=[@__p_0='?' (DbType = Int32)], CommandType='Text', CommandTimeout='30']
      SELECT o."Id", o."Attempts", o."CreatedAt", o."Payload", o."PublishedAt", o."RoutingKey", o."Subject", o."Type"
      FROM cadastro.outbox_events AS o
      WHERE o."PublishedAt" IS NULL AND o."Attempts" < 10
      ORDER BY o."CreatedAt"
      LIMIT @__p_0
info: Microsoft.EntityFrameworkCore.Database.Command[20101]
      Executed DbCommand (168ms) [Parameters=[@__p_0='?' (DbType = Int32)], CommandType='Text', CommandTimeout='30']
      SELECT o."Id", o."Attempts", o."CreatedAt", o."Payload", o."PublishedAt", o."RoutingKey", o."Subject", o."Type"
      FROM cadastro.outbox_events AS o
      WHERE o."PublishedAt" IS NULL AND o."Attempts" < 10
      ORDER BY o."CreatedAt"
      LIMIT @__p_0
info: Microsoft.EntityFrameworkCore.Database.Command[20101]
      Executed DbCommand (168ms) [Parameters=[@__p_0='?' (DbType = Int32)], CommandType='Text', CommandTimeout='30']
      SELECT o."Id", o."Attempts", o."CreatedAt", o."Payload", o."PublishedAt", o."RoutingKey", o."Subject", o."Type"
      FROM cadastro.outbox_events AS o
      WHERE o."PublishedAt" IS NULL AND o."Attempts" < 10
      ORDER BY o."CreatedAt"
      LIMIT @__p_0
info: Microsoft.EntityFrameworkCore.Database.Command[20101]
      Executed DbCommand (168ms) [Parameters=[@__p_0='?' (DbType = Int32)], CommandType='Text', CommandTimeout='30']
      SELECT o."Id", o."Attempts", o."CreatedAt", o."Payload", o."PublishedAt", o."RoutingKey", o."Subject", o."Type"
      FROM cadastro.outbox_events AS o
      WHERE o."PublishedAt" IS NULL AND o."Attempts" < 10
      ORDER BY o."CreatedAt"
      LIMIT @__p_0
info: Microsoft.EntityFrameworkCore.Database.Command[20101]
      Executed DbCommand (169ms) [Parameters=[@__p_0='?' (DbType = Int32)], CommandType='Text', CommandTimeout='30']
      SELECT o."Id", o."Attempts", o."CreatedAt", o."Payload", o."PublishedAt", o."RoutingKey", o."Subject", o."Type"
      FROM cadastro.outbox_events AS o
      WHERE o."PublishedAt" IS NULL AND o."Attempts" < 10
      ORDER BY o."CreatedAt"
      LIMIT @__p_0
info: Microsoft.EntityFrameworkCore.Database.Command[20101]
      Executed DbCommand (170ms) [Parameters=[@__p_0='?' (DbType = Int32)], CommandType='Text', CommandTimeout='30']
      SELECT o."Id", o."Attempts", o."CreatedAt", o."Payload", o."PublishedAt", o."RoutingKey", o."Subject", o."Type"
      FROM cadastro.outbox_events AS o
      WHERE o."PublishedAt" IS NULL AND o."Attempts" < 10
      ORDER BY o."CreatedAt"
      LIMIT @__p_0
info: Microsoft.EntityFrameworkCore.Database.Command[20101]
      Executed DbCommand (168ms) [Parameters=[@__p_0='?' (DbType = Int32)], CommandType='Text', CommandTimeout='30']
      SELECT o."Id", o."Attempts", o."CreatedAt", o."Payload", o."PublishedAt", o."RoutingKey", o."Subject", o."Type"
      FROM cadastro.outbox_events AS o
      WHERE o."PublishedAt" IS NULL AND o."Attempts" < 10
      ORDER BY o."CreatedAt"
      LIMIT @__p_0
info: Microsoft.EntityFrameworkCore.Database.Command[20101]
      Executed DbCommand (169ms) [Parameters=[@__p_0='?' (DbType = Int32)], CommandType='Text', CommandTimeout='30']
      SELECT o."Id", o."Attempts", o."CreatedAt", o."Payload", o."PublishedAt", o."RoutingKey", o."Subject", o."Type"
      FROM cadastro.outbox_events AS o
      WHERE o."PublishedAt" IS NULL AND o."Attempts" < 10
      ORDER BY o."CreatedAt"
      LIMIT @__p_0
info: Microsoft.EntityFrameworkCore.Database.Command[20101]
      Executed DbCommand (169ms) [Parameters=[@__p_0='?' (DbType = Int32)], CommandType='Text', CommandTimeout='30']
      SELECT o."Id", o."Attempts", o."CreatedAt", o."Payload", o."PublishedAt", o."RoutingKey", o."Subject", o."Type"
      FROM cadastro.outbox_events AS o
      WHERE o."PublishedAt" IS NULL AND o."Attempts" < 10
      ORDER BY o."CreatedAt"
      LIMIT @__p_0
info: Microsoft.EntityFrameworkCore.Database.Command[20101]
      Executed DbCommand (168ms) [Parameters=[@__p_0='?' (DbType = Int32)], CommandType='Text', CommandTimeout='30']
      SELECT o."Id", o."Attempts", o."CreatedAt", o."Payload", o."PublishedAt", o."RoutingKey", o."Subject", o."Type"
      FROM cadastro.outbox_events AS o
      WHERE o."PublishedAt" IS NULL AND o."Attempts" < 10
      ORDER BY o."CreatedAt"
      LIMIT @__p_0
info: Microsoft.EntityFrameworkCore.Database.Command[20101]
      Executed DbCommand (167ms) [Parameters=[@__p_0='?' (DbType = Int32)], CommandType='Text', CommandTimeout='30']
      SELECT o."Id", o."Attempts", o."CreatedAt", o."Payload", o."PublishedAt", o."RoutingKey", o."Subject", o."Type"
      FROM cadastro.outbox_events AS o
      WHERE o."PublishedAt" IS NULL AND o."Attempts" < 10
      ORDER BY o."CreatedAt"
      LIMIT @__p_0
info: Microsoft.EntityFrameworkCore.Database.Command[20101]
      Executed DbCommand (168ms) [Parameters=[@__p_0='?' (DbType = Int32)], CommandType='Text', CommandTimeout='30']
      SELECT o."Id", o."Attempts", o."CreatedAt", o."Payload", o."PublishedAt", o."RoutingKey", o."Subject", o."Type"
      FROM cadastro.outbox_events AS o
      WHERE o."PublishedAt" IS NULL AND o."Attempts" < 10
      ORDER BY o."CreatedAt"
      LIMIT @__p_0
info: Microsoft.EntityFrameworkCore.Database.Command[20101]
      Executed DbCommand (169ms) [Parameters=[@__p_0='?' (DbType = Int32)], CommandType='Text', CommandTimeout='30']
      SELECT o."Id", o."Attempts", o."CreatedAt", o."Payload", o."PublishedAt", o."RoutingKey", o."Subject", o."Type"
      FROM cadastro.outbox_events AS o
      WHERE o."PublishedAt" IS NULL AND o."Attempts" < 10
      ORDER BY o."CreatedAt"
      LIMIT @__p_0
info: Microsoft.EntityFrameworkCore.Database.Command[20101]
      Executed DbCommand (168ms) [Parameters=[@__p_0='?' (DbType = Int32)], CommandType='Text', CommandTimeout='30']
      SELECT o."Id", o."Attempts", o."CreatedAt", o."Payload", o."PublishedAt", o."RoutingKey", o."Subject", o."Type"
      FROM cadastro.outbox_events AS o
      WHERE o."PublishedAt" IS NULL AND o."Attempts" < 10
      ORDER BY o."CreatedAt"
      LIMIT @__p_0
info: Microsoft.EntityFrameworkCore.Database.Command[20101]
      Executed DbCommand (168ms) [Parameters=[@__p_0='?' (DbType = Int32)], CommandType='Text', CommandTimeout='30']
      SELECT o."Id", o."Attempts", o."CreatedAt", o."Payload", o."PublishedAt", o."RoutingKey", o."Subject", o."Type"
      FROM cadastro.outbox_events AS o
      WHERE o."PublishedAt" IS NULL AND o."Attempts" < 10
      ORDER BY o."CreatedAt"
      LIMIT @__p_0
info: Microsoft.EntityFrameworkCore.Database.Command[20101]
      Executed DbCommand (167ms) [Parameters=[@__p_0='?' (DbType = Int32)], CommandType='Text', CommandTimeout='30']
      SELECT o."Id", o."Attempts", o."CreatedAt", o."Payload", o."PublishedAt", o."RoutingKey", o."Subject", o."Type"
      FROM cadastro.outbox_events AS o
      WHERE o."PublishedAt" IS NULL AND o."Attempts" < 10
      ORDER BY o."CreatedAt"
      LIMIT @__p_0
info: Microsoft.EntityFrameworkCore.Database.Command[20101]
      Executed DbCommand (168ms) [Parameters=[@__p_0='?' (DbType = Int32)], CommandType='Text', CommandTimeout='30']
      SELECT o."Id", o."Attempts", o."CreatedAt", o."Payload", o."PublishedAt", o."RoutingKey", o."Subject", o."Type"
      FROM cadastro.outbox_events AS o
      WHERE o."PublishedAt" IS NULL AND o."Attempts" < 10
      ORDER BY o."CreatedAt"
      LIMIT @__p_0
info: Microsoft.EntityFrameworkCore.Database.Command[20101]
      Executed DbCommand (167ms) [Parameters=[@__p_0='?' (DbType = Int32)], CommandType='Text', CommandTimeout='30']
      SELECT o."Id", o."Attempts", o."CreatedAt", o."Payload", o."PublishedAt", o."RoutingKey", o."Subject", o."Type"
      FROM cadastro.outbox_events AS o
      WHERE o."PublishedAt" IS NULL AND o."Attempts" < 10
      ORDER BY o."CreatedAt"
      LIMIT @__p_0
info: Microsoft.EntityFrameworkCore.Database.Command[20101]
      Executed DbCommand (168ms) [Parameters=[@__p_0='?' (DbType = Int32)], CommandType='Text', CommandTimeout='30']
      SELECT o."Id", o."Attempts", o."CreatedAt", o."Payload", o."PublishedAt", o."RoutingKey", o."Subject", o."Type"
      FROM cadastro.outbox_events AS o
      WHERE o."PublishedAt" IS NULL AND o."Attempts" < 10
      ORDER BY o."CreatedAt"
      LIMIT @__p_0
info: Microsoft.EntityFrameworkCore.Database.Command[20101]
      Executed DbCommand (168ms) [Parameters=[@__p_0='?' (DbType = Int32)], CommandType='Text', CommandTimeout='30']
      SELECT o."Id", o."Attempts", o."CreatedAt", o."Payload", o."PublishedAt", o."RoutingKey", o."Subject", o."Type"
      FROM cadastro.outbox_events AS o
      WHERE o."PublishedAt" IS NULL AND o."Attempts" < 10
      ORDER BY o."CreatedAt"
      LIMIT @__p_0
info: Microsoft.EntityFrameworkCore.Database.Command[20101]
      Executed DbCommand (168ms) [Parameters=[@__p_0='?' (DbType = Int32)], CommandType='Text', CommandTimeout='30']
      SELECT o."Id", o."Attempts", o."CreatedAt", o."Payload", o."PublishedAt", o."RoutingKey", o."Subject", o."Type"
      FROM cadastro.outbox_events AS o
      WHERE o."PublishedAt" IS NULL AND o."Attempts" < 10
      ORDER BY o."CreatedAt"
      LIMIT @__p_0
info: Microsoft.EntityFrameworkCore.Database.Command[20101]
      Executed DbCommand (166ms) [Parameters=[@__p_0='?' (DbType = Int32)], CommandType='Text', CommandTimeout='30']
      SELECT o."Id", o."Attempts", o."CreatedAt", o."Payload", o."PublishedAt", o."RoutingKey", o."Subject", o."Type"
      FROM cadastro.outbox_events AS o
      WHERE o."PublishedAt" IS NULL AND o."Attempts" < 10
      ORDER BY o."CreatedAt"
      LIMIT @__p_0
info: Microsoft.EntityFrameworkCore.Database.Command[20101]
      Executed DbCommand (169ms) [Parameters=[@__p_0='?' (DbType = Int32)], CommandType='Text', CommandTimeout='30']
      SELECT o."Id", o."Attempts", o."CreatedAt", o."Payload", o."PublishedAt", o."RoutingKey", o."Subject", o."Type"
      FROM cadastro.outbox_events AS o
      WHERE o."PublishedAt" IS NULL AND o."Attempts" < 10
      ORDER BY o."CreatedAt"
      LIMIT @__p_0
info: Microsoft.EntityFrameworkCore.Database.Command[20101]
      Executed DbCommand (168ms) [Parameters=[@__p_0='?' (DbType = Int32)], CommandType='Text', CommandTimeout='30']
      SELECT o."Id", o."Attempts", o."CreatedAt", o."Payload", o."PublishedAt", o."RoutingKey", o."Subject", o."Type"
      FROM cadastro.outbox_events AS o
      WHERE o."PublishedAt" IS NULL AND o."Attempts" < 10
      ORDER BY o."CreatedAt"
      LIMIT @__p_0
info: Microsoft.EntityFrameworkCore.Database.Command[20101]
      Executed DbCommand (170ms) [Parameters=[@__p_0='?' (DbType = Int32)], CommandType='Text', CommandTimeout='30']
      SELECT o."Id", o."Attempts", o."CreatedAt", o."Payload", o."PublishedAt", o."RoutingKey", o."Subject", o."Type"
      FROM cadastro.outbox_events AS o
      WHERE o."PublishedAt" IS NULL AND o."Attempts" < 10
      ORDER BY o."CreatedAt"
      LIMIT @__p_0
info: Microsoft.EntityFrameworkCore.Database.Command[20101]
      Executed DbCommand (166ms) [Parameters=[@__p_0='?' (DbType = Int32)], CommandType='Text', CommandTimeout='30']
      SELECT o."Id", o."Attempts", o."CreatedAt", o."Payload", o."PublishedAt", o."RoutingKey", o."Subject", o."Type"
      FROM cadastro.outbox_events AS o
      WHERE o."PublishedAt" IS NULL AND o."Attempts" < 10
      ORDER BY o."CreatedAt"
      LIMIT @__p_0
info: Microsoft.EntityFrameworkCore.Database.Command[20101]
      Executed DbCommand (168ms) [Parameters=[@__p_0='?' (DbType = Int32)], CommandType='Text', CommandTimeout='30']
      SELECT o."Id", o."Attempts", o."CreatedAt", o."Payload", o."PublishedAt", o."RoutingKey", o."Subject", o."Type"
      FROM cadastro.outbox_events AS o
      WHERE o."PublishedAt" IS NULL AND o."Attempts" < 10
      ORDER BY o."CreatedAt"
      LIMIT @__p_0
info: Microsoft.EntityFrameworkCore.Database.Command[20101]
      Executed DbCommand (168ms) [Parameters=[@__p_0='?' (DbType = Int32)], CommandType='Text', CommandTimeout='30']
      SELECT o."Id", o."Attempts", o."CreatedAt", o."Payload", o."PublishedAt", o."RoutingKey", o."Subject", o."Type"
      FROM cadastro.outbox_events AS o
      WHERE o."PublishedAt" IS NULL AND o."Attempts" < 10
      ORDER BY o."CreatedAt"
      LIMIT @__p_0
info: Microsoft.EntityFrameworkCore.Database.Command[20101]
      Executed DbCommand (169ms) [Parameters=[@__p_0='?' (DbType = Int32)], CommandType='Text', CommandTimeout='30']
      SELECT o."Id", o."Attempts", o."CreatedAt", o."Payload", o."PublishedAt", o."RoutingKey", o."Subject", o."Type"
      FROM cadastro.outbox_events AS o
      WHERE o."PublishedAt" IS NULL AND o."Attempts" < 10
      ORDER BY o."CreatedAt"
      LIMIT @__p_0
info: Microsoft.EntityFrameworkCore.Database.Command[20101]
      Executed DbCommand (167ms) [Parameters=[@__p_0='?' (DbType = Int32)], CommandType='Text', CommandTimeout='30']
      SELECT o."Id", o."Attempts", o."CreatedAt", o."Payload", o."PublishedAt", o."RoutingKey", o."Subject", o."Type"
      FROM cadastro.outbox_events AS o
      WHERE o."PublishedAt" IS NULL AND o."Attempts" < 10
      ORDER BY o."CreatedAt"
      LIMIT @__p_0
info: Microsoft.EntityFrameworkCore.Database.Command[20101]
      Executed DbCommand (165ms) [Parameters=[@__p_0='?' (DbType = Int32)], CommandType='Text', CommandTimeout='30']
      SELECT o."Id", o."Attempts", o."CreatedAt", o."Payload", o."PublishedAt", o."RoutingKey", o."Subject", o."Type"
      FROM cadastro.outbox_events AS o
      WHERE o."PublishedAt" IS NULL AND o."Attempts" < 10
      ORDER BY o."CreatedAt"
      LIMIT @__p_0
info: Microsoft.EntityFrameworkCore.Database.Command[20101]
      Executed DbCommand (168ms) [Parameters=[@__p_0='?' (DbType = Int32)], CommandType='Text', CommandTimeout='30']
      SELECT o."Id", o."Attempts", o."CreatedAt", o."Payload", o."PublishedAt", o."RoutingKey", o."Subject", o."Type"
      FROM cadastro.outbox_events AS o
      WHERE o."PublishedAt" IS NULL AND o."Attempts" < 10
      ORDER BY o."CreatedAt"
      LIMIT @__p_0
info: Microsoft.EntityFrameworkCore.Database.Command[20101]
      Executed DbCommand (168ms) [Parameters=[@__p_0='?' (DbType = Int32)], CommandType='Text', CommandTimeout='30']
      SELECT o."Id", o."Attempts", o."CreatedAt", o."Payload", o."PublishedAt", o."RoutingKey", o."Subject", o."Type"
      FROM cadastro.outbox_events AS o
      WHERE o."PublishedAt" IS NULL AND o."Attempts" < 10
      ORDER BY o."CreatedAt"
      LIMIT @__p_0
info: Microsoft.EntityFrameworkCore.Database.Command[20101]
      Executed DbCommand (167ms) [Parameters=[@__p_0='?' (DbType = Int32)], CommandType='Text', CommandTimeout='30']
      SELECT o."Id", o."Attempts", o."CreatedAt", o."Payload", o."PublishedAt", o."RoutingKey", o."Subject", o."Type"
      FROM cadastro.outbox_events AS o
      WHERE o."PublishedAt" IS NULL AND o."Attempts" < 10
      ORDER BY o."CreatedAt"
      LIMIT @__p_0
info: Microsoft.EntityFrameworkCore.Database.Command[20101]
      Executed DbCommand (169ms) [Parameters=[@__p_0='?' (DbType = Int32)], CommandType='Text', CommandTimeout='30']
      SELECT o."Id", o."Attempts", o."CreatedAt", o."Payload", o."PublishedAt", o."RoutingKey", o."Subject", o."Type"
      FROM cadastro.outbox_events AS o
      WHERE o."PublishedAt" IS NULL AND o."Attempts" < 10
      ORDER BY o."CreatedAt"
      LIMIT @__p_0
info: Microsoft.EntityFrameworkCore.Database.Command[20101]
      Executed DbCommand (169ms) [Parameters=[@__p_0='?' (DbType = Int32)], CommandType='Text', CommandTimeout='30']
      SELECT o."Id", o."Attempts", o."CreatedAt", o."Payload", o."PublishedAt", o."RoutingKey", o."Subject", o."Type"
      FROM cadastro.outbox_events AS o
      WHERE o."PublishedAt" IS NULL AND o."Attempts" < 10
      ORDER BY o."CreatedAt"
      LIMIT @__p_0
info: Microsoft.EntityFrameworkCore.Database.Command[20101]
      Executed DbCommand (168ms) [Parameters=[@__p_0='?' (DbType = Int32)], CommandType='Text', CommandTimeout='30']
      SELECT o."Id", o."Attempts", o."CreatedAt", o."Payload", o."PublishedAt", o."RoutingKey", o."Subject", o."Type"
      FROM cadastro.outbox_events AS o
      WHERE o."PublishedAt" IS NULL AND o."Attempts" < 10
      ORDER BY o."CreatedAt"
      LIMIT @__p_0
info: Microsoft.EntityFrameworkCore.Database.Command[20101]
      Executed DbCommand (169ms) [Parameters=[@__p_0='?' (DbType = Int32)], CommandType='Text', CommandTimeout='30']
      SELECT o."Id", o."Attempts", o."CreatedAt", o."Payload", o."PublishedAt", o."RoutingKey", o."Subject", o."Type"
      FROM cadastro.outbox_events AS o
      WHERE o."PublishedAt" IS NULL AND o."Attempts" < 10
      ORDER BY o."CreatedAt"
      LIMIT @__p_0
info: Microsoft.EntityFrameworkCore.Database.Command[20101]
      Executed DbCommand (168ms) [Parameters=[@__p_0='?' (DbType = Int32)], CommandType='Text', CommandTimeout='30']
      SELECT o."Id", o."Attempts", o."CreatedAt", o."Payload", o."PublishedAt", o."RoutingKey", o."Subject", o."Type"
      FROM cadastro.outbox_events AS o
      WHERE o."PublishedAt" IS NULL AND o."Attempts" < 10
      ORDER BY o."CreatedAt"
      LIMIT @__p_0
info: Microsoft.EntityFrameworkCore.Database.Command[20101]
      Executed DbCommand (170ms) [Parameters=[@__p_0='?' (DbType = Int32)], CommandType='Text', CommandTimeout='30']
      SELECT o."Id", o."Attempts", o."CreatedAt", o."Payload", o."PublishedAt", o."RoutingKey", o."Subject", o."Type"
      FROM cadastro.outbox_events AS o
      WHERE o."PublishedAt" IS NULL AND o."Attempts" < 10
      ORDER BY o."CreatedAt"
      LIMIT @__p_0
info: Microsoft.EntityFrameworkCore.Database.Command[20101]
      Executed DbCommand (168ms) [Parameters=[@__p_0='?' (DbType = Int32)], CommandType='Text', CommandTimeout='30']
      SELECT o."Id", o."Attempts", o."CreatedAt", o."Payload", o."PublishedAt", o."RoutingKey", o."Subject", o."Type"
      FROM cadastro.outbox_events AS o
      WHERE o."PublishedAt" IS NULL AND o."Attempts" < 10
      ORDER BY o."CreatedAt"
      LIMIT @__p_0
info: Microsoft.EntityFrameworkCore.Database.Command[20101]
      Executed DbCommand (167ms) [Parameters=[@__p_0='?' (DbType = Int32)], CommandType='Text', CommandTimeout='30']
      SELECT o."Id", o."Attempts", o."CreatedAt", o."Payload", o."PublishedAt", o."RoutingKey", o."Subject", o."Type"
      FROM cadastro.outbox_events AS o
      WHERE o."PublishedAt" IS NULL AND o."Attempts" < 10
      ORDER BY o."CreatedAt"
      LIMIT @__p_0
info: Microsoft.EntityFrameworkCore.Database.Command[20101]
      Executed DbCommand (169ms) [Parameters=[@__p_0='?' (DbType = Int32)], CommandType='Text', CommandTimeout='30']
      SELECT o."Id", o."Attempts", o."CreatedAt", o."Payload", o."PublishedAt", o."RoutingKey", o."Subject", o."Type"
      FROM cadastro.outbox_events AS o
      WHERE o."PublishedAt" IS NULL AND o."Attempts" < 10
      ORDER BY o."CreatedAt"
      LIMIT @__p_0
info: Microsoft.EntityFrameworkCore.Database.Command[20101]
      Executed DbCommand (168ms) [Parameters=[@__p_0='?' (DbType = Int32)], CommandType='Text', CommandTimeout='30']
      SELECT o."Id", o."Attempts", o."CreatedAt", o."Payload", o."PublishedAt", o."RoutingKey", o."Subject", o."Type"
      FROM cadastro.outbox_events AS o
      WHERE o."PublishedAt" IS NULL AND o."Attempts" < 10
      ORDER BY o."CreatedAt"
      LIMIT @__p_0
info: Microsoft.EntityFrameworkCore.Database.Command[20101]
      Executed DbCommand (169ms) [Parameters=[@__p_0='?' (DbType = Int32)], CommandType='Text', CommandTimeout='30']
      SELECT o."Id", o."Attempts", o."CreatedAt", o."Payload", o."PublishedAt", o."RoutingKey", o."Subject", o."Type"
      FROM cadastro.outbox_events AS o
      WHERE o."PublishedAt" IS NULL AND o."Attempts" < 10
      ORDER BY o."CreatedAt"
      LIMIT @__p_0
info: Microsoft.EntityFrameworkCore.Database.Command[20101]
      Executed DbCommand (167ms) [Parameters=[@__p_0='?' (DbType = Int32)], CommandType='Text', CommandTimeout='30']
      SELECT o."Id", o."Attempts", o."CreatedAt", o."Payload", o."PublishedAt", o."RoutingKey", o."Subject", o."Type"
      FROM cadastro.outbox_events AS o
      WHERE o."PublishedAt" IS NULL AND o."Attempts" < 10
      ORDER BY o."CreatedAt"
      LIMIT @__p_0
info: Microsoft.EntityFrameworkCore.Database.Command[20101]
      Executed DbCommand (170ms) [Parameters=[@__p_0='?' (DbType = Int32)], CommandType='Text', CommandTimeout='30']
      SELECT o."Id", o."Attempts", o."CreatedAt", o."Payload", o."PublishedAt", o."RoutingKey", o."Subject", o."Type"
      FROM cadastro.outbox_events AS o
      WHERE o."PublishedAt" IS NULL AND o."Attempts" < 10
      ORDER BY o."CreatedAt"
      LIMIT @__p_0
info: Microsoft.EntityFrameworkCore.Database.Command[20101]
      Executed DbCommand (167ms) [Parameters=[@__p_0='?' (DbType = Int32)], CommandType='Text', CommandTimeout='30']
      SELECT o."Id", o."Attempts", o."CreatedAt", o."Payload", o."PublishedAt", o."RoutingKey", o."Subject", o."Type"
      FROM cadastro.outbox_events AS o
      WHERE o."PublishedAt" IS NULL AND o."Attempts" < 10
      ORDER BY o."CreatedAt"
      LIMIT @__p_0
info: Microsoft.EntityFrameworkCore.Database.Command[20101]
      Executed DbCommand (169ms) [Parameters=[@__p_0='?' (DbType = Int32)], CommandType='Text', CommandTimeout='30']
      SELECT o."Id", o."Attempts", o."CreatedAt", o."Payload", o."PublishedAt", o."RoutingKey", o."Subject", o."Type"
      FROM cadastro.outbox_events AS o
      WHERE o."PublishedAt" IS NULL AND o."Attempts" < 10
      ORDER BY o."CreatedAt"
      LIMIT @__p_0
info: Microsoft.EntityFrameworkCore.Database.Command[20101]
      Executed DbCommand (168ms) [Parameters=[@__p_0='?' (DbType = Int32)], CommandType='Text', CommandTimeout='30']
      SELECT o."Id", o."Attempts", o."CreatedAt", o."Payload", o."PublishedAt", o."RoutingKey", o."Subject", o."Type"
      FROM cadastro.outbox_events AS o
      WHERE o."PublishedAt" IS NULL AND o."Attempts" < 10
      ORDER BY o."CreatedAt"
      LIMIT @__p_0
info: Microsoft.EntityFrameworkCore.Database.Command[20101]
      Executed DbCommand (169ms) [Parameters=[@__p_0='?' (DbType = Int32)], CommandType='Text', CommandTimeout='30']
      SELECT o."Id", o."Attempts", o."CreatedAt", o."Payload", o."PublishedAt", o."RoutingKey", o."Subject", o."Type"
      FROM cadastro.outbox_events AS o
      WHERE o."PublishedAt" IS NULL AND o."Attempts" < 10
      ORDER BY o."CreatedAt"
      LIMIT @__p_0
info: Microsoft.EntityFrameworkCore.Database.Command[20101]
      Executed DbCommand (168ms) [Parameters=[@__p_0='?' (DbType = Int32)], CommandType='Text', CommandTimeout='30']
      SELECT o."Id", o."Attempts", o."CreatedAt", o."Payload", o."PublishedAt", o."RoutingKey", o."Subject", o."Type"
      FROM cadastro.outbox_events AS o
      WHERE o."PublishedAt" IS NULL AND o."Attempts" < 10
      ORDER BY o."CreatedAt"
      LIMIT @__p_0
info: Microsoft.EntityFrameworkCore.Database.Command[20101]
      Executed DbCommand (169ms) [Parameters=[@__p_0='?' (DbType = Int32)], CommandType='Text', CommandTimeout='30']
      SELECT o."Id", o."Attempts", o."CreatedAt", o."Payload", o."PublishedAt", o."RoutingKey", o."Subject", o."Type"
      FROM cadastro.outbox_events AS o
      WHERE o."PublishedAt" IS NULL AND o."Attempts" < 10
      ORDER BY o."CreatedAt"
      LIMIT @__p_0
info: Microsoft.EntityFrameworkCore.Database.Command[20101]
      Executed DbCommand (169ms) [Parameters=[@__p_0='?' (DbType = Int32)], CommandType='Text', CommandTimeout='30']
      SELECT o."Id", o."Attempts", o."CreatedAt", o."Payload", o."PublishedAt", o."RoutingKey", o."Subject", o."Type"
      FROM cadastro.outbox_events AS o
      WHERE o."PublishedAt" IS NULL AND o."Attempts" < 10
      ORDER BY o."CreatedAt"
      LIMIT @__p_0
info: Microsoft.EntityFrameworkCore.Database.Command[20101]
      Executed DbCommand (169ms) [Parameters=[@__p_0='?' (DbType = Int32)], CommandType='Text', CommandTimeout='30']
      SELECT o."Id", o."Attempts", o."CreatedAt", o."Payload", o."PublishedAt", o."RoutingKey", o."Subject", o."Type"
      FROM cadastro.outbox_events AS o
      WHERE o."PublishedAt" IS NULL AND o."Attempts" < 10
      ORDER BY o."CreatedAt"
      LIMIT @__p_0
info: Microsoft.EntityFrameworkCore.Database.Command[20101]
      Executed DbCommand (167ms) [Parameters=[@__p_0='?' (DbType = Int32)], CommandType='Text', CommandTimeout='30']
      SELECT o."Id", o."Attempts", o."CreatedAt", o."Payload", o."PublishedAt", o."RoutingKey", o."Subject", o."Type"
      FROM cadastro.outbox_events AS o
      WHERE o."PublishedAt" IS NULL AND o."Attempts" < 10
      ORDER BY o."CreatedAt"
      LIMIT @__p_0
info: Microsoft.EntityFrameworkCore.Database.Command[20101]
      Executed DbCommand (168ms) [Parameters=[@__p_0='?' (DbType = Int32)], CommandType='Text', CommandTimeout='30']
      SELECT o."Id", o."Attempts", o."CreatedAt", o."Payload", o."PublishedAt", o."RoutingKey", o."Subject", o."Type"
      FROM cadastro.outbox_events AS o
      WHERE o."PublishedAt" IS NULL AND o."Attempts" < 10
      ORDER BY o."CreatedAt"
      LIMIT @__p_0
info: Microsoft.EntityFrameworkCore.Database.Command[20101]
      Executed DbCommand (169ms) [Parameters=[@__p_0='?' (DbType = Int32)], CommandType='Text', CommandTimeout='30']
      SELECT o."Id", o."Attempts", o."CreatedAt", o."Payload", o."PublishedAt", o."RoutingKey", o."Subject", o."Type"
      FROM cadastro.outbox_events AS o
      WHERE o."PublishedAt" IS NULL AND o."Attempts" < 10
      ORDER BY o."CreatedAt"
      LIMIT @__p_0
info: Microsoft.EntityFrameworkCore.Database.Command[20101]
      Executed DbCommand (168ms) [Parameters=[@__p_0='?' (DbType = Int32)], CommandType='Text', CommandTimeout='30']
      SELECT o."Id", o."Attempts", o."CreatedAt", o."Payload", o."PublishedAt", o."RoutingKey", o."Subject", o."Type"
      FROM cadastro.outbox_events AS o
      WHERE o."PublishedAt" IS NULL AND o."Attempts" < 10
      ORDER BY o."CreatedAt"
      LIMIT @__p_0
info: Microsoft.EntityFrameworkCore.Database.Command[20101]
      Executed DbCommand (168ms) [Parameters=[@__p_0='?' (DbType = Int32)], CommandType='Text', CommandTimeout='30']
      SELECT o."Id", o."Attempts", o."CreatedAt", o."Payload", o."PublishedAt", o."RoutingKey", o."Subject", o."Type"
      FROM cadastro.outbox_events AS o
      WHERE o."PublishedAt" IS NULL AND o."Attempts" < 10
      ORDER BY o."CreatedAt"
      LIMIT @__p_0
info: Microsoft.EntityFrameworkCore.Database.Command[20101]
      Executed DbCommand (168ms) [Parameters=[@__p_0='?' (DbType = Int32)], CommandType='Text', CommandTimeout='30']
      SELECT o."Id", o."Attempts", o."CreatedAt", o."Payload", o."PublishedAt", o."RoutingKey", o."Subject", o."Type"
      FROM cadastro.outbox_events AS o
      WHERE o."PublishedAt" IS NULL AND o."Attempts" < 10
      ORDER BY o."CreatedAt"
      LIMIT @__p_0
info: Microsoft.EntityFrameworkCore.Database.Command[20101]
      Executed DbCommand (169ms) [Parameters=[@__p_0='?' (DbType = Int32)], CommandType='Text', CommandTimeout='30']
      SELECT o."Id", o."Attempts", o."CreatedAt", o."Payload", o."PublishedAt", o."RoutingKey", o."Subject", o."Type"
      FROM cadastro.outbox_events AS o
      WHERE o."PublishedAt" IS NULL AND o."Attempts" < 10
      ORDER BY o."CreatedAt"
      LIMIT @__p_0
info: Microsoft.EntityFrameworkCore.Database.Command[20101]
      Executed DbCommand (170ms) [Parameters=[@__p_0='?' (DbType = Int32)], CommandType='Text', CommandTimeout='30']
      SELECT o."Id", o."Attempts", o."CreatedAt", o."Payload", o."PublishedAt", o."RoutingKey", o."Subject", o."Type"
      FROM cadastro.outbox_events AS o
      WHERE o."PublishedAt" IS NULL AND o."Attempts" < 10
      ORDER BY o."CreatedAt"
      LIMIT @__p_0
info: Microsoft.EntityFrameworkCore.Database.Command[20101]
      Executed DbCommand (170ms) [Parameters=[@__p_0='?' (DbType = Int32)], CommandType='Text', CommandTimeout='30']
      SELECT o."Id", o."Attempts", o."CreatedAt", o."Payload", o."PublishedAt", o."RoutingKey", o."Subject", o."Type"
      FROM cadastro.outbox_events AS o
      WHERE o."PublishedAt" IS NULL AND o."Attempts" < 10
      ORDER BY o."CreatedAt"
      LIMIT @__p_0
info: Microsoft.EntityFrameworkCore.Database.Command[20101]
      Executed DbCommand (169ms) [Parameters=[@__p_0='?' (DbType = Int32)], CommandType='Text', CommandTimeout='30']
      SELECT o."Id", o."Attempts", o."CreatedAt", o."Payload", o."PublishedAt", o."RoutingKey", o."Subject", o."Type"
      FROM cadastro.outbox_events AS o
      WHERE o."PublishedAt" IS NULL AND o."Attempts" < 10
      ORDER BY o."CreatedAt"
      LIMIT @__p_0
info: Microsoft.EntityFrameworkCore.Database.Command[20101]
      Executed DbCommand (169ms) [Parameters=[@__p_0='?' (DbType = Int32)], CommandType='Text', CommandTimeout='30']
      SELECT o."Id", o."Attempts", o."CreatedAt", o."Payload", o."PublishedAt", o."RoutingKey", o."Subject", o."Type"
      FROM cadastro.outbox_events AS o
      WHERE o."PublishedAt" IS NULL AND o."Attempts" < 10
      ORDER BY o."CreatedAt"
      LIMIT @__p_0
info: Microsoft.EntityFrameworkCore.Database.Command[20101]
      Executed DbCommand (171ms) [Parameters=[@__p_0='?' (DbType = Int32)], CommandType='Text', CommandTimeout='30']
      SELECT o."Id", o."Attempts", o."CreatedAt", o."Payload", o."PublishedAt", o."RoutingKey", o."Subject", o."Type"
      FROM cadastro.outbox_events AS o
      WHERE o."PublishedAt" IS NULL AND o."Attempts" < 10
      ORDER BY o."CreatedAt"
      LIMIT @__p_0
info: Microsoft.EntityFrameworkCore.Database.Command[20101]
      Executed DbCommand (168ms) [Parameters=[@__p_0='?' (DbType = Int32)], CommandType='Text', CommandTimeout='30']
      SELECT o."Id", o."Attempts", o."CreatedAt", o."Payload", o."PublishedAt", o."RoutingKey", o."Subject", o."Type"
      FROM cadastro.outbox_events AS o
      WHERE o."PublishedAt" IS NULL AND o."Attempts" < 10
      ORDER BY o."CreatedAt"
      LIMIT @__p_0
info: Microsoft.EntityFrameworkCore.Database.Command[20101]
      Executed DbCommand (168ms) [Parameters=[@__p_0='?' (DbType = Int32)], CommandType='Text', CommandTimeout='30']
      SELECT o."Id", o."Attempts", o."CreatedAt", o."Payload", o."PublishedAt", o."RoutingKey", o."Subject", o."Type"
      FROM cadastro.outbox_events AS o
      WHERE o."PublishedAt" IS NULL AND o."Attempts" < 10
      ORDER BY o."CreatedAt"
      LIMIT @__p_0
info: Microsoft.EntityFrameworkCore.Database.Command[20101]
      Executed DbCommand (169ms) [Parameters=[@__p_0='?' (DbType = Int32)], CommandType='Text', CommandTimeout='30']
      SELECT o."Id", o."Attempts", o."CreatedAt", o."Payload", o."PublishedAt", o."RoutingKey", o."Subject", o."Type"
      FROM cadastro.outbox_events AS o
      WHERE o."PublishedAt" IS NULL AND o."Attempts" < 10
      ORDER BY o."CreatedAt"
      LIMIT @__p_0
info: Microsoft.EntityFrameworkCore.Database.Command[20101]
      Executed DbCommand (168ms) [Parameters=[@__p_0='?' (DbType = Int32)], CommandType='Text', CommandTimeout='30']
      SELECT o."Id", o."Attempts", o."CreatedAt", o."Payload", o."PublishedAt", o."RoutingKey", o."Subject", o."Type"
      FROM cadastro.outbox_events AS o
      WHERE o."PublishedAt" IS NULL AND o."Attempts" < 10
      ORDER BY o."CreatedAt"
      LIMIT @__p_0
info: Microsoft.EntityFrameworkCore.Database.Command[20101]
      Executed DbCommand (167ms) [Parameters=[@__p_0='?' (DbType = Int32)], CommandType='Text', CommandTimeout='30']
      SELECT o."Id", o."Attempts", o."CreatedAt", o."Payload", o."PublishedAt", o."RoutingKey", o."Subject", o."Type"
      FROM cadastro.outbox_events AS o
      WHERE o."PublishedAt" IS NULL AND o."Attempts" < 10
      ORDER BY o."CreatedAt"
      LIMIT @__p_0
info: Microsoft.EntityFrameworkCore.Database.Command[20101]
      Executed DbCommand (167ms) [Parameters=[@__p_0='?' (DbType = Int32)], CommandType='Text', CommandTimeout='30']
      SELECT o."Id", o."Attempts", o."CreatedAt", o."Payload", o."PublishedAt", o."RoutingKey", o."Subject", o."Type"
      FROM cadastro.outbox_events AS o
      WHERE o."PublishedAt" IS NULL AND o."Attempts" < 10
      ORDER BY o."CreatedAt"
      LIMIT @__p_0
info: Microsoft.EntityFrameworkCore.Database.Command[20101]
      Executed DbCommand (167ms) [Parameters=[@__p_0='?' (DbType = Int32)], CommandType='Text', CommandTimeout='30']
      SELECT o."Id", o."Attempts", o."CreatedAt", o."Payload", o."PublishedAt", o."RoutingKey", o."Subject", o."Type"
      FROM cadastro.outbox_events AS o
      WHERE o."PublishedAt" IS NULL AND o."Attempts" < 10
      ORDER BY o."CreatedAt"
      LIMIT @__p_0
info: Microsoft.EntityFrameworkCore.Database.Command[20101]
      Executed DbCommand (167ms) [Parameters=[@__p_0='?' (DbType = Int32)], CommandType='Text', CommandTimeout='30']
      SELECT o."Id", o."Attempts", o."CreatedAt", o."Payload", o."PublishedAt", o."RoutingKey", o."Subject", o."Type"
      FROM cadastro.outbox_events AS o
      WHERE o."PublishedAt" IS NULL AND o."Attempts" < 10
      ORDER BY o."CreatedAt"
      LIMIT @__p_0
info: Microsoft.EntityFrameworkCore.Database.Command[20101]
      Executed DbCommand (170ms) [Parameters=[@__p_0='?' (DbType = Int32)], CommandType='Text', CommandTimeout='30']
      SELECT o."Id", o."Attempts", o."CreatedAt", o."Payload", o."PublishedAt", o."RoutingKey", o."Subject", o."Type"
      FROM cadastro.outbox_events AS o
      WHERE o."PublishedAt" IS NULL AND o."Attempts" < 10
      ORDER BY o."CreatedAt"
      LIMIT @__p_0
info: Microsoft.EntityFrameworkCore.Database.Command[20101]
      Executed DbCommand (169ms) [Parameters=[@__p_0='?' (DbType = Int32)], CommandType='Text', CommandTimeout='30']
      SELECT o."Id", o."Attempts", o."CreatedAt", o."Payload", o."PublishedAt", o."RoutingKey", o."Subject", o."Type"
      FROM cadastro.outbox_events AS o
      WHERE o."PublishedAt" IS NULL AND o."Attempts" < 10
      ORDER BY o."CreatedAt"
      LIMIT @__p_0
info: Microsoft.EntityFrameworkCore.Database.Command[20101]
      Executed DbCommand (169ms) [Parameters=[@__p_0='?' (DbType = Int32)], CommandType='Text', CommandTimeout='30']
      SELECT o."Id", o."Attempts", o."CreatedAt", o."Payload", o."PublishedAt", o."RoutingKey", o."Subject", o."Type"
      FROM cadastro.outbox_events AS o
      WHERE o."PublishedAt" IS NULL AND o."Attempts" < 10
      ORDER BY o."CreatedAt"
      LIMIT @__p_0
info: Microsoft.EntityFrameworkCore.Database.Command[20101]
      Executed DbCommand (168ms) [Parameters=[@__p_0='?' (DbType = Int32)], CommandType='Text', CommandTimeout='30']
      SELECT o."Id", o."Attempts", o."CreatedAt", o."Payload", o."PublishedAt", o."RoutingKey", o."Subject", o."Type"
      FROM cadastro.outbox_events AS o
      WHERE o."PublishedAt" IS NULL AND o."Attempts" < 10
      ORDER BY o."CreatedAt"
      LIMIT @__p_0
info: Microsoft.EntityFrameworkCore.Database.Command[20101]
      Executed DbCommand (168ms) [Parameters=[@__p_0='?' (DbType = Int32)], CommandType='Text', CommandTimeout='30']
      SELECT o."Id", o."Attempts", o."CreatedAt", o."Payload", o."PublishedAt", o."RoutingKey", o."Subject", o."Type"
      FROM cadastro.outbox_events AS o
      WHERE o."PublishedAt" IS NULL AND o."Attempts" < 10
      ORDER BY o."CreatedAt"
      LIMIT @__p_0
info: Microsoft.EntityFrameworkCore.Database.Command[20101]
      Executed DbCommand (170ms) [Parameters=[@__p_0='?' (DbType = Int32)], CommandType='Text', CommandTimeout='30']
      SELECT o."Id", o."Attempts", o."CreatedAt", o."Payload", o."PublishedAt", o."RoutingKey", o."Subject", o."Type"
      FROM cadastro.outbox_events AS o
      WHERE o."PublishedAt" IS NULL AND o."Attempts" < 10
      ORDER BY o."CreatedAt"
      LIMIT @__p_0
info: Microsoft.EntityFrameworkCore.Database.Command[20101]
      Executed DbCommand (170ms) [Parameters=[@__p_0='?' (DbType = Int32)], CommandType='Text', CommandTimeout='30']
      SELECT o."Id", o."Attempts", o."CreatedAt", o."Payload", o."PublishedAt", o."RoutingKey", o."Subject", o."Type"
      FROM cadastro.outbox_events AS o
      WHERE o."PublishedAt" IS NULL AND o."Attempts" < 10
      ORDER BY o."CreatedAt"
      LIMIT @__p_0
info: Microsoft.EntityFrameworkCore.Database.Command[20101]
      Executed DbCommand (169ms) [Parameters=[@__p_0='?' (DbType = Int32)], CommandType='Text', CommandTimeout='30']
      SELECT o."Id", o."Attempts", o."CreatedAt", o."Payload", o."PublishedAt", o."RoutingKey", o."Subject", o."Type"
      FROM cadastro.outbox_events AS o
      WHERE o."PublishedAt" IS NULL AND o."Attempts" < 10
      ORDER BY o."CreatedAt"
      LIMIT @__p_0
info: Microsoft.EntityFrameworkCore.Database.Command[20101]
      Executed DbCommand (169ms) [Parameters=[@__p_0='?' (DbType = Int32)], CommandType='Text', CommandTimeout='30']
      SELECT o."Id", o."Attempts", o."CreatedAt", o."Payload", o."PublishedAt", o."RoutingKey", o."Subject", o."Type"
      FROM cadastro.outbox_events AS o
      WHERE o."PublishedAt" IS NULL AND o."Attempts" < 10
      ORDER BY o."CreatedAt"
      LIMIT @__p_0
info: Microsoft.EntityFrameworkCore.Database.Command[20101]
      Executed DbCommand (168ms) [Parameters=[@__p_0='?' (DbType = Int32)], CommandType='Text', CommandTimeout='30']
      SELECT o."Id", o."Attempts", o."CreatedAt", o."Payload", o."PublishedAt", o."RoutingKey", o."Subject", o."Type"
      FROM cadastro.outbox_events AS o
      WHERE o."PublishedAt" IS NULL AND o."Attempts" < 10
      ORDER BY o."CreatedAt"
      LIMIT @__p_0
info: Microsoft.EntityFrameworkCore.Database.Command[20101]
      Executed DbCommand (170ms) [Parameters=[@__p_0='?' (DbType = Int32)], CommandType='Text', CommandTimeout='30']
      SELECT o."Id", o."Attempts", o."CreatedAt", o."Payload", o."PublishedAt", o."RoutingKey", o."Subject", o."Type"
      FROM cadastro.outbox_events AS o
      WHERE o."PublishedAt" IS NULL AND o."Attempts" < 10
      ORDER BY o."CreatedAt"
      LIMIT @__p_0
info: Microsoft.EntityFrameworkCore.Database.Command[20101]
      Executed DbCommand (170ms) [Parameters=[@__p_0='?' (DbType = Int32)], CommandType='Text', CommandTimeout='30']
      SELECT o."Id", o."Attempts", o."CreatedAt", o."Payload", o."PublishedAt", o."RoutingKey", o."Subject", o."Type"
      FROM cadastro.outbox_events AS o
      WHERE o."PublishedAt" IS NULL AND o."Attempts" < 10
      ORDER BY o."CreatedAt"
      LIMIT @__p_0
info: Microsoft.EntityFrameworkCore.Database.Command[20101]
      Executed DbCommand (169ms) [Parameters=[@__p_0='?' (DbType = Int32)], CommandType='Text', CommandTimeout='30']
      SELECT o."Id", o."Attempts", o."CreatedAt", o."Payload", o."PublishedAt", o."RoutingKey", o."Subject", o."Type"
      FROM cadastro.outbox_events AS o
      WHERE o."PublishedAt" IS NULL AND o."Attempts" < 10
      ORDER BY o."CreatedAt"
      LIMIT @__p_0
info: Microsoft.EntityFrameworkCore.Database.Command[20101]
      Executed DbCommand (168ms) [Parameters=[@__p_0='?' (DbType = Int32)], CommandType='Text', CommandTimeout='30']
      SELECT o."Id", o."Attempts", o."CreatedAt", o."Payload", o."PublishedAt", o."RoutingKey", o."Subject", o."Type"
      FROM cadastro.outbox_events AS o
      WHERE o."PublishedAt" IS NULL AND o."Attempts" < 10
      ORDER BY o."CreatedAt"
      LIMIT @__p_0
info: Microsoft.EntityFrameworkCore.Database.Command[20101]
      Executed DbCommand (168ms) [Parameters=[@__p_0='?' (DbType = Int32)], CommandType='Text', CommandTimeout='30']
      SELECT o."Id", o."Attempts", o."CreatedAt", o."Payload", o."PublishedAt", o."RoutingKey", o."Subject", o."Type"
      FROM cadastro.outbox_events AS o
      WHERE o."PublishedAt" IS NULL AND o."Attempts" < 10
      ORDER BY o."CreatedAt"
      LIMIT @__p_0
info: Microsoft.EntityFrameworkCore.Database.Command[20101]
      Executed DbCommand (169ms) [Parameters=[@__p_0='?' (DbType = Int32)], CommandType='Text', CommandTimeout='30']
      SELECT o."Id", o."Attempts", o."CreatedAt", o."Payload", o."PublishedAt", o."RoutingKey", o."Subject", o."Type"
      FROM cadastro.outbox_events AS o
      WHERE o."PublishedAt" IS NULL AND o."Attempts" < 10
      ORDER BY o."CreatedAt"
      LIMIT @__p_0
info: Microsoft.EntityFrameworkCore.Database.Command[20101]
      Executed DbCommand (168ms) [Parameters=[@__p_0='?' (DbType = Int32)], CommandType='Text', CommandTimeout='30']
      SELECT o."Id", o."Attempts", o."CreatedAt", o."Payload", o."PublishedAt", o."RoutingKey", o."Subject", o."Type"
      FROM cadastro.outbox_events AS o
      WHERE o."PublishedAt" IS NULL AND o."Attempts" < 10
      ORDER BY o."CreatedAt"
      LIMIT @__p_0
info: Microsoft.EntityFrameworkCore.Database.Command[20101]
      Executed DbCommand (168ms) [Parameters=[@__p_0='?' (DbType = Int32)], CommandType='Text', CommandTimeout='30']
      SELECT o."Id", o."Attempts", o."CreatedAt", o."Payload", o."PublishedAt", o."RoutingKey", o."Subject", o."Type"
      FROM cadastro.outbox_events AS o
      WHERE o."PublishedAt" IS NULL AND o."Attempts" < 10
      ORDER BY o."CreatedAt"
      LIMIT @__p_0
info: Microsoft.EntityFrameworkCore.Database.Command[20101]
      Executed DbCommand (168ms) [Parameters=[@__p_0='?' (DbType = Int32)], CommandType='Text', CommandTimeout='30']
      SELECT o."Id", o."Attempts", o."CreatedAt", o."Payload", o."PublishedAt", o."RoutingKey", o."Subject", o."Type"
      FROM cadastro.outbox_events AS o
      WHERE o."PublishedAt" IS NULL AND o."Attempts" < 10
      ORDER BY o."CreatedAt"
      LIMIT @__p_0
info: Microsoft.EntityFrameworkCore.Database.Command[20101]
      Executed DbCommand (166ms) [Parameters=[@__p_0='?' (DbType = Int32)], CommandType='Text', CommandTimeout='30']
      SELECT o."Id", o."Attempts", o."CreatedAt", o."Payload", o."PublishedAt", o."RoutingKey", o."Subject", o."Type"
      FROM cadastro.outbox_events AS o
      WHERE o."PublishedAt" IS NULL AND o."Attempts" < 10
      ORDER BY o."CreatedAt"
      LIMIT @__p_0
info: Microsoft.EntityFrameworkCore.Database.Command[20101]
      Executed DbCommand (175ms) [Parameters=[@__p_0='?' (DbType = Int32)], CommandType='Text', CommandTimeout='30']
      SELECT o."Id", o."Attempts", o."CreatedAt", o."Payload", o."PublishedAt", o."RoutingKey", o."Subject", o."Type"
      FROM cadastro.outbox_events AS o
      WHERE o."PublishedAt" IS NULL AND o."Attempts" < 10
      ORDER BY o."CreatedAt"
      LIMIT @__p_0
info: Microsoft.EntityFrameworkCore.Database.Command[20101]
      Executed DbCommand (204ms) [Parameters=[@__p_0='?' (DbType = Int32)], CommandType='Text', CommandTimeout='30']
      SELECT o."Id", o."Attempts", o."CreatedAt", o."Payload", o."PublishedAt", o."RoutingKey", o."Subject", o."Type"
      FROM cadastro.outbox_events AS o
      WHERE o."PublishedAt" IS NULL AND o."Attempts" < 10
      ORDER BY o."CreatedAt"
      LIMIT @__p_0
info: Microsoft.EntityFrameworkCore.Database.Command[20101]
      Executed DbCommand (210ms) [Parameters=[@__p_0='?' (DbType = Int32)], CommandType='Text', CommandTimeout='30']
      SELECT o."Id", o."Attempts", o."CreatedAt", o."Payload", o."PublishedAt", o."RoutingKey", o."Subject", o."Type"
      FROM cadastro.outbox_events AS o
      WHERE o."PublishedAt" IS NULL AND o."Attempts" < 10
      ORDER BY o."CreatedAt"
      LIMIT @__p_0
info: Microsoft.EntityFrameworkCore.Database.Command[20101]
      Executed DbCommand (188ms) [Parameters=[@__p_0='?' (DbType = Int32)], CommandType='Text', CommandTimeout='30']
      SELECT o."Id", o."Attempts", o."CreatedAt", o."Payload", o."PublishedAt", o."RoutingKey", o."Subject", o."Type"
      FROM cadastro.outbox_events AS o
      WHERE o."PublishedAt" IS NULL AND o."Attempts" < 10
      ORDER BY o."CreatedAt"
      LIMIT @__p_0
info: Microsoft.EntityFrameworkCore.Database.Command[20101]
      Executed DbCommand (206ms) [Parameters=[@__p_0='?' (DbType = Int32)], CommandType='Text', CommandTimeout='30']
      SELECT o."Id", o."Attempts", o."CreatedAt", o."Payload", o."PublishedAt", o."RoutingKey", o."Subject", o."Type"
      FROM cadastro.outbox_events AS o
      WHERE o."PublishedAt" IS NULL AND o."Attempts" < 10
      ORDER BY o."CreatedAt"
      LIMIT @__p_0
info: Microsoft.EntityFrameworkCore.Database.Command[20101]
      Executed DbCommand (224ms) [Parameters=[@__p_0='?' (DbType = Int32)], CommandType='Text', CommandTimeout='30']
      SELECT o."Id", o."Attempts", o."CreatedAt", o."Payload", o."PublishedAt", o."RoutingKey", o."Subject", o."Type"
      FROM cadastro.outbox_events AS o
      WHERE o."PublishedAt" IS NULL AND o."Attempts" < 10
      ORDER BY o."CreatedAt"
      LIMIT @__p_0
info: Microsoft.EntityFrameworkCore.Database.Command[20101]
      Executed DbCommand (213ms) [Parameters=[@__p_0='?' (DbType = Int32)], CommandType='Text', CommandTimeout='30']
      SELECT o."Id", o."Attempts", o."CreatedAt", o."Payload", o."PublishedAt", o."RoutingKey", o."Subject", o."Type"
      FROM cadastro.outbox_events AS o
      WHERE o."PublishedAt" IS NULL AND o."Attempts" < 10
      ORDER BY o."CreatedAt"
      LIMIT @__p_0
info: Microsoft.EntityFrameworkCore.Database.Command[20101]
      Executed DbCommand (207ms) [Parameters=[@__p_0='?' (DbType = Int32)], CommandType='Text', CommandTimeout='30']
      SELECT o."Id", o."Attempts", o."CreatedAt", o."Payload", o."PublishedAt", o."RoutingKey", o."Subject", o."Type"
      FROM cadastro.outbox_events AS o
      WHERE o."PublishedAt" IS NULL AND o."Attempts" < 10
      ORDER BY o."CreatedAt"
      LIMIT @__p_0
info: Microsoft.EntityFrameworkCore.Database.Command[20101]
      Executed DbCommand (167ms) [Parameters=[@__p_0='?' (DbType = Int32)], CommandType='Text', CommandTimeout='30']
      SELECT o."Id", o."Attempts", o."CreatedAt", o."Payload", o."PublishedAt", o."RoutingKey", o."Subject", o."Type"
      FROM cadastro.outbox_events AS o
      WHERE o."PublishedAt" IS NULL AND o."Attempts" < 10
      ORDER BY o."CreatedAt"
      LIMIT @__p_0
info: Microsoft.EntityFrameworkCore.Database.Command[20101]
      Executed DbCommand (205ms) [Parameters=[@__p_0='?' (DbType = Int32)], CommandType='Text', CommandTimeout='30']
      SELECT o."Id", o."Attempts", o."CreatedAt", o."Payload", o."PublishedAt", o."RoutingKey", o."Subject", o."Type"
      FROM cadastro.outbox_events AS o
      WHERE o."PublishedAt" IS NULL AND o."Attempts" < 10
      ORDER BY o."CreatedAt"
      LIMIT @__p_0
info: Microsoft.EntityFrameworkCore.Database.Command[20101]
      Executed DbCommand (203ms) [Parameters=[@__p_0='?' (DbType = Int32)], CommandType='Text', CommandTimeout='30']
      SELECT o."Id", o."Attempts", o."CreatedAt", o."Payload", o."PublishedAt", o."RoutingKey", o."Subject", o."Type"
      FROM cadastro.outbox_events AS o
      WHERE o."PublishedAt" IS NULL AND o."Attempts" < 10
      ORDER BY o."CreatedAt"
      LIMIT @__p_0
info: Microsoft.EntityFrameworkCore.Database.Command[20101]
      Executed DbCommand (206ms) [Parameters=[@__p_0='?' (DbType = Int32)], CommandType='Text', CommandTimeout='30']
      SELECT o."Id", o."Attempts", o."CreatedAt", o."Payload", o."PublishedAt", o."RoutingKey", o."Subject", o."Type"
      FROM cadastro.outbox_events AS o
      WHERE o."PublishedAt" IS NULL AND o."Attempts" < 10
      ORDER BY o."CreatedAt"
      LIMIT @__p_0
info: Microsoft.EntityFrameworkCore.Database.Command[20101]
      Executed DbCommand (203ms) [Parameters=[@__p_0='?' (DbType = Int32)], CommandType='Text', CommandTimeout='30']
      SELECT o."Id", o."Attempts", o."CreatedAt", o."Payload", o."PublishedAt", o."RoutingKey", o."Subject", o."Type"
      FROM cadastro.outbox_events AS o
      WHERE o."PublishedAt" IS NULL AND o."Attempts" < 10
      ORDER BY o."CreatedAt"
      LIMIT @__p_0
info: Microsoft.EntityFrameworkCore.Database.Command[20101]
      Executed DbCommand (176ms) [Parameters=[@__p_0='?' (DbType = Int32)], CommandType='Text', CommandTimeout='30']
      SELECT o."Id", o."Attempts", o."CreatedAt", o."Payload", o."PublishedAt", o."RoutingKey", o."Subject", o."Type"
      FROM cadastro.outbox_events AS o
      WHERE o."PublishedAt" IS NULL AND o."Attempts" < 10
      ORDER BY o."CreatedAt"
      LIMIT @__p_0
info: Microsoft.EntityFrameworkCore.Database.Command[20101]
      Executed DbCommand (185ms) [Parameters=[@__p_0='?' (DbType = Int32)], CommandType='Text', CommandTimeout='30']
      SELECT o."Id", o."Attempts", o."CreatedAt", o."Payload", o."PublishedAt", o."RoutingKey", o."Subject", o."Type"
      FROM cadastro.outbox_events AS o
      WHERE o."PublishedAt" IS NULL AND o."Attempts" < 10
      ORDER BY o."CreatedAt"
      LIMIT @__p_0
info: Microsoft.EntityFrameworkCore.Database.Command[20101]
      Executed DbCommand (194ms) [Parameters=[@__p_0='?' (DbType = Int32)], CommandType='Text', CommandTimeout='30']
      SELECT o."Id", o."Attempts", o."CreatedAt", o."Payload", o."PublishedAt", o."RoutingKey", o."Subject", o."Type"
      FROM cadastro.outbox_events AS o
      WHERE o."PublishedAt" IS NULL AND o."Attempts" < 10
      ORDER BY o."CreatedAt"
      LIMIT @__p_0
info: Microsoft.EntityFrameworkCore.Database.Command[20101]
      Executed DbCommand (230ms) [Parameters=[@__p_0='?' (DbType = Int32)], CommandType='Text', CommandTimeout='30']
      SELECT o."Id", o."Attempts", o."CreatedAt", o."Payload", o."PublishedAt", o."RoutingKey", o."Subject", o."Type"
      FROM cadastro.outbox_events AS o
      WHERE o."PublishedAt" IS NULL AND o."Attempts" < 10
      ORDER BY o."CreatedAt"
      LIMIT @__p_0
info: Microsoft.EntityFrameworkCore.Database.Command[20101]
      Executed DbCommand (209ms) [Parameters=[@__p_0='?' (DbType = Int32)], CommandType='Text', CommandTimeout='30']
      SELECT o."Id", o."Attempts", o."CreatedAt", o."Payload", o."PublishedAt", o."RoutingKey", o."Subject", o."Type"
      FROM cadastro.outbox_events AS o
      WHERE o."PublishedAt" IS NULL AND o."Attempts" < 10
      ORDER BY o."CreatedAt"
      LIMIT @__p_0
info: Microsoft.EntityFrameworkCore.Database.Command[20101]
      Executed DbCommand (216ms) [Parameters=[@__p_0='?' (DbType = Int32)], CommandType='Text', CommandTimeout='30']
      SELECT o."Id", o."Attempts", o."CreatedAt", o."Payload", o."PublishedAt", o."RoutingKey", o."Subject", o."Type"
      FROM cadastro.outbox_events AS o
      WHERE o."PublishedAt" IS NULL AND o."Attempts" < 10
      ORDER BY o."CreatedAt"
      LIMIT @__p_0
info: Microsoft.EntityFrameworkCore.Database.Command[20101]
      Executed DbCommand (182ms) [Parameters=[@__p_0='?' (DbType = Int32)], CommandType='Text', CommandTimeout='30']
      SELECT o."Id", o."Attempts", o."CreatedAt", o."Payload", o."PublishedAt", o."RoutingKey", o."Subject", o."Type"
      FROM cadastro.outbox_events AS o
      WHERE o."PublishedAt" IS NULL AND o."Attempts" < 10
      ORDER BY o."CreatedAt"
      LIMIT @__p_0
info: Microsoft.EntityFrameworkCore.Database.Command[20101]
      Executed DbCommand (172ms) [Parameters=[@__p_0='?' (DbType = Int32)], CommandType='Text', CommandTimeout='30']
      SELECT o."Id", o."Attempts", o."CreatedAt", o."Payload", o."PublishedAt", o."RoutingKey", o."Subject", o."Type"
      FROM cadastro.outbox_events AS o
      WHERE o."PublishedAt" IS NULL AND o."Attempts" < 10
      ORDER BY o."CreatedAt"
      LIMIT @__p_0
info: Microsoft.EntityFrameworkCore.Database.Command[20101]
      Executed DbCommand (169ms) [Parameters=[@__p_0='?' (DbType = Int32)], CommandType='Text', CommandTimeout='30']
      SELECT o."Id", o."Attempts", o."CreatedAt", o."Payload", o."PublishedAt", o."RoutingKey", o."Subject", o."Type"
      FROM cadastro.outbox_events AS o
      WHERE o."PublishedAt" IS NULL AND o."Attempts" < 10
      ORDER BY o."CreatedAt"
      LIMIT @__p_0
info: Microsoft.EntityFrameworkCore.Database.Command[20101]
      Executed DbCommand (169ms) [Parameters=[@__p_0='?' (DbType = Int32)], CommandType='Text', CommandTimeout='30']
      SELECT o."Id", o."Attempts", o."CreatedAt", o."Payload", o."PublishedAt", o."RoutingKey", o."Subject", o."Type"
      FROM cadastro.outbox_events AS o
      WHERE o."PublishedAt" IS NULL AND o."Attempts" < 10
      ORDER BY o."CreatedAt"
      LIMIT @__p_0
info: Microsoft.EntityFrameworkCore.Database.Command[20101]
      Executed DbCommand (168ms) [Parameters=[@__p_0='?' (DbType = Int32)], CommandType='Text', CommandTimeout='30']
      SELECT o."Id", o."Attempts", o."CreatedAt", o."Payload", o."PublishedAt", o."RoutingKey", o."Subject", o."Type"
      FROM cadastro.outbox_events AS o
      WHERE o."PublishedAt" IS NULL AND o."Attempts" < 10
      ORDER BY o."CreatedAt"
      LIMIT @__p_0
info: Microsoft.EntityFrameworkCore.Database.Command[20101]
      Executed DbCommand (169ms) [Parameters=[@__p_0='?' (DbType = Int32)], CommandType='Text', CommandTimeout='30']
      SELECT o."Id", o."Attempts", o."CreatedAt", o."Payload", o."PublishedAt", o."RoutingKey", o."Subject", o."Type"
      FROM cadastro.outbox_events AS o
      WHERE o."PublishedAt" IS NULL AND o."Attempts" < 10
      ORDER BY o."CreatedAt"
      LIMIT @__p_0
info: Microsoft.EntityFrameworkCore.Database.Command[20101]
      Executed DbCommand (169ms) [Parameters=[@__p_0='?' (DbType = Int32)], CommandType='Text', CommandTimeout='30']
      SELECT o."Id", o."Attempts", o."CreatedAt", o."Payload", o."PublishedAt", o."RoutingKey", o."Subject", o."Type"
      FROM cadastro.outbox_events AS o
      WHERE o."PublishedAt" IS NULL AND o."Attempts" < 10
      ORDER BY o."CreatedAt"
      LIMIT @__p_0
info: Microsoft.EntityFrameworkCore.Database.Command[20101]
      Executed DbCommand (169ms) [Parameters=[@__p_0='?' (DbType = Int32)], CommandType='Text', CommandTimeout='30']
      SELECT o."Id", o."Attempts", o."CreatedAt", o."Payload", o."PublishedAt", o."RoutingKey", o."Subject", o."Type"
      FROM cadastro.outbox_events AS o
      WHERE o."PublishedAt" IS NULL AND o."Attempts" < 10
      ORDER BY o."CreatedAt"
      LIMIT @__p_0
info: Microsoft.EntityFrameworkCore.Database.Command[20101]
      Executed DbCommand (171ms) [Parameters=[@__p_0='?' (DbType = Int32)], CommandType='Text', CommandTimeout='30']
      SELECT o."Id", o."Attempts", o."CreatedAt", o."Payload", o."PublishedAt", o."RoutingKey", o."Subject", o."Type"
      FROM cadastro.outbox_events AS o
      WHERE o."PublishedAt" IS NULL AND o."Attempts" < 10
      ORDER BY o."CreatedAt"
      LIMIT @__p_0
info: Microsoft.EntityFrameworkCore.Database.Command[20101]
      Executed DbCommand (168ms) [Parameters=[@__p_0='?' (DbType = Int32)], CommandType='Text', CommandTimeout='30']
      SELECT o."Id", o."Attempts", o."CreatedAt", o."Payload", o."PublishedAt", o."RoutingKey", o."Subject", o."Type"
      FROM cadastro.outbox_events AS o
      WHERE o."PublishedAt" IS NULL AND o."Attempts" < 10
      ORDER BY o."CreatedAt"
      LIMIT @__p_0
info: Microsoft.EntityFrameworkCore.Database.Command[20101]
      Executed DbCommand (169ms) [Parameters=[@__p_0='?' (DbType = Int32)], CommandType='Text', CommandTimeout='30']
      SELECT o."Id", o."Attempts", o."CreatedAt", o."Payload", o."PublishedAt", o."RoutingKey", o."Subject", o."Type"
      FROM cadastro.outbox_events AS o
      WHERE o."PublishedAt" IS NULL AND o."Attempts" < 10
      ORDER BY o."CreatedAt"
      LIMIT @__p_0
info: Microsoft.EntityFrameworkCore.Database.Command[20101]
      Executed DbCommand (169ms) [Parameters=[@__p_0='?' (DbType = Int32)], CommandType='Text', CommandTimeout='30']
      SELECT o."Id", o."Attempts", o."CreatedAt", o."Payload", o."PublishedAt", o."RoutingKey", o."Subject", o."Type"
      FROM cadastro.outbox_events AS o
      WHERE o."PublishedAt" IS NULL AND o."Attempts" < 10
      ORDER BY o."CreatedAt"
      LIMIT @__p_0
info: Microsoft.EntityFrameworkCore.Database.Command[20101]
      Executed DbCommand (169ms) [Parameters=[@__p_0='?' (DbType = Int32)], CommandType='Text', CommandTimeout='30']
      SELECT o."Id", o."Attempts", o."CreatedAt", o."Payload", o."PublishedAt", o."RoutingKey", o."Subject", o."Type"
      FROM cadastro.outbox_events AS o
      WHERE o."PublishedAt" IS NULL AND o."Attempts" < 10
      ORDER BY o."CreatedAt"
      LIMIT @__p_0
info: Microsoft.EntityFrameworkCore.Database.Command[20101]
      Executed DbCommand (168ms) [Parameters=[@__p_0='?' (DbType = Int32)], CommandType='Text', CommandTimeout='30']
      SELECT o."Id", o."Attempts", o."CreatedAt", o."Payload", o."PublishedAt", o."RoutingKey", o."Subject", o."Type"
      FROM cadastro.outbox_events AS o
      WHERE o."PublishedAt" IS NULL AND o."Attempts" < 10
      ORDER BY o."CreatedAt"
      LIMIT @__p_0
info: Microsoft.EntityFrameworkCore.Database.Command[20101]
      Executed DbCommand (167ms) [Parameters=[@__p_0='?' (DbType = Int32)], CommandType='Text', CommandTimeout='30']
      SELECT o."Id", o."Attempts", o."CreatedAt", o."Payload", o."PublishedAt", o."RoutingKey", o."Subject", o."Type"
      FROM cadastro.outbox_events AS o
      WHERE o."PublishedAt" IS NULL AND o."Attempts" < 10
      ORDER BY o."CreatedAt"
      LIMIT @__p_0
info: Microsoft.EntityFrameworkCore.Database.Command[20101]
      Executed DbCommand (169ms) [Parameters=[@__p_0='?' (DbType = Int32)], CommandType='Text', CommandTimeout='30']
      SELECT o."Id", o."Attempts", o."CreatedAt", o."Payload", o."PublishedAt", o."RoutingKey", o."Subject", o."Type"
      FROM cadastro.outbox_events AS o
      WHERE o."PublishedAt" IS NULL AND o."Attempts" < 10
      ORDER BY o."CreatedAt"
      LIMIT @__p_0
info: Microsoft.EntityFrameworkCore.Database.Command[20101]
      Executed DbCommand (169ms) [Parameters=[@__p_0='?' (DbType = Int32)], CommandType='Text', CommandTimeout='30']
      SELECT o."Id", o."Attempts", o."CreatedAt", o."Payload", o."PublishedAt", o."RoutingKey", o."Subject", o."Type"
      FROM cadastro.outbox_events AS o
      WHERE o."PublishedAt" IS NULL AND o."Attempts" < 10
      ORDER BY o."CreatedAt"
      LIMIT @__p_0
info: Microsoft.EntityFrameworkCore.Database.Command[20101]
      Executed DbCommand (169ms) [Parameters=[@__p_0='?' (DbType = Int32)], CommandType='Text', CommandTimeout='30']
      SELECT o."Id", o."Attempts", o."CreatedAt", o."Payload", o."PublishedAt", o."RoutingKey", o."Subject", o."Type"
      FROM cadastro.outbox_events AS o
      WHERE o."PublishedAt" IS NULL AND o."Attempts" < 10
      ORDER BY o."CreatedAt"
      LIMIT @__p_0
info: Microsoft.EntityFrameworkCore.Database.Command[20101]
      Executed DbCommand (169ms) [Parameters=[@__p_0='?' (DbType = Int32)], CommandType='Text', CommandTimeout='30']
      SELECT o."Id", o."Attempts", o."CreatedAt", o."Payload", o."PublishedAt", o."RoutingKey", o."Subject", o."Type"
      FROM cadastro.outbox_events AS o
      WHERE o."PublishedAt" IS NULL AND o."Attempts" < 10
      ORDER BY o."CreatedAt"
      LIMIT @__p_0
info: Microsoft.EntityFrameworkCore.Database.Command[20101]
      Executed DbCommand (169ms) [Parameters=[@__p_0='?' (DbType = Int32)], CommandType='Text', CommandTimeout='30']
      SELECT o."Id", o."Attempts", o."CreatedAt", o."Payload", o."PublishedAt", o."RoutingKey", o."Subject", o."Type"
      FROM cadastro.outbox_events AS o
      WHERE o."PublishedAt" IS NULL AND o."Attempts" < 10
      ORDER BY o."CreatedAt"
      LIMIT @__p_0
info: Microsoft.EntityFrameworkCore.Database.Command[20101]
      Executed DbCommand (169ms) [Parameters=[@__p_0='?' (DbType = Int32)], CommandType='Text', CommandTimeout='30']
      SELECT o."Id", o."Attempts", o."CreatedAt", o."Payload", o."PublishedAt", o."RoutingKey", o."Subject", o."Type"
      FROM cadastro.outbox_events AS o
      WHERE o."PublishedAt" IS NULL AND o."Attempts" < 10
      ORDER BY o."CreatedAt"
      LIMIT @__p_0
info: Microsoft.EntityFrameworkCore.Database.Command[20101]
      Executed DbCommand (169ms) [Parameters=[@__p_0='?' (DbType = Int32)], CommandType='Text', CommandTimeout='30']
      SELECT o."Id", o."Attempts", o."CreatedAt", o."Payload", o."PublishedAt", o."RoutingKey", o."Subject", o."Type"
      FROM cadastro.outbox_events AS o
      WHERE o."PublishedAt" IS NULL AND o."Attempts" < 10
      ORDER BY o."CreatedAt"
      LIMIT @__p_0
info: Microsoft.EntityFrameworkCore.Database.Command[20101]
      Executed DbCommand (170ms) [Parameters=[@__p_0='?' (DbType = Int32)], CommandType='Text', CommandTimeout='30']
      SELECT o."Id", o."Attempts", o."CreatedAt", o."Payload", o."PublishedAt", o."RoutingKey", o."Subject", o."Type"
      FROM cadastro.outbox_events AS o
      WHERE o."PublishedAt" IS NULL AND o."Attempts" < 10
      ORDER BY o."CreatedAt"
      LIMIT @__p_0
info: Microsoft.EntityFrameworkCore.Database.Command[20101]
      Executed DbCommand (169ms) [Parameters=[@__p_0='?' (DbType = Int32)], CommandType='Text', CommandTimeout='30']
      SELECT o."Id", o."Attempts", o."CreatedAt", o."Payload", o."PublishedAt", o."RoutingKey", o."Subject", o."Type"
      FROM cadastro.outbox_events AS o
      WHERE o."PublishedAt" IS NULL AND o."Attempts" < 10
      ORDER BY o."CreatedAt"
      LIMIT @__p_0
info: Microsoft.EntityFrameworkCore.Database.Command[20101]
      Executed DbCommand (170ms) [Parameters=[@__p_0='?' (DbType = Int32)], CommandType='Text', CommandTimeout='30']
      SELECT o."Id", o."Attempts", o."CreatedAt", o."Payload", o."PublishedAt", o."RoutingKey", o."Subject", o."Type"
      FROM cadastro.outbox_events AS o
      WHERE o."PublishedAt" IS NULL AND o."Attempts" < 10
      ORDER BY o."CreatedAt"
      LIMIT @__p_0
info: Microsoft.EntityFrameworkCore.Database.Command[20101]
      Executed DbCommand (169ms) [Parameters=[@__p_0='?' (DbType = Int32)], CommandType='Text', CommandTimeout='30']
      SELECT o."Id", o."Attempts", o."CreatedAt", o."Payload", o."PublishedAt", o."RoutingKey", o."Subject", o."Type"
      FROM cadastro.outbox_events AS o
      WHERE o."PublishedAt" IS NULL AND o."Attempts" < 10
      ORDER BY o."CreatedAt"
      LIMIT @__p_0
info: Microsoft.EntityFrameworkCore.Database.Command[20101]
      Executed DbCommand (169ms) [Parameters=[@__p_0='?' (DbType = Int32)], CommandType='Text', CommandTimeout='30']
      SELECT o."Id", o."Attempts", o."CreatedAt", o."Payload", o."PublishedAt", o."RoutingKey", o."Subject", o."Type"
      FROM cadastro.outbox_events AS o
      WHERE o."PublishedAt" IS NULL AND o."Attempts" < 10
      ORDER BY o."CreatedAt"
      LIMIT @__p_0
info: Microsoft.EntityFrameworkCore.Database.Command[20101]
      Executed DbCommand (169ms) [Parameters=[@__p_0='?' (DbType = Int32)], CommandType='Text', CommandTimeout='30']
      SELECT o."Id", o."Attempts", o."CreatedAt", o."Payload", o."PublishedAt", o."RoutingKey", o."Subject", o."Type"
      FROM cadastro.outbox_events AS o
      WHERE o."PublishedAt" IS NULL AND o."Attempts" < 10
      ORDER BY o."CreatedAt"
      LIMIT @__p_0
info: Microsoft.EntityFrameworkCore.Database.Command[20101]
      Executed DbCommand (169ms) [Parameters=[@__p_0='?' (DbType = Int32)], CommandType='Text', CommandTimeout='30']
      SELECT o."Id", o."Attempts", o."CreatedAt", o."Payload", o."PublishedAt", o."RoutingKey", o."Subject", o."Type"
      FROM cadastro.outbox_events AS o
      WHERE o."PublishedAt" IS NULL AND o."Attempts" < 10
      ORDER BY o."CreatedAt"
      LIMIT @__p_0
info: Microsoft.EntityFrameworkCore.Database.Command[20101]
      Executed DbCommand (168ms) [Parameters=[@__p_0='?' (DbType = Int32)], CommandType='Text', CommandTimeout='30']
      SELECT o."Id", o."Attempts", o."CreatedAt", o."Payload", o."PublishedAt", o."RoutingKey", o."Subject", o."Type"
      FROM cadastro.outbox_events AS o
      WHERE o."PublishedAt" IS NULL AND o."Attempts" < 10
      ORDER BY o."CreatedAt"
      LIMIT @__p_0
info: Microsoft.EntityFrameworkCore.Database.Command[20101]
      Executed DbCommand (169ms) [Parameters=[@__p_0='?' (DbType = Int32)], CommandType='Text', CommandTimeout='30']
      SELECT o."Id", o."Attempts", o."CreatedAt", o."Payload", o."PublishedAt", o."RoutingKey", o."Subject", o."Type"
      FROM cadastro.outbox_events AS o
      WHERE o."PublishedAt" IS NULL AND o."Attempts" < 10
      ORDER BY o."CreatedAt"
      LIMIT @__p_0
info: Microsoft.EntityFrameworkCore.Database.Command[20101]
      Executed DbCommand (168ms) [Parameters=[@__p_0='?' (DbType = Int32)], CommandType='Text', CommandTimeout='30']
      SELECT o."Id", o."Attempts", o."CreatedAt", o."Payload", o."PublishedAt", o."RoutingKey", o."Subject", o."Type"
      FROM cadastro.outbox_events AS o
      WHERE o."PublishedAt" IS NULL AND o."Attempts" < 10
      ORDER BY o."CreatedAt"
      LIMIT @__p_0
info: Microsoft.EntityFrameworkCore.Database.Command[20101]
      Executed DbCommand (167ms) [Parameters=[@__p_0='?' (DbType = Int32)], CommandType='Text', CommandTimeout='30']
      SELECT o."Id", o."Attempts", o."CreatedAt", o."Payload", o."PublishedAt", o."RoutingKey", o."Subject", o."Type"
      FROM cadastro.outbox_events AS o
      WHERE o."PublishedAt" IS NULL AND o."Attempts" < 10
      ORDER BY o."CreatedAt"
      LIMIT @__p_0
info: Microsoft.EntityFrameworkCore.Database.Command[20101]
      Executed DbCommand (168ms) [Parameters=[@__p_0='?' (DbType = Int32)], CommandType='Text', CommandTimeout='30']
      SELECT o."Id", o."Attempts", o."CreatedAt", o."Payload", o."PublishedAt", o."RoutingKey", o."Subject", o."Type"
      FROM cadastro.outbox_events AS o
      WHERE o."PublishedAt" IS NULL AND o."Attempts" < 10
      ORDER BY o."CreatedAt"
      LIMIT @__p_0
info: Microsoft.EntityFrameworkCore.Database.Command[20101]
      Executed DbCommand (169ms) [Parameters=[@__p_0='?' (DbType = Int32)], CommandType='Text', CommandTimeout='30']
      SELECT o."Id", o."Attempts", o."CreatedAt", o."Payload", o."PublishedAt", o."RoutingKey", o."Subject", o."Type"
      FROM cadastro.outbox_events AS o
      WHERE o."PublishedAt" IS NULL AND o."Attempts" < 10
      ORDER BY o."CreatedAt"
      LIMIT @__p_0
info: Microsoft.EntityFrameworkCore.Database.Command[20101]
      Executed DbCommand (170ms) [Parameters=[@__p_0='?' (DbType = Int32)], CommandType='Text', CommandTimeout='30']
      SELECT o."Id", o."Attempts", o."CreatedAt", o."Payload", o."PublishedAt", o."RoutingKey", o."Subject", o."Type"
      FROM cadastro.outbox_events AS o
      WHERE o."PublishedAt" IS NULL AND o."Attempts" < 10
      ORDER BY o."CreatedAt"
      LIMIT @__p_0
info: Microsoft.EntityFrameworkCore.Database.Command[20101]
      Executed DbCommand (170ms) [Parameters=[@__p_0='?' (DbType = Int32)], CommandType='Text', CommandTimeout='30']
      SELECT o."Id", o."Attempts", o."CreatedAt", o."Payload", o."PublishedAt", o."RoutingKey", o."Subject", o."Type"
      FROM cadastro.outbox_events AS o
      WHERE o."PublishedAt" IS NULL AND o."Attempts" < 10
      ORDER BY o."CreatedAt"
      LIMIT @__p_0
info: Microsoft.EntityFrameworkCore.Database.Command[20101]
      Executed DbCommand (170ms) [Parameters=[@__p_0='?' (DbType = Int32)], CommandType='Text', CommandTimeout='30']
      SELECT o."Id", o."Attempts", o."CreatedAt", o."Payload", o."PublishedAt", o."RoutingKey", o."Subject", o."Type"
      FROM cadastro.outbox_events AS o
      WHERE o."PublishedAt" IS NULL AND o."Attempts" < 10
      ORDER BY o."CreatedAt"
      LIMIT @__p_0
info: Microsoft.EntityFrameworkCore.Database.Command[20101]
      Executed DbCommand (168ms) [Parameters=[@__p_0='?' (DbType = Int32)], CommandType='Text', CommandTimeout='30']
      SELECT o."Id", o."Attempts", o."CreatedAt", o."Payload", o."PublishedAt", o."RoutingKey", o."Subject", o."Type"
      FROM cadastro.outbox_events AS o
      WHERE o."PublishedAt" IS NULL AND o."Attempts" < 10
      ORDER BY o."CreatedAt"
      LIMIT @__p_0
info: Microsoft.EntityFrameworkCore.Database.Command[20101]
      Executed DbCommand (169ms) [Parameters=[@__p_0='?' (DbType = Int32)], CommandType='Text', CommandTimeout='30']
      SELECT o."Id", o."Attempts", o."CreatedAt", o."Payload", o."PublishedAt", o."RoutingKey", o."Subject", o."Type"
      FROM cadastro.outbox_events AS o
      WHERE o."PublishedAt" IS NULL AND o."Attempts" < 10
      ORDER BY o."CreatedAt"
      LIMIT @__p_0
info: Microsoft.EntityFrameworkCore.Database.Command[20101]
      Executed DbCommand (169ms) [Parameters=[@__p_0='?' (DbType = Int32)], CommandType='Text', CommandTimeout='30']
      SELECT o."Id", o."Attempts", o."CreatedAt", o."Payload", o."PublishedAt", o."RoutingKey", o."Subject", o."Type"
      FROM cadastro.outbox_events AS o
      WHERE o."PublishedAt" IS NULL AND o."Attempts" < 10
      ORDER BY o."CreatedAt"
      LIMIT @__p_0
info: Microsoft.EntityFrameworkCore.Database.Command[20101]
      Executed DbCommand (171ms) [Parameters=[@__p_0='?' (DbType = Int32)], CommandType='Text', CommandTimeout='30']
      SELECT o."Id", o."Attempts", o."CreatedAt", o."Payload", o."PublishedAt", o."RoutingKey", o."Subject", o."Type"
      FROM cadastro.outbox_events AS o
      WHERE o."PublishedAt" IS NULL AND o."Attempts" < 10
      ORDER BY o."CreatedAt"
      LIMIT @__p_0
info: Microsoft.EntityFrameworkCore.Database.Command[20101]
      Executed DbCommand (169ms) [Parameters=[@__p_0='?' (DbType = Int32)], CommandType='Text', CommandTimeout='30']
      SELECT o."Id", o."Attempts", o."CreatedAt", o."Payload", o."PublishedAt", o."RoutingKey", o."Subject", o."Type"
      FROM cadastro.outbox_events AS o
      WHERE o."PublishedAt" IS NULL AND o."Attempts" < 10
      ORDER BY o."CreatedAt"
      LIMIT @__p_0
info: Microsoft.EntityFrameworkCore.Database.Command[20101]
      Executed DbCommand (169ms) [Parameters=[@__p_0='?' (DbType = Int32)], CommandType='Text', CommandTimeout='30']
      SELECT o."Id", o."Attempts", o."CreatedAt", o."Payload", o."PublishedAt", o."RoutingKey", o."Subject", o."Type"
      FROM cadastro.outbox_events AS o
      WHERE o."PublishedAt" IS NULL AND o."Attempts" < 10
      ORDER BY o."CreatedAt"
      LIMIT @__p_0
info: Microsoft.EntityFrameworkCore.Database.Command[20101]
      Executed DbCommand (169ms) [Parameters=[@__p_0='?' (DbType = Int32)], CommandType='Text', CommandTimeout='30']
      SELECT o."Id", o."Attempts", o."CreatedAt", o."Payload", o."PublishedAt", o."RoutingKey", o."Subject", o."Type"
      FROM cadastro.outbox_events AS o
      WHERE o."PublishedAt" IS NULL AND o."Attempts" < 10
      ORDER BY o."CreatedAt"
      LIMIT @__p_0
info: Microsoft.EntityFrameworkCore.Database.Command[20101]
      Executed DbCommand (169ms) [Parameters=[@__p_0='?' (DbType = Int32)], CommandType='Text', CommandTimeout='30']
      SELECT o."Id", o."Attempts", o."CreatedAt", o."Payload", o."PublishedAt", o."RoutingKey", o."Subject", o."Type"
      FROM cadastro.outbox_events AS o
      WHERE o."PublishedAt" IS NULL AND o."Attempts" < 10
      ORDER BY o."CreatedAt"
      LIMIT @__p_0
info: Microsoft.EntityFrameworkCore.Database.Command[20101]
      Executed DbCommand (169ms) [Parameters=[@__p_0='?' (DbType = Int32)], CommandType='Text', CommandTimeout='30']
      SELECT o."Id", o."Attempts", o."CreatedAt", o."Payload", o."PublishedAt", o."RoutingKey", o."Subject", o."Type"
      FROM cadastro.outbox_events AS o
      WHERE o."PublishedAt" IS NULL AND o."Attempts" < 10
      ORDER BY o."CreatedAt"
      LIMIT @__p_0
info: Microsoft.EntityFrameworkCore.Database.Command[20101]
      Executed DbCommand (169ms) [Parameters=[@__p_0='?' (DbType = Int32)], CommandType='Text', CommandTimeout='30']
      SELECT o."Id", o."Attempts", o."CreatedAt", o."Payload", o."PublishedAt", o."RoutingKey", o."Subject", o."Type"
      FROM cadastro.outbox_events AS o
      WHERE o."PublishedAt" IS NULL AND o."Attempts" < 10
      ORDER BY o."CreatedAt"
      LIMIT @__p_0
info: Microsoft.EntityFrameworkCore.Database.Command[20101]
      Executed DbCommand (170ms) [Parameters=[@__p_0='?' (DbType = Int32)], CommandType='Text', CommandTimeout='30']
      SELECT o."Id", o."Attempts", o."CreatedAt", o."Payload", o."PublishedAt", o."RoutingKey", o."Subject", o."Type"
      FROM cadastro.outbox_events AS o
      WHERE o."PublishedAt" IS NULL AND o."Attempts" < 10
      ORDER BY o."CreatedAt"
      LIMIT @__p_0
info: Microsoft.EntityFrameworkCore.Database.Command[20101]
      Executed DbCommand (169ms) [Parameters=[@__p_0='?' (DbType = Int32)], CommandType='Text', CommandTimeout='30']
      SELECT o."Id", o."Attempts", o."CreatedAt", o."Payload", o."PublishedAt", o."RoutingKey", o."Subject", o."Type"
      FROM cadastro.outbox_events AS o
      WHERE o."PublishedAt" IS NULL AND o."Attempts" < 10
      ORDER BY o."CreatedAt"
      LIMIT @__p_0
info: Microsoft.EntityFrameworkCore.Database.Command[20101]
      Executed DbCommand (169ms) [Parameters=[@__p_0='?' (DbType = Int32)], CommandType='Text', CommandTimeout='30']
      SELECT o."Id", o."Attempts", o."CreatedAt", o."Payload", o."PublishedAt", o."RoutingKey", o."Subject", o."Type"
      FROM cadastro.outbox_events AS o
      WHERE o."PublishedAt" IS NULL AND o."Attempts" < 10
      ORDER BY o."CreatedAt"
      LIMIT @__p_0
info: Microsoft.EntityFrameworkCore.Database.Command[20101]
      Executed DbCommand (169ms) [Parameters=[@__p_0='?' (DbType = Int32)], CommandType='Text', CommandTimeout='30']
      SELECT o."Id", o."Attempts", o."CreatedAt", o."Payload", o."PublishedAt", o."RoutingKey", o."Subject", o."Type"
      FROM cadastro.outbox_events AS o
      WHERE o."PublishedAt" IS NULL AND o."Attempts" < 10
      ORDER BY o."CreatedAt"
      LIMIT @__p_0
info: Microsoft.EntityFrameworkCore.Database.Command[20101]
      Executed DbCommand (168ms) [Parameters=[@__p_0='?' (DbType = Int32)], CommandType='Text', CommandTimeout='30']
      SELECT o."Id", o."Attempts", o."CreatedAt", o."Payload", o."PublishedAt", o."RoutingKey", o."Subject", o."Type"
      FROM cadastro.outbox_events AS o
      WHERE o."PublishedAt" IS NULL AND o."Attempts" < 10
      ORDER BY o."CreatedAt"
      LIMIT @__p_0
info: Microsoft.EntityFrameworkCore.Database.Command[20101]
      Executed DbCommand (168ms) [Parameters=[@__p_0='?' (DbType = Int32)], CommandType='Text', CommandTimeout='30']
      SELECT o."Id", o."Attempts", o."CreatedAt", o."Payload", o."PublishedAt", o."RoutingKey", o."Subject", o."Type"
      FROM cadastro.outbox_events AS o
      WHERE o."PublishedAt" IS NULL AND o."Attempts" < 10
      ORDER BY o."CreatedAt"
      LIMIT @__p_0
info: Microsoft.EntityFrameworkCore.Database.Command[20101]
      Executed DbCommand (171ms) [Parameters=[@__p_0='?' (DbType = Int32)], CommandType='Text', CommandTimeout='30']
      SELECT o."Id", o."Attempts", o."CreatedAt", o."Payload", o."PublishedAt", o."RoutingKey", o."Subject", o."Type"
      FROM cadastro.outbox_events AS o
      WHERE o."PublishedAt" IS NULL AND o."Attempts" < 10
      ORDER BY o."CreatedAt"
      LIMIT @__p_0
info: Microsoft.EntityFrameworkCore.Database.Command[20101]
      Executed DbCommand (168ms) [Parameters=[@__p_0='?' (DbType = Int32)], CommandType='Text', CommandTimeout='30']
      SELECT o."Id", o."Attempts", o."CreatedAt", o."Payload", o."PublishedAt", o."RoutingKey", o."Subject", o."Type"
      FROM cadastro.outbox_events AS o
      WHERE o."PublishedAt" IS NULL AND o."Attempts" < 10
      ORDER BY o."CreatedAt"
      LIMIT @__p_0
info: Microsoft.EntityFrameworkCore.Database.Command[20101]
      Executed DbCommand (169ms) [Parameters=[@__p_0='?' (DbType = Int32)], CommandType='Text', CommandTimeout='30']
      SELECT o."Id", o."Attempts", o."CreatedAt", o."Payload", o."PublishedAt", o."RoutingKey", o."Subject", o."Type"
      FROM cadastro.outbox_events AS o
      WHERE o."PublishedAt" IS NULL AND o."Attempts" < 10
      ORDER BY o."CreatedAt"
      LIMIT @__p_0
info: Microsoft.EntityFrameworkCore.Database.Command[20101]
      Executed DbCommand (169ms) [Parameters=[@__p_0='?' (DbType = Int32)], CommandType='Text', CommandTimeout='30']
      SELECT o."Id", o."Attempts", o."CreatedAt", o."Payload", o."PublishedAt", o."RoutingKey", o."Subject", o."Type"
      FROM cadastro.outbox_events AS o
      WHERE o."PublishedAt" IS NULL AND o."Attempts" < 10
      ORDER BY o."CreatedAt"
      LIMIT @__p_0
info: Microsoft.EntityFrameworkCore.Database.Command[20101]
      Executed DbCommand (167ms) [Parameters=[@__p_0='?' (DbType = Int32)], CommandType='Text', CommandTimeout='30']
      SELECT o."Id", o."Attempts", o."CreatedAt", o."Payload", o."PublishedAt", o."RoutingKey", o."Subject", o."Type"
      FROM cadastro.outbox_events AS o
      WHERE o."PublishedAt" IS NULL AND o."Attempts" < 10
      ORDER BY o."CreatedAt"
      LIMIT @__p_0
info: Microsoft.EntityFrameworkCore.Database.Command[20101]
      Executed DbCommand (169ms) [Parameters=[@__p_0='?' (DbType = Int32)], CommandType='Text', CommandTimeout='30']
      SELECT o."Id", o."Attempts", o."CreatedAt", o."Payload", o."PublishedAt", o."RoutingKey", o."Subject", o."Type"
      FROM cadastro.outbox_events AS o
      WHERE o."PublishedAt" IS NULL AND o."Attempts" < 10
      ORDER BY o."CreatedAt"
      LIMIT @__p_0
info: Microsoft.EntityFrameworkCore.Database.Command[20101]
      Executed DbCommand (169ms) [Parameters=[@__p_0='?' (DbType = Int32)], CommandType='Text', CommandTimeout='30']
      SELECT o."Id", o."Attempts", o."CreatedAt", o."Payload", o."PublishedAt", o."RoutingKey", o."Subject", o."Type"
      FROM cadastro.outbox_events AS o
      WHERE o."PublishedAt" IS NULL AND o."Attempts" < 10
      ORDER BY o."CreatedAt"
      LIMIT @__p_0
info: Microsoft.EntityFrameworkCore.Database.Command[20101]
      Executed DbCommand (170ms) [Parameters=[@__p_0='?' (DbType = Int32)], CommandType='Text', CommandTimeout='30']
      SELECT o."Id", o."Attempts", o."CreatedAt", o."Payload", o."PublishedAt", o."RoutingKey", o."Subject", o."Type"
      FROM cadastro.outbox_events AS o
      WHERE o."PublishedAt" IS NULL AND o."Attempts" < 10
      ORDER BY o."CreatedAt"
      LIMIT @__p_0
info: Microsoft.EntityFrameworkCore.Database.Command[20101]
      Executed DbCommand (169ms) [Parameters=[@__p_0='?' (DbType = Int32)], CommandType='Text', CommandTimeout='30']
      SELECT o."Id", o."Attempts", o."CreatedAt", o."Payload", o."PublishedAt", o."RoutingKey", o."Subject", o."Type"
      FROM cadastro.outbox_events AS o
      WHERE o."PublishedAt" IS NULL AND o."Attempts" < 10
      ORDER BY o."CreatedAt"
      LIMIT @__p_0
info: Microsoft.EntityFrameworkCore.Database.Command[20101]
      Executed DbCommand (170ms) [Parameters=[@__p_0='?' (DbType = Int32)], CommandType='Text', CommandTimeout='30']
      SELECT o."Id", o."Attempts", o."CreatedAt", o."Payload", o."PublishedAt", o."RoutingKey", o."Subject", o."Type"
      FROM cadastro.outbox_events AS o
      WHERE o."PublishedAt" IS NULL AND o."Attempts" < 10
      ORDER BY o."CreatedAt"
      LIMIT @__p_0
info: Microsoft.EntityFrameworkCore.Database.Command[20101]
      Executed DbCommand (169ms) [Parameters=[@__p_0='?' (DbType = Int32)], CommandType='Text', CommandTimeout='30']
      SELECT o."Id", o."Attempts", o."CreatedAt", o."Payload", o."PublishedAt", o."RoutingKey", o."Subject", o."Type"
      FROM cadastro.outbox_events AS o
      WHERE o."PublishedAt" IS NULL AND o."Attempts" < 10
      ORDER BY o."CreatedAt"
      LIMIT @__p_0
info: Microsoft.EntityFrameworkCore.Database.Command[20101]
      Executed DbCommand (170ms) [Parameters=[@__p_0='?' (DbType = Int32)], CommandType='Text', CommandTimeout='30']
      SELECT o."Id", o."Attempts", o."CreatedAt", o."Payload", o."PublishedAt", o."RoutingKey", o."Subject", o."Type"
      FROM cadastro.outbox_events AS o
      WHERE o."PublishedAt" IS NULL AND o."Attempts" < 10
      ORDER BY o."CreatedAt"
      LIMIT @__p_0
info: Microsoft.EntityFrameworkCore.Database.Command[20101]
      Executed DbCommand (170ms) [Parameters=[@__p_0='?' (DbType = Int32)], CommandType='Text', CommandTimeout='30']
      SELECT o."Id", o."Attempts", o."CreatedAt", o."Payload", o."PublishedAt", o."RoutingKey", o."Subject", o."Type"
      FROM cadastro.outbox_events AS o
      WHERE o."PublishedAt" IS NULL AND o."Attempts" < 10
      ORDER BY o."CreatedAt"
      LIMIT @__p_0
info: Microsoft.EntityFrameworkCore.Database.Command[20101]
      Executed DbCommand (169ms) [Parameters=[@__p_0='?' (DbType = Int32)], CommandType='Text', CommandTimeout='30']
      SELECT o."Id", o."Attempts", o."CreatedAt", o."Payload", o."PublishedAt", o."RoutingKey", o."Subject", o."Type"
      FROM cadastro.outbox_events AS o
      WHERE o."PublishedAt" IS NULL AND o."Attempts" < 10
      ORDER BY o."CreatedAt"
      LIMIT @__p_0
info: Microsoft.EntityFrameworkCore.Database.Command[20101]
      Executed DbCommand (169ms) [Parameters=[@__p_0='?' (DbType = Int32)], CommandType='Text', CommandTimeout='30']
      SELECT o."Id", o."Attempts", o."CreatedAt", o."Payload", o."PublishedAt", o."RoutingKey", o."Subject", o."Type"
      FROM cadastro.outbox_events AS o
      WHERE o."PublishedAt" IS NULL AND o."Attempts" < 10
      ORDER BY o."CreatedAt"
      LIMIT @__p_0
info: Microsoft.EntityFrameworkCore.Database.Command[20101]
      Executed DbCommand (170ms) [Parameters=[@__p_0='?' (DbType = Int32)], CommandType='Text', CommandTimeout='30']
      SELECT o."Id", o."Attempts", o."CreatedAt", o."Payload", o."PublishedAt", o."RoutingKey", o."Subject", o."Type"
      FROM cadastro.outbox_events AS o
      WHERE o."PublishedAt" IS NULL AND o."Attempts" < 10
      ORDER BY o."CreatedAt"
      LIMIT @__p_0
info: Microsoft.EntityFrameworkCore.Database.Command[20101]
      Executed DbCommand (169ms) [Parameters=[@__p_0='?' (DbType = Int32)], CommandType='Text', CommandTimeout='30']
      SELECT o."Id", o."Attempts", o."CreatedAt", o."Payload", o."PublishedAt", o."RoutingKey", o."Subject", o."Type"
      FROM cadastro.outbox_events AS o
      WHERE o."PublishedAt" IS NULL AND o."Attempts" < 10
      ORDER BY o."CreatedAt"
      LIMIT @__p_0
info: Microsoft.EntityFrameworkCore.Database.Command[20101]
      Executed DbCommand (167ms) [Parameters=[@__p_0='?' (DbType = Int32)], CommandType='Text', CommandTimeout='30']
      SELECT o."Id", o."Attempts", o."CreatedAt", o."Payload", o."PublishedAt", o."RoutingKey", o."Subject", o."Type"
      FROM cadastro.outbox_events AS o
      WHERE o."PublishedAt" IS NULL AND o."Attempts" < 10
      ORDER BY o."CreatedAt"
      LIMIT @__p_0
info: Microsoft.EntityFrameworkCore.Database.Command[20101]
      Executed DbCommand (169ms) [Parameters=[@__p_0='?' (DbType = Int32)], CommandType='Text', CommandTimeout='30']
      SELECT o."Id", o."Attempts", o."CreatedAt", o."Payload", o."PublishedAt", o."RoutingKey", o."Subject", o."Type"
      FROM cadastro.outbox_events AS o
      WHERE o."PublishedAt" IS NULL AND o."Attempts" < 10
      ORDER BY o."CreatedAt"
      LIMIT @__p_0
info: Microsoft.EntityFrameworkCore.Database.Command[20101]
      Executed DbCommand (169ms) [Parameters=[@__p_0='?' (DbType = Int32)], CommandType='Text', CommandTimeout='30']
      SELECT o."Id", o."Attempts", o."CreatedAt", o."Payload", o."PublishedAt", o."RoutingKey", o."Subject", o."Type"
      FROM cadastro.outbox_events AS o
      WHERE o."PublishedAt" IS NULL AND o."Attempts" < 10
      ORDER BY o."CreatedAt"
      LIMIT @__p_0
info: Microsoft.EntityFrameworkCore.Database.Command[20101]
      Executed DbCommand (169ms) [Parameters=[@__p_0='?' (DbType = Int32)], CommandType='Text', CommandTimeout='30']
      SELECT o."Id", o."Attempts", o."CreatedAt", o."Payload", o."PublishedAt", o."RoutingKey", o."Subject", o."Type"
      FROM cadastro.outbox_events AS o
      WHERE o."PublishedAt" IS NULL AND o."Attempts" < 10
      ORDER BY o."CreatedAt"
      LIMIT @__p_0
info: Microsoft.EntityFrameworkCore.Database.Command[20101]
      Executed DbCommand (170ms) [Parameters=[@__p_0='?' (DbType = Int32)], CommandType='Text', CommandTimeout='30']
      SELECT o."Id", o."Attempts", o."CreatedAt", o."Payload", o."PublishedAt", o."RoutingKey", o."Subject", o."Type"
      FROM cadastro.outbox_events AS o
      WHERE o."PublishedAt" IS NULL AND o."Attempts" < 10
      ORDER BY o."CreatedAt"
      LIMIT @__p_0
info: Microsoft.EntityFrameworkCore.Database.Command[20101]
      Executed DbCommand (175ms) [Parameters=[@__p_0='?' (DbType = Int32)], CommandType='Text', CommandTimeout='30']
      SELECT o."Id", o."Attempts", o."CreatedAt", o."Payload", o."PublishedAt", o."RoutingKey", o."Subject", o."Type"
      FROM cadastro.outbox_events AS o
      WHERE o."PublishedAt" IS NULL AND o."Attempts" < 10
      ORDER BY o."CreatedAt"
      LIMIT @__p_0
info: Microsoft.EntityFrameworkCore.Database.Command[20101]
      Executed DbCommand (170ms) [Parameters=[@__p_0='?' (DbType = Int32)], CommandType='Text', CommandTimeout='30']
      SELECT o."Id", o."Attempts", o."CreatedAt", o."Payload", o."PublishedAt", o."RoutingKey", o."Subject", o."Type"
      FROM cadastro.outbox_events AS o
      WHERE o."PublishedAt" IS NULL AND o."Attempts" < 10
      ORDER BY o."CreatedAt"
      LIMIT @__p_0
info: Microsoft.EntityFrameworkCore.Database.Command[20101]
      Executed DbCommand (167ms) [Parameters=[@__p_0='?' (DbType = Int32)], CommandType='Text', CommandTimeout='30']
      SELECT o."Id", o."Attempts", o."CreatedAt", o."Payload", o."PublishedAt", o."RoutingKey", o."Subject", o."Type"
      FROM cadastro.outbox_events AS o
      WHERE o."PublishedAt" IS NULL AND o."Attempts" < 10
      ORDER BY o."CreatedAt"
      LIMIT @__p_0
info: Microsoft.EntityFrameworkCore.Database.Command[20101]
      Executed DbCommand (168ms) [Parameters=[@__p_0='?' (DbType = Int32)], CommandType='Text', CommandTimeout='30']
      SELECT o."Id", o."Attempts", o."CreatedAt", o."Payload", o."PublishedAt", o."RoutingKey", o."Subject", o."Type"
      FROM cadastro.outbox_events AS o
      WHERE o."PublishedAt" IS NULL AND o."Attempts" < 10
      ORDER BY o."CreatedAt"
      LIMIT @__p_0
info: Microsoft.EntityFrameworkCore.Database.Command[20101]
      Executed DbCommand (172ms) [Parameters=[@__p_0='?' (DbType = Int32)], CommandType='Text', CommandTimeout='30']
      SELECT o."Id", o."Attempts", o."CreatedAt", o."Payload", o."PublishedAt", o."RoutingKey", o."Subject", o."Type"
      FROM cadastro.outbox_events AS o
      WHERE o."PublishedAt" IS NULL AND o."Attempts" < 10
      ORDER BY o."CreatedAt"
      LIMIT @__p_0
info: Microsoft.EntityFrameworkCore.Database.Command[20101]
      Executed DbCommand (169ms) [Parameters=[@__p_0='?' (DbType = Int32)], CommandType='Text', CommandTimeout='30']
      SELECT o."Id", o."Attempts", o."CreatedAt", o."Payload", o."PublishedAt", o."RoutingKey", o."Subject", o."Type"
      FROM cadastro.outbox_events AS o
      WHERE o."PublishedAt" IS NULL AND o."Attempts" < 10
      ORDER BY o."CreatedAt"
      LIMIT @__p_0
info: Microsoft.EntityFrameworkCore.Database.Command[20101]
      Executed DbCommand (169ms) [Parameters=[@__p_0='?' (DbType = Int32)], CommandType='Text', CommandTimeout='30']
      SELECT o."Id", o."Attempts", o."CreatedAt", o."Payload", o."PublishedAt", o."RoutingKey", o."Subject", o."Type"
      FROM cadastro.outbox_events AS o
      WHERE o."PublishedAt" IS NULL AND o."Attempts" < 10
      ORDER BY o."CreatedAt"
      LIMIT @__p_0
info: Microsoft.EntityFrameworkCore.Database.Command[20101]
      Executed DbCommand (169ms) [Parameters=[@__p_0='?' (DbType = Int32)], CommandType='Text', CommandTimeout='30']
      SELECT o."Id", o."Attempts", o."CreatedAt", o."Payload", o."PublishedAt", o."RoutingKey", o."Subject", o."Type"
      FROM cadastro.outbox_events AS o
      WHERE o."PublishedAt" IS NULL AND o."Attempts" < 10
      ORDER BY o."CreatedAt"
      LIMIT @__p_0
info: Microsoft.EntityFrameworkCore.Database.Command[20101]
      Executed DbCommand (169ms) [Parameters=[@__p_0='?' (DbType = Int32)], CommandType='Text', CommandTimeout='30']
      SELECT o."Id", o."Attempts", o."CreatedAt", o."Payload", o."PublishedAt", o."RoutingKey", o."Subject", o."Type"
      FROM cadastro.outbox_events AS o
      WHERE o."PublishedAt" IS NULL AND o."Attempts" < 10
      ORDER BY o."CreatedAt"
      LIMIT @__p_0
info: Microsoft.EntityFrameworkCore.Database.Command[20101]
      Executed DbCommand (552ms) [Parameters=[@__p_0='?' (DbType = Int32)], CommandType='Text', CommandTimeout='30']
      SELECT o."Id", o."Attempts", o."CreatedAt", o."Payload", o."PublishedAt", o."RoutingKey", o."Subject", o."Type"
      FROM cadastro.outbox_events AS o
      WHERE o."PublishedAt" IS NULL AND o."Attempts" < 10
      ORDER BY o."CreatedAt"
      LIMIT @__p_0
info: Microsoft.EntityFrameworkCore.Database.Command[20101]
      Executed DbCommand (169ms) [Parameters=[@__p_0='?' (DbType = Int32)], CommandType='Text', CommandTimeout='30']
      SELECT o."Id", o."Attempts", o."CreatedAt", o."Payload", o."PublishedAt", o."RoutingKey", o."Subject", o."Type"
      FROM cadastro.outbox_events AS o
      WHERE o."PublishedAt" IS NULL AND o."Attempts" < 10
      ORDER BY o."CreatedAt"
      LIMIT @__p_0
info: Microsoft.EntityFrameworkCore.Database.Command[20101]
      Executed DbCommand (171ms) [Parameters=[@__p_0='?' (DbType = Int32)], CommandType='Text', CommandTimeout='30']
      SELECT o."Id", o."Attempts", o."CreatedAt", o."Payload", o."PublishedAt", o."RoutingKey", o."Subject", o."Type"
      FROM cadastro.outbox_events AS o
      WHERE o."PublishedAt" IS NULL AND o."Attempts" < 10
      ORDER BY o."CreatedAt"
      LIMIT @__p_0
info: Microsoft.EntityFrameworkCore.Database.Command[20101]
      Executed DbCommand (170ms) [Parameters=[@__p_0='?' (DbType = Int32)], CommandType='Text', CommandTimeout='30']
      SELECT o."Id", o."Attempts", o."CreatedAt", o."Payload", o."PublishedAt", o."RoutingKey", o."Subject", o."Type"
      FROM cadastro.outbox_events AS o
      WHERE o."PublishedAt" IS NULL AND o."Attempts" < 10
      ORDER BY o."CreatedAt"
      LIMIT @__p_0
info: Microsoft.EntityFrameworkCore.Database.Command[20101]
      Executed DbCommand (171ms) [Parameters=[@__p_0='?' (DbType = Int32)], CommandType='Text', CommandTimeout='30']
      SELECT o."Id", o."Attempts", o."CreatedAt", o."Payload", o."PublishedAt", o."RoutingKey", o."Subject", o."Type"
      FROM cadastro.outbox_events AS o
      WHERE o."PublishedAt" IS NULL AND o."Attempts" < 10
      ORDER BY o."CreatedAt"
      LIMIT @__p_0
info: Microsoft.EntityFrameworkCore.Database.Command[20101]
      Executed DbCommand (168ms) [Parameters=[@__p_0='?' (DbType = Int32)], CommandType='Text', CommandTimeout='30']
      SELECT o."Id", o."Attempts", o."CreatedAt", o."Payload", o."PublishedAt", o."RoutingKey", o."Subject", o."Type"
      FROM cadastro.outbox_events AS o
      WHERE o."PublishedAt" IS NULL AND o."Attempts" < 10
      ORDER BY o."CreatedAt"
      LIMIT @__p_0
info: Microsoft.EntityFrameworkCore.Database.Command[20101]
      Executed DbCommand (169ms) [Parameters=[@__p_0='?' (DbType = Int32)], CommandType='Text', CommandTimeout='30']
      SELECT o."Id", o."Attempts", o."CreatedAt", o."Payload", o."PublishedAt", o."RoutingKey", o."Subject", o."Type"
      FROM cadastro.outbox_events AS o
      WHERE o."PublishedAt" IS NULL AND o."Attempts" < 10
      ORDER BY o."CreatedAt"
      LIMIT @__p_0
info: Microsoft.EntityFrameworkCore.Database.Command[20101]
      Executed DbCommand (167ms) [Parameters=[@__p_0='?' (DbType = Int32)], CommandType='Text', CommandTimeout='30']
      SELECT o."Id", o."Attempts", o."CreatedAt", o."Payload", o."PublishedAt", o."RoutingKey", o."Subject", o."Type"
      FROM cadastro.outbox_events AS o
      WHERE o."PublishedAt" IS NULL AND o."Attempts" < 10
      ORDER BY o."CreatedAt"
      LIMIT @__p_0
info: Microsoft.EntityFrameworkCore.Database.Command[20101]
      Executed DbCommand (169ms) [Parameters=[@__p_0='?' (DbType = Int32)], CommandType='Text', CommandTimeout='30']
      SELECT o."Id", o."Attempts", o."CreatedAt", o."Payload", o."PublishedAt", o."RoutingKey", o."Subject", o."Type"
      FROM cadastro.outbox_events AS o
      WHERE o."PublishedAt" IS NULL AND o."Attempts" < 10
      ORDER BY o."CreatedAt"
      LIMIT @__p_0
info: Microsoft.EntityFrameworkCore.Database.Command[20101]
      Executed DbCommand (169ms) [Parameters=[@__p_0='?' (DbType = Int32)], CommandType='Text', CommandTimeout='30']
      SELECT o."Id", o."Attempts", o."CreatedAt", o."Payload", o."PublishedAt", o."RoutingKey", o."Subject", o."Type"
      FROM cadastro.outbox_events AS o
      WHERE o."PublishedAt" IS NULL AND o."Attempts" < 10
      ORDER BY o."CreatedAt"
      LIMIT @__p_0
info: Microsoft.EntityFrameworkCore.Database.Command[20101]
      Executed DbCommand (167ms) [Parameters=[@__p_0='?' (DbType = Int32)], CommandType='Text', CommandTimeout='30']
      SELECT o."Id", o."Attempts", o."CreatedAt", o."Payload", o."PublishedAt", o."RoutingKey", o."Subject", o."Type"
      FROM cadastro.outbox_events AS o
      WHERE o."PublishedAt" IS NULL AND o."Attempts" < 10
      ORDER BY o."CreatedAt"
      LIMIT @__p_0
info: Microsoft.EntityFrameworkCore.Database.Command[20101]
      Executed DbCommand (169ms) [Parameters=[@__p_0='?' (DbType = Int32)], CommandType='Text', CommandTimeout='30']
      SELECT o."Id", o."Attempts", o."CreatedAt", o."Payload", o."PublishedAt", o."RoutingKey", o."Subject", o."Type"
      FROM cadastro.outbox_events AS o
      WHERE o."PublishedAt" IS NULL AND o."Attempts" < 10
      ORDER BY o."CreatedAt"
      LIMIT @__p_0
info: Microsoft.EntityFrameworkCore.Database.Command[20101]
      Executed DbCommand (169ms) [Parameters=[@__p_0='?' (DbType = Int32)], CommandType='Text', CommandTimeout='30']
      SELECT o."Id", o."Attempts", o."CreatedAt", o."Payload", o."PublishedAt", o."RoutingKey", o."Subject", o."Type"
      FROM cadastro.outbox_events AS o
      WHERE o."PublishedAt" IS NULL AND o."Attempts" < 10
      ORDER BY o."CreatedAt"
      LIMIT @__p_0
info: Microsoft.EntityFrameworkCore.Database.Command[20101]
      Executed DbCommand (169ms) [Parameters=[@__p_0='?' (DbType = Int32)], CommandType='Text', CommandTimeout='30']
      SELECT o."Id", o."Attempts", o."CreatedAt", o."Payload", o."PublishedAt", o."RoutingKey", o."Subject", o."Type"
      FROM cadastro.outbox_events AS o
      WHERE o."PublishedAt" IS NULL AND o."Attempts" < 10
      ORDER BY o."CreatedAt"
      LIMIT @__p_0
info: Microsoft.EntityFrameworkCore.Database.Command[20101]
      Executed DbCommand (172ms) [Parameters=[@__p_0='?' (DbType = Int32)], CommandType='Text', CommandTimeout='30']
      SELECT o."Id", o."Attempts", o."CreatedAt", o."Payload", o."PublishedAt", o."RoutingKey", o."Subject", o."Type"
      FROM cadastro.outbox_events AS o
      WHERE o."PublishedAt" IS NULL AND o."Attempts" < 10
      ORDER BY o."CreatedAt"
      LIMIT @__p_0
info: Microsoft.EntityFrameworkCore.Database.Command[20101]
      Executed DbCommand (169ms) [Parameters=[@__p_0='?' (DbType = Int32)], CommandType='Text', CommandTimeout='30']
      SELECT o."Id", o."Attempts", o."CreatedAt", o."Payload", o."PublishedAt", o."RoutingKey", o."Subject", o."Type"
      FROM cadastro.outbox_events AS o
      WHERE o."PublishedAt" IS NULL AND o."Attempts" < 10
      ORDER BY o."CreatedAt"
      LIMIT @__p_0
info: Microsoft.EntityFrameworkCore.Database.Command[20101]
      Executed DbCommand (169ms) [Parameters=[@__p_0='?' (DbType = Int32)], CommandType='Text', CommandTimeout='30']
      SELECT o."Id", o."Attempts", o."CreatedAt", o."Payload", o."PublishedAt", o."RoutingKey", o."Subject", o."Type"
      FROM cadastro.outbox_events AS o
      WHERE o."PublishedAt" IS NULL AND o."Attempts" < 10
      ORDER BY o."CreatedAt"
      LIMIT @__p_0
info: Microsoft.EntityFrameworkCore.Database.Command[20101]
      Executed DbCommand (169ms) [Parameters=[@__p_0='?' (DbType = Int32)], CommandType='Text', CommandTimeout='30']
      SELECT o."Id", o."Attempts", o."CreatedAt", o."Payload", o."PublishedAt", o."RoutingKey", o."Subject", o."Type"
      FROM cadastro.outbox_events AS o
      WHERE o."PublishedAt" IS NULL AND o."Attempts" < 10
      ORDER BY o."CreatedAt"
      LIMIT @__p_0
info: Microsoft.EntityFrameworkCore.Database.Command[20101]
      Executed DbCommand (170ms) [Parameters=[@__p_0='?' (DbType = Int32)], CommandType='Text', CommandTimeout='30']
      SELECT o."Id", o."Attempts", o."CreatedAt", o."Payload", o."PublishedAt", o."RoutingKey", o."Subject", o."Type"
      FROM cadastro.outbox_events AS o
      WHERE o."PublishedAt" IS NULL AND o."Attempts" < 10
      ORDER BY o."CreatedAt"
      LIMIT @__p_0
info: Microsoft.EntityFrameworkCore.Database.Command[20101]
      Executed DbCommand (172ms) [Parameters=[@__p_0='?' (DbType = Int32)], CommandType='Text', CommandTimeout='30']
      SELECT o."Id", o."Attempts", o."CreatedAt", o."Payload", o."PublishedAt", o."RoutingKey", o."Subject", o."Type"
      FROM cadastro.outbox_events AS o
      WHERE o."PublishedAt" IS NULL AND o."Attempts" < 10
      ORDER BY o."CreatedAt"
      LIMIT @__p_0
info: Microsoft.EntityFrameworkCore.Database.Command[20101]
      Executed DbCommand (171ms) [Parameters=[@__p_0='?' (DbType = Int32)], CommandType='Text', CommandTimeout='30']
      SELECT o."Id", o."Attempts", o."CreatedAt", o."Payload", o."PublishedAt", o."RoutingKey", o."Subject", o."Type"
      FROM cadastro.outbox_events AS o
      WHERE o."PublishedAt" IS NULL AND o."Attempts" < 10
      ORDER BY o."CreatedAt"
      LIMIT @__p_0
info: Microsoft.EntityFrameworkCore.Database.Command[20101]
      Executed DbCommand (171ms) [Parameters=[@__p_0='?' (DbType = Int32)], CommandType='Text', CommandTimeout='30']
      SELECT o."Id", o."Attempts", o."CreatedAt", o."Payload", o."PublishedAt", o."RoutingKey", o."Subject", o."Type"
      FROM cadastro.outbox_events AS o
      WHERE o."PublishedAt" IS NULL AND o."Attempts" < 10
      ORDER BY o."CreatedAt"
      LIMIT @__p_0
info: Microsoft.EntityFrameworkCore.Database.Command[20101]
      Executed DbCommand (172ms) [Parameters=[@__p_0='?' (DbType = Int32)], CommandType='Text', CommandTimeout='30']
      SELECT o."Id", o."Attempts", o."CreatedAt", o."Payload", o."PublishedAt", o."RoutingKey", o."Subject", o."Type"
      FROM cadastro.outbox_events AS o
      WHERE o."PublishedAt" IS NULL AND o."Attempts" < 10
      ORDER BY o."CreatedAt"
      LIMIT @__p_0
info: Microsoft.EntityFrameworkCore.Database.Command[20101]
      Executed DbCommand (172ms) [Parameters=[@__p_0='?' (DbType = Int32)], CommandType='Text', CommandTimeout='30']
      SELECT o."Id", o."Attempts", o."CreatedAt", o."Payload", o."PublishedAt", o."RoutingKey", o."Subject", o."Type"
      FROM cadastro.outbox_events AS o
      WHERE o."PublishedAt" IS NULL AND o."Attempts" < 10
      ORDER BY o."CreatedAt"
      LIMIT @__p_0
info: Microsoft.EntityFrameworkCore.Database.Command[20101]
      Executed DbCommand (171ms) [Parameters=[@__p_0='?' (DbType = Int32)], CommandType='Text', CommandTimeout='30']
      SELECT o."Id", o."Attempts", o."CreatedAt", o."Payload", o."PublishedAt", o."RoutingKey", o."Subject", o."Type"
      FROM cadastro.outbox_events AS o
      WHERE o."PublishedAt" IS NULL AND o."Attempts" < 10
      ORDER BY o."CreatedAt"
      LIMIT @__p_0
info: Microsoft.EntityFrameworkCore.Database.Command[20101]
      Executed DbCommand (172ms) [Parameters=[@__p_0='?' (DbType = Int32)], CommandType='Text', CommandTimeout='30']
      SELECT o."Id", o."Attempts", o."CreatedAt", o."Payload", o."PublishedAt", o."RoutingKey", o."Subject", o."Type"
      FROM cadastro.outbox_events AS o
      WHERE o."PublishedAt" IS NULL AND o."Attempts" < 10
      ORDER BY o."CreatedAt"
      LIMIT @__p_0
info: Microsoft.EntityFrameworkCore.Database.Command[20101]
      Executed DbCommand (172ms) [Parameters=[@__p_0='?' (DbType = Int32)], CommandType='Text', CommandTimeout='30']
      SELECT o."Id", o."Attempts", o."CreatedAt", o."Payload", o."PublishedAt", o."RoutingKey", o."Subject", o."Type"
      FROM cadastro.outbox_events AS o
      WHERE o."PublishedAt" IS NULL AND o."Attempts" < 10
      ORDER BY o."CreatedAt"
      LIMIT @__p_0
info: Microsoft.EntityFrameworkCore.Database.Command[20101]
      Executed DbCommand (171ms) [Parameters=[@__p_0='?' (DbType = Int32)], CommandType='Text', CommandTimeout='30']
      SELECT o."Id", o."Attempts", o."CreatedAt", o."Payload", o."PublishedAt", o."RoutingKey", o."Subject", o."Type"
      FROM cadastro.outbox_events AS o
      WHERE o."PublishedAt" IS NULL AND o."Attempts" < 10
      ORDER BY o."CreatedAt"
      LIMIT @__p_0
info: Microsoft.EntityFrameworkCore.Database.Command[20101]
      Executed DbCommand (172ms) [Parameters=[@__p_0='?' (DbType = Int32)], CommandType='Text', CommandTimeout='30']
      SELECT o."Id", o."Attempts", o."CreatedAt", o."Payload", o."PublishedAt", o."RoutingKey", o."Subject", o."Type"
      FROM cadastro.outbox_events AS o
      WHERE o."PublishedAt" IS NULL AND o."Attempts" < 10
      ORDER BY o."CreatedAt"
      LIMIT @__p_0
info: Microsoft.EntityFrameworkCore.Database.Command[20101]
      Executed DbCommand (171ms) [Parameters=[@__p_0='?' (DbType = Int32)], CommandType='Text', CommandTimeout='30']
      SELECT o."Id", o."Attempts", o."CreatedAt", o."Payload", o."PublishedAt", o."RoutingKey", o."Subject", o."Type"
      FROM cadastro.outbox_events AS o
      WHERE o."PublishedAt" IS NULL AND o."Attempts" < 10
      ORDER BY o."CreatedAt"
      LIMIT @__p_0
info: Microsoft.EntityFrameworkCore.Database.Command[20101]
      Executed DbCommand (172ms) [Parameters=[@__p_0='?' (DbType = Int32)], CommandType='Text', CommandTimeout='30']
      SELECT o."Id", o."Attempts", o."CreatedAt", o."Payload", o."PublishedAt", o."RoutingKey", o."Subject", o."Type"
      FROM cadastro.outbox_events AS o
      WHERE o."PublishedAt" IS NULL AND o."Attempts" < 10
      ORDER BY o."CreatedAt"
      LIMIT @__p_0
info: Microsoft.EntityFrameworkCore.Database.Command[20101]
      Executed DbCommand (171ms) [Parameters=[@__p_0='?' (DbType = Int32)], CommandType='Text', CommandTimeout='30']
      SELECT o."Id", o."Attempts", o."CreatedAt", o."Payload", o."PublishedAt", o."RoutingKey", o."Subject", o."Type"
      FROM cadastro.outbox_events AS o
      WHERE o."PublishedAt" IS NULL AND o."Attempts" < 10
      ORDER BY o."CreatedAt"
      LIMIT @__p_0
info: Microsoft.EntityFrameworkCore.Database.Command[20101]
      Executed DbCommand (171ms) [Parameters=[@__p_0='?' (DbType = Int32)], CommandType='Text', CommandTimeout='30']
      SELECT o."Id", o."Attempts", o."CreatedAt", o."Payload", o."PublishedAt", o."RoutingKey", o."Subject", o."Type"
      FROM cadastro.outbox_events AS o
      WHERE o."PublishedAt" IS NULL AND o."Attempts" < 10
      ORDER BY o."CreatedAt"
      LIMIT @__p_0
info: Microsoft.EntityFrameworkCore.Database.Command[20101]
      Executed DbCommand (172ms) [Parameters=[@__p_0='?' (DbType = Int32)], CommandType='Text', CommandTimeout='30']
      SELECT o."Id", o."Attempts", o."CreatedAt", o."Payload", o."PublishedAt", o."RoutingKey", o."Subject", o."Type"
      FROM cadastro.outbox_events AS o
      WHERE o."PublishedAt" IS NULL AND o."Attempts" < 10
      ORDER BY o."CreatedAt"
      LIMIT @__p_0
info: Microsoft.EntityFrameworkCore.Database.Command[20101]
      Executed DbCommand (172ms) [Parameters=[@__p_0='?' (DbType = Int32)], CommandType='Text', CommandTimeout='30']
      SELECT o."Id", o."Attempts", o."CreatedAt", o."Payload", o."PublishedAt", o."RoutingKey", o."Subject", o."Type"
      FROM cadastro.outbox_events AS o
      WHERE o."PublishedAt" IS NULL AND o."Attempts" < 10
      ORDER BY o."CreatedAt"
      LIMIT @__p_0
info: Microsoft.EntityFrameworkCore.Database.Command[20101]
      Executed DbCommand (171ms) [Parameters=[@__p_0='?' (DbType = Int32)], CommandType='Text', CommandTimeout='30']
      SELECT o."Id", o."Attempts", o."CreatedAt", o."Payload", o."PublishedAt", o."RoutingKey", o."Subject", o."Type"
      FROM cadastro.outbox_events AS o
      WHERE o."PublishedAt" IS NULL AND o."Attempts" < 10
      ORDER BY o."CreatedAt"
      LIMIT @__p_0
info: Microsoft.EntityFrameworkCore.Database.Command[20101]
      Executed DbCommand (171ms) [Parameters=[@__p_0='?' (DbType = Int32)], CommandType='Text', CommandTimeout='30']
      SELECT o."Id", o."Attempts", o."CreatedAt", o."Payload", o."PublishedAt", o."RoutingKey", o."Subject", o."Type"
      FROM cadastro.outbox_events AS o
      WHERE o."PublishedAt" IS NULL AND o."Attempts" < 10
      ORDER BY o."CreatedAt"
      LIMIT @__p_0
info: Microsoft.EntityFrameworkCore.Database.Command[20101]
      Executed DbCommand (171ms) [Parameters=[@__p_0='?' (DbType = Int32)], CommandType='Text', CommandTimeout='30']
      SELECT o."Id", o."Attempts", o."CreatedAt", o."Payload", o."PublishedAt", o."RoutingKey", o."Subject", o."Type"
      FROM cadastro.outbox_events AS o
      WHERE o."PublishedAt" IS NULL AND o."Attempts" < 10
      ORDER BY o."CreatedAt"
      LIMIT @__p_0
info: Microsoft.EntityFrameworkCore.Database.Command[20101]
      Executed DbCommand (170ms) [Parameters=[@__p_0='?' (DbType = Int32)], CommandType='Text', CommandTimeout='30']
      SELECT o."Id", o."Attempts", o."CreatedAt", o."Payload", o."PublishedAt", o."RoutingKey", o."Subject", o."Type"
      FROM cadastro.outbox_events AS o
      WHERE o."PublishedAt" IS NULL AND o."Attempts" < 10
      ORDER BY o."CreatedAt"
      LIMIT @__p_0
info: Microsoft.EntityFrameworkCore.Database.Command[20101]
      Executed DbCommand (169ms) [Parameters=[@__p_0='?' (DbType = Int32)], CommandType='Text', CommandTimeout='30']
      SELECT o."Id", o."Attempts", o."CreatedAt", o."Payload", o."PublishedAt", o."RoutingKey", o."Subject", o."Type"
      FROM cadastro.outbox_events AS o
      WHERE o."PublishedAt" IS NULL AND o."Attempts" < 10
      ORDER BY o."CreatedAt"
      LIMIT @__p_0
info: Microsoft.EntityFrameworkCore.Database.Command[20101]
      Executed DbCommand (166ms) [Parameters=[@__p_0='?' (DbType = Int32)], CommandType='Text', CommandTimeout='30']
      SELECT o."Id", o."Attempts", o."CreatedAt", o."Payload", o."PublishedAt", o."RoutingKey", o."Subject", o."Type"
      FROM cadastro.outbox_events AS o
      WHERE o."PublishedAt" IS NULL AND o."Attempts" < 10
      ORDER BY o."CreatedAt"
      LIMIT @__p_0
info: Microsoft.EntityFrameworkCore.Database.Command[20101]
      Executed DbCommand (168ms) [Parameters=[@__p_0='?' (DbType = Int32)], CommandType='Text', CommandTimeout='30']
      SELECT o."Id", o."Attempts", o."CreatedAt", o."Payload", o."PublishedAt", o."RoutingKey", o."Subject", o."Type"
      FROM cadastro.outbox_events AS o
      WHERE o."PublishedAt" IS NULL AND o."Attempts" < 10
      ORDER BY o."CreatedAt"
      LIMIT @__p_0
info: Microsoft.EntityFrameworkCore.Database.Command[20101]
      Executed DbCommand (169ms) [Parameters=[@__p_0='?' (DbType = Int32)], CommandType='Text', CommandTimeout='30']
      SELECT o."Id", o."Attempts", o."CreatedAt", o."Payload", o."PublishedAt", o."RoutingKey", o."Subject", o."Type"
      FROM cadastro.outbox_events AS o
      WHERE o."PublishedAt" IS NULL AND o."Attempts" < 10
      ORDER BY o."CreatedAt"
      LIMIT @__p_0
info: Microsoft.EntityFrameworkCore.Database.Command[20101]
      Executed DbCommand (168ms) [Parameters=[@__p_0='?' (DbType = Int32)], CommandType='Text', CommandTimeout='30']
      SELECT o."Id", o."Attempts", o."CreatedAt", o."Payload", o."PublishedAt", o."RoutingKey", o."Subject", o."Type"
      FROM cadastro.outbox_events AS o
      WHERE o."PublishedAt" IS NULL AND o."Attempts" < 10
      ORDER BY o."CreatedAt"
      LIMIT @__p_0
info: Microsoft.EntityFrameworkCore.Database.Command[20101]
      Executed DbCommand (169ms) [Parameters=[@__p_0='?' (DbType = Int32)], CommandType='Text', CommandTimeout='30']
      SELECT o."Id", o."Attempts", o."CreatedAt", o."Payload", o."PublishedAt", o."RoutingKey", o."Subject", o."Type"
      FROM cadastro.outbox_events AS o
      WHERE o."PublishedAt" IS NULL AND o."Attempts" < 10
      ORDER BY o."CreatedAt"
      LIMIT @__p_0
info: Microsoft.EntityFrameworkCore.Database.Command[20101]
      Executed DbCommand (170ms) [Parameters=[@__p_0='?' (DbType = Int32)], CommandType='Text', CommandTimeout='30']
      SELECT o."Id", o."Attempts", o."CreatedAt", o."Payload", o."PublishedAt", o."RoutingKey", o."Subject", o."Type"
      FROM cadastro.outbox_events AS o
      WHERE o."PublishedAt" IS NULL AND o."Attempts" < 10
      ORDER BY o."CreatedAt"
      LIMIT @__p_0
info: Microsoft.EntityFrameworkCore.Database.Command[20101]
      Executed DbCommand (168ms) [Parameters=[@__p_0='?' (DbType = Int32)], CommandType='Text', CommandTimeout='30']
      SELECT o."Id", o."Attempts", o."CreatedAt", o."Payload", o."PublishedAt", o."RoutingKey", o."Subject", o."Type"
      FROM cadastro.outbox_events AS o
      WHERE o."PublishedAt" IS NULL AND o."Attempts" < 10
      ORDER BY o."CreatedAt"
      LIMIT @__p_0
info: Microsoft.EntityFrameworkCore.Database.Command[20101]
      Executed DbCommand (168ms) [Parameters=[@__p_0='?' (DbType = Int32)], CommandType='Text', CommandTimeout='30']
      SELECT o."Id", o."Attempts", o."CreatedAt", o."Payload", o."PublishedAt", o."RoutingKey", o."Subject", o."Type"
      FROM cadastro.outbox_events AS o
      WHERE o."PublishedAt" IS NULL AND o."Attempts" < 10
      ORDER BY o."CreatedAt"
      LIMIT @__p_0
info: Microsoft.EntityFrameworkCore.Database.Command[20101]
      Executed DbCommand (169ms) [Parameters=[@__p_0='?' (DbType = Int32)], CommandType='Text', CommandTimeout='30']
      SELECT o."Id", o."Attempts", o."CreatedAt", o."Payload", o."PublishedAt", o."RoutingKey", o."Subject", o."Type"
      FROM cadastro.outbox_events AS o
      WHERE o."PublishedAt" IS NULL AND o."Attempts" < 10
      ORDER BY o."CreatedAt"
      LIMIT @__p_0
info: Microsoft.EntityFrameworkCore.Database.Command[20101]
      Executed DbCommand (170ms) [Parameters=[@__p_0='?' (DbType = Int32)], CommandType='Text', CommandTimeout='30']
      SELECT o."Id", o."Attempts", o."CreatedAt", o."Payload", o."PublishedAt", o."RoutingKey", o."Subject", o."Type"
      FROM cadastro.outbox_events AS o
      WHERE o."PublishedAt" IS NULL AND o."Attempts" < 10
      ORDER BY o."CreatedAt"
      LIMIT @__p_0
info: Microsoft.EntityFrameworkCore.Database.Command[20101]
      Executed DbCommand (167ms) [Parameters=[@__p_0='?' (DbType = Int32)], CommandType='Text', CommandTimeout='30']
      SELECT o."Id", o."Attempts", o."CreatedAt", o."Payload", o."PublishedAt", o."RoutingKey", o."Subject", o."Type"
      FROM cadastro.outbox_events AS o
      WHERE o."PublishedAt" IS NULL AND o."Attempts" < 10
      ORDER BY o."CreatedAt"
      LIMIT @__p_0
info: Microsoft.EntityFrameworkCore.Database.Command[20101]
      Executed DbCommand (169ms) [Parameters=[@__p_0='?' (DbType = Int32)], CommandType='Text', CommandTimeout='30']
      SELECT o."Id", o."Attempts", o."CreatedAt", o."Payload", o."PublishedAt", o."RoutingKey", o."Subject", o."Type"
      FROM cadastro.outbox_events AS o
      WHERE o."PublishedAt" IS NULL AND o."Attempts" < 10
      ORDER BY o."CreatedAt"
      LIMIT @__p_0
info: Microsoft.EntityFrameworkCore.Database.Command[20101]
      Executed DbCommand (166ms) [Parameters=[@__p_0='?' (DbType = Int32)], CommandType='Text', CommandTimeout='30']
      SELECT o."Id", o."Attempts", o."CreatedAt", o."Payload", o."PublishedAt", o."RoutingKey", o."Subject", o."Type"
      FROM cadastro.outbox_events AS o
      WHERE o."PublishedAt" IS NULL AND o."Attempts" < 10
      ORDER BY o."CreatedAt"
      LIMIT @__p_0
info: Microsoft.EntityFrameworkCore.Database.Command[20101]
      Executed DbCommand (167ms) [Parameters=[@__p_0='?' (DbType = Int32)], CommandType='Text', CommandTimeout='30']
      SELECT o."Id", o."Attempts", o."CreatedAt", o."Payload", o."PublishedAt", o."RoutingKey", o."Subject", o."Type"
      FROM cadastro.outbox_events AS o
      WHERE o."PublishedAt" IS NULL AND o."Attempts" < 10
      ORDER BY o."CreatedAt"
      LIMIT @__p_0
info: Microsoft.EntityFrameworkCore.Database.Command[20101]
      Executed DbCommand (170ms) [Parameters=[@__p_0='?' (DbType = Int32)], CommandType='Text', CommandTimeout='30']
      SELECT o."Id", o."Attempts", o."CreatedAt", o."Payload", o."PublishedAt", o."RoutingKey", o."Subject", o."Type"
      FROM cadastro.outbox_events AS o
      WHERE o."PublishedAt" IS NULL AND o."Attempts" < 10
      ORDER BY o."CreatedAt"
      LIMIT @__p_0
info: Microsoft.EntityFrameworkCore.Database.Command[20101]
      Executed DbCommand (168ms) [Parameters=[@__p_0='?' (DbType = Int32)], CommandType='Text', CommandTimeout='30']
      SELECT o."Id", o."Attempts", o."CreatedAt", o."Payload", o."PublishedAt", o."RoutingKey", o."Subject", o."Type"
      FROM cadastro.outbox_events AS o
      WHERE o."PublishedAt" IS NULL AND o."Attempts" < 10
      ORDER BY o."CreatedAt"
      LIMIT @__p_0
info: Microsoft.EntityFrameworkCore.Database.Command[20101]
      Executed DbCommand (167ms) [Parameters=[@__p_0='?' (DbType = Int32)], CommandType='Text', CommandTimeout='30']
      SELECT o."Id", o."Attempts", o."CreatedAt", o."Payload", o."PublishedAt", o."RoutingKey", o."Subject", o."Type"
      FROM cadastro.outbox_events AS o
      WHERE o."PublishedAt" IS NULL AND o."Attempts" < 10
      ORDER BY o."CreatedAt"
      LIMIT @__p_0
info: Microsoft.EntityFrameworkCore.Database.Command[20101]
      Executed DbCommand (169ms) [Parameters=[@__p_0='?' (DbType = Int32)], CommandType='Text', CommandTimeout='30']
      SELECT o."Id", o."Attempts", o."CreatedAt", o."Payload", o."PublishedAt", o."RoutingKey", o."Subject", o."Type"
      FROM cadastro.outbox_events AS o
      WHERE o."PublishedAt" IS NULL AND o."Attempts" < 10
      ORDER BY o."CreatedAt"
      LIMIT @__p_0
info: Microsoft.EntityFrameworkCore.Database.Command[20101]
      Executed DbCommand (168ms) [Parameters=[@__p_0='?' (DbType = Int32)], CommandType='Text', CommandTimeout='30']
      SELECT o."Id", o."Attempts", o."CreatedAt", o."Payload", o."PublishedAt", o."RoutingKey", o."Subject", o."Type"
      FROM cadastro.outbox_events AS o
      WHERE o."PublishedAt" IS NULL AND o."Attempts" < 10
      ORDER BY o."CreatedAt"
      LIMIT @__p_0
info: Microsoft.EntityFrameworkCore.Database.Command[20101]
      Executed DbCommand (168ms) [Parameters=[@__p_0='?' (DbType = Int32)], CommandType='Text', CommandTimeout='30']
      SELECT o."Id", o."Attempts", o."CreatedAt", o."Payload", o."PublishedAt", o."RoutingKey", o."Subject", o."Type"
      FROM cadastro.outbox_events AS o
      WHERE o."PublishedAt" IS NULL AND o."Attempts" < 10
      ORDER BY o."CreatedAt"
      LIMIT @__p_0
info: Microsoft.EntityFrameworkCore.Database.Command[20101]
      Executed DbCommand (170ms) [Parameters=[@__p_0='?' (DbType = Int32)], CommandType='Text', CommandTimeout='30']
      SELECT o."Id", o."Attempts", o."CreatedAt", o."Payload", o."PublishedAt", o."RoutingKey", o."Subject", o."Type"
      FROM cadastro.outbox_events AS o
      WHERE o."PublishedAt" IS NULL AND o."Attempts" < 10
      ORDER BY o."CreatedAt"
      LIMIT @__p_0
info: Microsoft.EntityFrameworkCore.Database.Command[20101]
      Executed DbCommand (170ms) [Parameters=[@__p_0='?' (DbType = Int32)], CommandType='Text', CommandTimeout='30']
      SELECT o."Id", o."Attempts", o."CreatedAt", o."Payload", o."PublishedAt", o."RoutingKey", o."Subject", o."Type"
      FROM cadastro.outbox_events AS o
      WHERE o."PublishedAt" IS NULL AND o."Attempts" < 10
      ORDER BY o."CreatedAt"
      LIMIT @__p_0
info: Microsoft.EntityFrameworkCore.Database.Command[20101]
      Executed DbCommand (168ms) [Parameters=[@__p_0='?' (DbType = Int32)], CommandType='Text', CommandTimeout='30']
      SELECT o."Id", o."Attempts", o."CreatedAt", o."Payload", o."PublishedAt", o."RoutingKey", o."Subject", o."Type"
      FROM cadastro.outbox_events AS o
      WHERE o."PublishedAt" IS NULL AND o."Attempts" < 10
      ORDER BY o."CreatedAt"
      LIMIT @__p_0
info: Microsoft.EntityFrameworkCore.Database.Command[20101]
      Executed DbCommand (167ms) [Parameters=[@__p_0='?' (DbType = Int32)], CommandType='Text', CommandTimeout='30']
      SELECT o."Id", o."Attempts", o."CreatedAt", o."Payload", o."PublishedAt", o."RoutingKey", o."Subject", o."Type"
      FROM cadastro.outbox_events AS o
      WHERE o."PublishedAt" IS NULL AND o."Attempts" < 10
      ORDER BY o."CreatedAt"
      LIMIT @__p_0
info: Microsoft.EntityFrameworkCore.Database.Command[20101]
      Executed DbCommand (169ms) [Parameters=[@__p_0='?' (DbType = Int32)], CommandType='Text', CommandTimeout='30']
      SELECT o."Id", o."Attempts", o."CreatedAt", o."Payload", o."PublishedAt", o."RoutingKey", o."Subject", o."Type"
      FROM cadastro.outbox_events AS o
      WHERE o."PublishedAt" IS NULL AND o."Attempts" < 10
      ORDER BY o."CreatedAt"
      LIMIT @__p_0
info: Microsoft.EntityFrameworkCore.Database.Command[20101]
      Executed DbCommand (170ms) [Parameters=[@__p_0='?' (DbType = Int32)], CommandType='Text', CommandTimeout='30']
      SELECT o."Id", o."Attempts", o."CreatedAt", o."Payload", o."PublishedAt", o."RoutingKey", o."Subject", o."Type"
      FROM cadastro.outbox_events AS o
      WHERE o."PublishedAt" IS NULL AND o."Attempts" < 10
      ORDER BY o."CreatedAt"
      LIMIT @__p_0
info: Microsoft.EntityFrameworkCore.Database.Command[20101]
      Executed DbCommand (170ms) [Parameters=[@__p_0='?' (DbType = Int32)], CommandType='Text', CommandTimeout='30']
      SELECT o."Id", o."Attempts", o."CreatedAt", o."Payload", o."PublishedAt", o."RoutingKey", o."Subject", o."Type"
      FROM cadastro.outbox_events AS o
      WHERE o."PublishedAt" IS NULL AND o."Attempts" < 10
      ORDER BY o."CreatedAt"
      LIMIT @__p_0
info: Microsoft.EntityFrameworkCore.Database.Command[20101]
      Executed DbCommand (170ms) [Parameters=[@__p_0='?' (DbType = Int32)], CommandType='Text', CommandTimeout='30']
      SELECT o."Id", o."Attempts", o."CreatedAt", o."Payload", o."PublishedAt", o."RoutingKey", o."Subject", o."Type"
      FROM cadastro.outbox_events AS o
      WHERE o."PublishedAt" IS NULL AND o."Attempts" < 10
      ORDER BY o."CreatedAt"
      LIMIT @__p_0
info: Microsoft.EntityFrameworkCore.Database.Command[20101]
      Executed DbCommand (168ms) [Parameters=[@__p_0='?' (DbType = Int32)], CommandType='Text', CommandTimeout='30']
      SELECT o."Id", o."Attempts", o."CreatedAt", o."Payload", o."PublishedAt", o."RoutingKey", o."Subject", o."Type"
      FROM cadastro.outbox_events AS o
      WHERE o."PublishedAt" IS NULL AND o."Attempts" < 10
      ORDER BY o."CreatedAt"
      LIMIT @__p_0
info: Microsoft.EntityFrameworkCore.Database.Command[20101]
      Executed DbCommand (169ms) [Parameters=[@__p_0='?' (DbType = Int32)], CommandType='Text', CommandTimeout='30']
      SELECT o."Id", o."Attempts", o."CreatedAt", o."Payload", o."PublishedAt", o."RoutingKey", o."Subject", o."Type"
      FROM cadastro.outbox_events AS o
      WHERE o."PublishedAt" IS NULL AND o."Attempts" < 10
      ORDER BY o."CreatedAt"
      LIMIT @__p_0
info: Microsoft.EntityFrameworkCore.Database.Command[20101]
      Executed DbCommand (169ms) [Parameters=[@__p_0='?' (DbType = Int32)], CommandType='Text', CommandTimeout='30']
      SELECT o."Id", o."Attempts", o."CreatedAt", o."Payload", o."PublishedAt", o."RoutingKey", o."Subject", o."Type"
      FROM cadastro.outbox_events AS o
      WHERE o."PublishedAt" IS NULL AND o."Attempts" < 10
      ORDER BY o."CreatedAt"
      LIMIT @__p_0
info: Microsoft.EntityFrameworkCore.Database.Command[20101]
      Executed DbCommand (169ms) [Parameters=[@__p_0='?' (DbType = Int32)], CommandType='Text', CommandTimeout='30']
      SELECT o."Id", o."Attempts", o."CreatedAt", o."Payload", o."PublishedAt", o."RoutingKey", o."Subject", o."Type"
      FROM cadastro.outbox_events AS o
      WHERE o."PublishedAt" IS NULL AND o."Attempts" < 10
      ORDER BY o."CreatedAt"
      LIMIT @__p_0
info: Microsoft.EntityFrameworkCore.Database.Command[20101]
      Executed DbCommand (168ms) [Parameters=[@__p_0='?' (DbType = Int32)], CommandType='Text', CommandTimeout='30']
      SELECT o."Id", o."Attempts", o."CreatedAt", o."Payload", o."PublishedAt", o."RoutingKey", o."Subject", o."Type"
      FROM cadastro.outbox_events AS o
      WHERE o."PublishedAt" IS NULL AND o."Attempts" < 10
      ORDER BY o."CreatedAt"
      LIMIT @__p_0
info: Microsoft.EntityFrameworkCore.Database.Command[20101]
      Executed DbCommand (169ms) [Parameters=[@__p_0='?' (DbType = Int32)], CommandType='Text', CommandTimeout='30']
      SELECT o."Id", o."Attempts", o."CreatedAt", o."Payload", o."PublishedAt", o."RoutingKey", o."Subject", o."Type"
      FROM cadastro.outbox_events AS o
      WHERE o."PublishedAt" IS NULL AND o."Attempts" < 10
      ORDER BY o."CreatedAt"
      LIMIT @__p_0
info: Microsoft.EntityFrameworkCore.Database.Command[20101]
      Executed DbCommand (170ms) [Parameters=[@__p_0='?' (DbType = Int32)], CommandType='Text', CommandTimeout='30']
      SELECT o."Id", o."Attempts", o."CreatedAt", o."Payload", o."PublishedAt", o."RoutingKey", o."Subject", o."Type"
      FROM cadastro.outbox_events AS o
      WHERE o."PublishedAt" IS NULL AND o."Attempts" < 10
      ORDER BY o."CreatedAt"
      LIMIT @__p_0
info: Microsoft.EntityFrameworkCore.Database.Command[20101]
      Executed DbCommand (169ms) [Parameters=[@__p_0='?' (DbType = Int32)], CommandType='Text', CommandTimeout='30']
      SELECT o."Id", o."Attempts", o."CreatedAt", o."Payload", o."PublishedAt", o."RoutingKey", o."Subject", o."Type"
      FROM cadastro.outbox_events AS o
      WHERE o."PublishedAt" IS NULL AND o."Attempts" < 10
      ORDER BY o."CreatedAt"
      LIMIT @__p_0
info: Microsoft.EntityFrameworkCore.Database.Command[20101]
      Executed DbCommand (169ms) [Parameters=[@__p_0='?' (DbType = Int32)], CommandType='Text', CommandTimeout='30']
      SELECT o."Id", o."Attempts", o."CreatedAt", o."Payload", o."PublishedAt", o."RoutingKey", o."Subject", o."Type"
      FROM cadastro.outbox_events AS o
      WHERE o."PublishedAt" IS NULL AND o."Attempts" < 10
      ORDER BY o."CreatedAt"
      LIMIT @__p_0
info: Microsoft.EntityFrameworkCore.Database.Command[20101]
      Executed DbCommand (169ms) [Parameters=[@__p_0='?' (DbType = Int32)], CommandType='Text', CommandTimeout='30']
      SELECT o."Id", o."Attempts", o."CreatedAt", o."Payload", o."PublishedAt", o."RoutingKey", o."Subject", o."Type"
      FROM cadastro.outbox_events AS o
      WHERE o."PublishedAt" IS NULL AND o."Attempts" < 10
      ORDER BY o."CreatedAt"
      LIMIT @__p_0
info: Microsoft.EntityFrameworkCore.Database.Command[20101]
      Executed DbCommand (170ms) [Parameters=[@__p_0='?' (DbType = Int32)], CommandType='Text', CommandTimeout='30']
      SELECT o."Id", o."Attempts", o."CreatedAt", o."Payload", o."PublishedAt", o."RoutingKey", o."Subject", o."Type"
      FROM cadastro.outbox_events AS o
      WHERE o."PublishedAt" IS NULL AND o."Attempts" < 10
      ORDER BY o."CreatedAt"
      LIMIT @__p_0
info: Microsoft.EntityFrameworkCore.Database.Command[20101]
      Executed DbCommand (170ms) [Parameters=[@__p_0='?' (DbType = Int32)], CommandType='Text', CommandTimeout='30']
      SELECT o."Id", o."Attempts", o."CreatedAt", o."Payload", o."PublishedAt", o."RoutingKey", o."Subject", o."Type"
      FROM cadastro.outbox_events AS o
      WHERE o."PublishedAt" IS NULL AND o."Attempts" < 10
      ORDER BY o."CreatedAt"
      LIMIT @__p_0
info: Microsoft.EntityFrameworkCore.Database.Command[20101]
      Executed DbCommand (172ms) [Parameters=[@__p_0='?' (DbType = Int32)], CommandType='Text', CommandTimeout='30']
      SELECT o."Id", o."Attempts", o."CreatedAt", o."Payload", o."PublishedAt", o."RoutingKey", o."Subject", o."Type"
      FROM cadastro.outbox_events AS o
      WHERE o."PublishedAt" IS NULL AND o."Attempts" < 10
      ORDER BY o."CreatedAt"
      LIMIT @__p_0
info: Microsoft.EntityFrameworkCore.Database.Command[20101]
      Executed DbCommand (167ms) [Parameters=[@__p_0='?' (DbType = Int32)], CommandType='Text', CommandTimeout='30']
      SELECT o."Id", o."Attempts", o."CreatedAt", o."Payload", o."PublishedAt", o."RoutingKey", o."Subject", o."Type"
      FROM cadastro.outbox_events AS o
      WHERE o."PublishedAt" IS NULL AND o."Attempts" < 10
      ORDER BY o."CreatedAt"
      LIMIT @__p_0
info: Microsoft.EntityFrameworkCore.Database.Command[20101]
      Executed DbCommand (169ms) [Parameters=[@__p_0='?' (DbType = Int32)], CommandType='Text', CommandTimeout='30']
      SELECT o."Id", o."Attempts", o."CreatedAt", o."Payload", o."PublishedAt", o."RoutingKey", o."Subject", o."Type"
      FROM cadastro.outbox_events AS o
      WHERE o."PublishedAt" IS NULL AND o."Attempts" < 10
      ORDER BY o."CreatedAt"
      LIMIT @__p_0
info: Microsoft.EntityFrameworkCore.Database.Command[20101]
      Executed DbCommand (174ms) [Parameters=[@__p_0='?' (DbType = Int32)], CommandType='Text', CommandTimeout='30']
      SELECT o."Id", o."Attempts", o."CreatedAt", o."Payload", o."PublishedAt", o."RoutingKey", o."Subject", o."Type"
      FROM cadastro.outbox_events AS o
      WHERE o."PublishedAt" IS NULL AND o."Attempts" < 10
      ORDER BY o."CreatedAt"
      LIMIT @__p_0
info: Microsoft.EntityFrameworkCore.Database.Command[20101]
      Executed DbCommand (171ms) [Parameters=[@__p_0='?' (DbType = Int32)], CommandType='Text', CommandTimeout='30']
      SELECT o."Id", o."Attempts", o."CreatedAt", o."Payload", o."PublishedAt", o."RoutingKey", o."Subject", o."Type"
      FROM cadastro.outbox_events AS o
      WHERE o."PublishedAt" IS NULL AND o."Attempts" < 10
      ORDER BY o."CreatedAt"
      LIMIT @__p_0
info: Microsoft.EntityFrameworkCore.Database.Command[20101]
      Executed DbCommand (169ms) [Parameters=[@__p_0='?' (DbType = Int32)], CommandType='Text', CommandTimeout='30']
      SELECT o."Id", o."Attempts", o."CreatedAt", o."Payload", o."PublishedAt", o."RoutingKey", o."Subject", o."Type"
      FROM cadastro.outbox_events AS o
      WHERE o."PublishedAt" IS NULL AND o."Attempts" < 10
      ORDER BY o."CreatedAt"
      LIMIT @__p_0
info: Microsoft.EntityFrameworkCore.Database.Command[20101]
      Executed DbCommand (169ms) [Parameters=[@__p_0='?' (DbType = Int32)], CommandType='Text', CommandTimeout='30']
      SELECT o."Id", o."Attempts", o."CreatedAt", o."Payload", o."PublishedAt", o."RoutingKey", o."Subject", o."Type"
      FROM cadastro.outbox_events AS o
      WHERE o."PublishedAt" IS NULL AND o."Attempts" < 10
      ORDER BY o."CreatedAt"
      LIMIT @__p_0
info: Microsoft.EntityFrameworkCore.Database.Command[20101]
      Executed DbCommand (169ms) [Parameters=[@__p_0='?' (DbType = Int32)], CommandType='Text', CommandTimeout='30']
      SELECT o."Id", o."Attempts", o."CreatedAt", o."Payload", o."PublishedAt", o."RoutingKey", o."Subject", o."Type"
      FROM cadastro.outbox_events AS o
      WHERE o."PublishedAt" IS NULL AND o."Attempts" < 10
      ORDER BY o."CreatedAt"
      LIMIT @__p_0
info: Microsoft.EntityFrameworkCore.Database.Command[20101]
      Executed DbCommand (169ms) [Parameters=[@__p_0='?' (DbType = Int32)], CommandType='Text', CommandTimeout='30']
      SELECT o."Id", o."Attempts", o."CreatedAt", o."Payload", o."PublishedAt", o."RoutingKey", o."Subject", o."Type"
      FROM cadastro.outbox_events AS o
      WHERE o."PublishedAt" IS NULL AND o."Attempts" < 10
      ORDER BY o."CreatedAt"
      LIMIT @__p_0
info: Microsoft.EntityFrameworkCore.Database.Command[20101]
      Executed DbCommand (167ms) [Parameters=[@__p_0='?' (DbType = Int32)], CommandType='Text', CommandTimeout='30']
      SELECT o."Id", o."Attempts", o."CreatedAt", o."Payload", o."PublishedAt", o."RoutingKey", o."Subject", o."Type"
      FROM cadastro.outbox_events AS o
      WHERE o."PublishedAt" IS NULL AND o."Attempts" < 10
      ORDER BY o."CreatedAt"
      LIMIT @__p_0
info: Microsoft.EntityFrameworkCore.Database.Command[20101]
      Executed DbCommand (170ms) [Parameters=[@__p_0='?' (DbType = Int32)], CommandType='Text', CommandTimeout='30']
      SELECT o."Id", o."Attempts", o."CreatedAt", o."Payload", o."PublishedAt", o."RoutingKey", o."Subject", o."Type"
      FROM cadastro.outbox_events AS o
      WHERE o."PublishedAt" IS NULL AND o."Attempts" < 10
      ORDER BY o."CreatedAt"
      LIMIT @__p_0
info: Microsoft.EntityFrameworkCore.Database.Command[20101]
      Executed DbCommand (170ms) [Parameters=[@__p_0='?' (DbType = Int32)], CommandType='Text', CommandTimeout='30']
      SELECT o."Id", o."Attempts", o."CreatedAt", o."Payload", o."PublishedAt", o."RoutingKey", o."Subject", o."Type"
      FROM cadastro.outbox_events AS o
      WHERE o."PublishedAt" IS NULL AND o."Attempts" < 10
      ORDER BY o."CreatedAt"
      LIMIT @__p_0
info: Microsoft.EntityFrameworkCore.Database.Command[20101]
      Executed DbCommand (168ms) [Parameters=[@__p_0='?' (DbType = Int32)], CommandType='Text', CommandTimeout='30']
      SELECT o."Id", o."Attempts", o."CreatedAt", o."Payload", o."PublishedAt", o."RoutingKey", o."Subject", o."Type"
      FROM cadastro.outbox_events AS o
      WHERE o."PublishedAt" IS NULL AND o."Attempts" < 10
      ORDER BY o."CreatedAt"
      LIMIT @__p_0
info: Microsoft.EntityFrameworkCore.Database.Command[20101]
      Executed DbCommand (167ms) [Parameters=[@__p_0='?' (DbType = Int32)], CommandType='Text', CommandTimeout='30']
      SELECT o."Id", o."Attempts", o."CreatedAt", o."Payload", o."PublishedAt", o."RoutingKey", o."Subject", o."Type"
      FROM cadastro.outbox_events AS o
      WHERE o."PublishedAt" IS NULL AND o."Attempts" < 10
      ORDER BY o."CreatedAt"
      LIMIT @__p_0
info: Microsoft.EntityFrameworkCore.Database.Command[20101]
      Executed DbCommand (169ms) [Parameters=[@__p_0='?' (DbType = Int32)], CommandType='Text', CommandTimeout='30']
      SELECT o."Id", o."Attempts", o."CreatedAt", o."Payload", o."PublishedAt", o."RoutingKey", o."Subject", o."Type"
      FROM cadastro.outbox_events AS o
      WHERE o."PublishedAt" IS NULL AND o."Attempts" < 10
      ORDER BY o."CreatedAt"
      LIMIT @__p_0
info: Microsoft.EntityFrameworkCore.Database.Command[20101]
      Executed DbCommand (169ms) [Parameters=[@__p_0='?' (DbType = Int32)], CommandType='Text', CommandTimeout='30']
      SELECT o."Id", o."Attempts", o."CreatedAt", o."Payload", o."PublishedAt", o."RoutingKey", o."Subject", o."Type"
      FROM cadastro.outbox_events AS o
      WHERE o."PublishedAt" IS NULL AND o."Attempts" < 10
      ORDER BY o."CreatedAt"
      LIMIT @__p_0
info: Microsoft.EntityFrameworkCore.Database.Command[20101]
      Executed DbCommand (169ms) [Parameters=[@__p_0='?' (DbType = Int32)], CommandType='Text', CommandTimeout='30']
      SELECT o."Id", o."Attempts", o."CreatedAt", o."Payload", o."PublishedAt", o."RoutingKey", o."Subject", o."Type"
      FROM cadastro.outbox_events AS o
      WHERE o."PublishedAt" IS NULL AND o."Attempts" < 10
      ORDER BY o."CreatedAt"
      LIMIT @__p_0
info: Microsoft.EntityFrameworkCore.Database.Command[20101]
      Executed DbCommand (168ms) [Parameters=[@__p_0='?' (DbType = Int32)], CommandType='Text', CommandTimeout='30']
      SELECT o."Id", o."Attempts", o."CreatedAt", o."Payload", o."PublishedAt", o."RoutingKey", o."Subject", o."Type"
      FROM cadastro.outbox_events AS o
      WHERE o."PublishedAt" IS NULL AND o."Attempts" < 10
      ORDER BY o."CreatedAt"
      LIMIT @__p_0
info: Microsoft.EntityFrameworkCore.Database.Command[20101]
      Executed DbCommand (170ms) [Parameters=[@__p_0='?' (DbType = Int32)], CommandType='Text', CommandTimeout='30']
      SELECT o."Id", o."Attempts", o."CreatedAt", o."Payload", o."PublishedAt", o."RoutingKey", o."Subject", o."Type"
      FROM cadastro.outbox_events AS o
      WHERE o."PublishedAt" IS NULL AND o."Attempts" < 10
      ORDER BY o."CreatedAt"
      LIMIT @__p_0
info: Microsoft.EntityFrameworkCore.Database.Command[20101]
      Executed DbCommand (168ms) [Parameters=[@__p_0='?' (DbType = Int32)], CommandType='Text', CommandTimeout='30']
      SELECT o."Id", o."Attempts", o."CreatedAt", o."Payload", o."PublishedAt", o."RoutingKey", o."Subject", o."Type"
      FROM cadastro.outbox_events AS o
      WHERE o."PublishedAt" IS NULL AND o."Attempts" < 10
      ORDER BY o."CreatedAt"
      LIMIT @__p_0
info: Microsoft.EntityFrameworkCore.Database.Command[20101]
      Executed DbCommand (572ms) [Parameters=[@__p_0='?' (DbType = Int32)], CommandType='Text', CommandTimeout='30']
      SELECT o."Id", o."Attempts", o."CreatedAt", o."Payload", o."PublishedAt", o."RoutingKey", o."Subject", o."Type"
      FROM cadastro.outbox_events AS o
      WHERE o."PublishedAt" IS NULL AND o."Attempts" < 10
      ORDER BY o."CreatedAt"
      LIMIT @__p_0
info: Microsoft.EntityFrameworkCore.Database.Command[20101]
      Executed DbCommand (168ms) [Parameters=[@__p_0='?' (DbType = Int32)], CommandType='Text', CommandTimeout='30']
      SELECT o."Id", o."Attempts", o."CreatedAt", o."Payload", o."PublishedAt", o."RoutingKey", o."Subject", o."Type"
      FROM cadastro.outbox_events AS o
      WHERE o."PublishedAt" IS NULL AND o."Attempts" < 10
      ORDER BY o."CreatedAt"
      LIMIT @__p_0
info: Microsoft.EntityFrameworkCore.Database.Command[20101]
      Executed DbCommand (169ms) [Parameters=[@__p_0='?' (DbType = Int32)], CommandType='Text', CommandTimeout='30']
      SELECT o."Id", o."Attempts", o."CreatedAt", o."Payload", o."PublishedAt", o."RoutingKey", o."Subject", o."Type"
      FROM cadastro.outbox_events AS o
      WHERE o."PublishedAt" IS NULL AND o."Attempts" < 10
      ORDER BY o."CreatedAt"
      LIMIT @__p_0
info: Microsoft.EntityFrameworkCore.Database.Command[20101]
      Executed DbCommand (167ms) [Parameters=[@__p_0='?' (DbType = Int32)], CommandType='Text', CommandTimeout='30']
      SELECT o."Id", o."Attempts", o."CreatedAt", o."Payload", o."PublishedAt", o."RoutingKey", o."Subject", o."Type"
      FROM cadastro.outbox_events AS o
      WHERE o."PublishedAt" IS NULL AND o."Attempts" < 10
      ORDER BY o."CreatedAt"
      LIMIT @__p_0
info: Microsoft.EntityFrameworkCore.Database.Command[20101]
      Executed DbCommand (165ms) [Parameters=[@__p_0='?' (DbType = Int32)], CommandType='Text', CommandTimeout='30']
      SELECT o."Id", o."Attempts", o."CreatedAt", o."Payload", o."PublishedAt", o."RoutingKey", o."Subject", o."Type"
      FROM cadastro.outbox_events AS o
      WHERE o."PublishedAt" IS NULL AND o."Attempts" < 10
      ORDER BY o."CreatedAt"
      LIMIT @__p_0
info: Microsoft.EntityFrameworkCore.Database.Command[20101]
      Executed DbCommand (168ms) [Parameters=[@__p_0='?' (DbType = Int32)], CommandType='Text', CommandTimeout='30']
      SELECT o."Id", o."Attempts", o."CreatedAt", o."Payload", o."PublishedAt", o."RoutingKey", o."Subject", o."Type"
      FROM cadastro.outbox_events AS o
      WHERE o."PublishedAt" IS NULL AND o."Attempts" < 10
      ORDER BY o."CreatedAt"
      LIMIT @__p_0
info: Microsoft.EntityFrameworkCore.Database.Command[20101]
      Executed DbCommand (169ms) [Parameters=[@__p_0='?' (DbType = Int32)], CommandType='Text', CommandTimeout='30']
      SELECT o."Id", o."Attempts", o."CreatedAt", o."Payload", o."PublishedAt", o."RoutingKey", o."Subject", o."Type"
      FROM cadastro.outbox_events AS o
      WHERE o."PublishedAt" IS NULL AND o."Attempts" < 10
      ORDER BY o."CreatedAt"
      LIMIT @__p_0
info: Microsoft.EntityFrameworkCore.Database.Command[20101]
      Executed DbCommand (169ms) [Parameters=[@__p_0='?' (DbType = Int32)], CommandType='Text', CommandTimeout='30']
      SELECT o."Id", o."Attempts", o."CreatedAt", o."Payload", o."PublishedAt", o."RoutingKey", o."Subject", o."Type"
      FROM cadastro.outbox_events AS o
      WHERE o."PublishedAt" IS NULL AND o."Attempts" < 10
      ORDER BY o."CreatedAt"
      LIMIT @__p_0
info: Microsoft.EntityFrameworkCore.Database.Command[20101]
      Executed DbCommand (168ms) [Parameters=[@__p_0='?' (DbType = Int32)], CommandType='Text', CommandTimeout='30']
      SELECT o."Id", o."Attempts", o."CreatedAt", o."Payload", o."PublishedAt", o."RoutingKey", o."Subject", o."Type"
      FROM cadastro.outbox_events AS o
      WHERE o."PublishedAt" IS NULL AND o."Attempts" < 10
      ORDER BY o."CreatedAt"
      LIMIT @__p_0
info: Microsoft.EntityFrameworkCore.Database.Command[20101]
      Executed DbCommand (169ms) [Parameters=[@__p_0='?' (DbType = Int32)], CommandType='Text', CommandTimeout='30']
      SELECT o."Id", o."Attempts", o."CreatedAt", o."Payload", o."PublishedAt", o."RoutingKey", o."Subject", o."Type"
      FROM cadastro.outbox_events AS o
      WHERE o."PublishedAt" IS NULL AND o."Attempts" < 10
      ORDER BY o."CreatedAt"
      LIMIT @__p_0
info: Microsoft.EntityFrameworkCore.Database.Command[20101]
      Executed DbCommand (169ms) [Parameters=[@__p_0='?' (DbType = Int32)], CommandType='Text', CommandTimeout='30']
      SELECT o."Id", o."Attempts", o."CreatedAt", o."Payload", o."PublishedAt", o."RoutingKey", o."Subject", o."Type"
      FROM cadastro.outbox_events AS o
      WHERE o."PublishedAt" IS NULL AND o."Attempts" < 10
      ORDER BY o."CreatedAt"
      LIMIT @__p_0
info: Microsoft.EntityFrameworkCore.Database.Command[20101]
      Executed DbCommand (168ms) [Parameters=[@__p_0='?' (DbType = Int32)], CommandType='Text', CommandTimeout='30']
      SELECT o."Id", o."Attempts", o."CreatedAt", o."Payload", o."PublishedAt", o."RoutingKey", o."Subject", o."Type"
      FROM cadastro.outbox_events AS o
      WHERE o."PublishedAt" IS NULL AND o."Attempts" < 10
      ORDER BY o."CreatedAt"
      LIMIT @__p_0
info: Microsoft.EntityFrameworkCore.Database.Command[20101]
      Executed DbCommand (169ms) [Parameters=[@__p_0='?' (DbType = Int32)], CommandType='Text', CommandTimeout='30']
      SELECT o."Id", o."Attempts", o."CreatedAt", o."Payload", o."PublishedAt", o."RoutingKey", o."Subject", o."Type"
      FROM cadastro.outbox_events AS o
      WHERE o."PublishedAt" IS NULL AND o."Attempts" < 10
      ORDER BY o."CreatedAt"
      LIMIT @__p_0
info: Microsoft.EntityFrameworkCore.Database.Command[20101]
      Executed DbCommand (169ms) [Parameters=[@__p_0='?' (DbType = Int32)], CommandType='Text', CommandTimeout='30']
      SELECT o."Id", o."Attempts", o."CreatedAt", o."Payload", o."PublishedAt", o."RoutingKey", o."Subject", o."Type"
      FROM cadastro.outbox_events AS o
      WHERE o."PublishedAt" IS NULL AND o."Attempts" < 10
      ORDER BY o."CreatedAt"
      LIMIT @__p_0
info: Microsoft.EntityFrameworkCore.Database.Command[20101]
      Executed DbCommand (169ms) [Parameters=[@__p_0='?' (DbType = Int32)], CommandType='Text', CommandTimeout='30']
      SELECT o."Id", o."Attempts", o."CreatedAt", o."Payload", o."PublishedAt", o."RoutingKey", o."Subject", o."Type"
      FROM cadastro.outbox_events AS o
      WHERE o."PublishedAt" IS NULL AND o."Attempts" < 10
      ORDER BY o."CreatedAt"
      LIMIT @__p_0
info: Microsoft.EntityFrameworkCore.Database.Command[20101]
      Executed DbCommand (168ms) [Parameters=[@__p_0='?' (DbType = Int32)], CommandType='Text', CommandTimeout='30']
      SELECT o."Id", o."Attempts", o."CreatedAt", o."Payload", o."PublishedAt", o."RoutingKey", o."Subject", o."Type"
      FROM cadastro.outbox_events AS o
      WHERE o."PublishedAt" IS NULL AND o."Attempts" < 10
      ORDER BY o."CreatedAt"
      LIMIT @__p_0
info: Microsoft.EntityFrameworkCore.Database.Command[20101]
      Executed DbCommand (169ms) [Parameters=[@__p_0='?' (DbType = Int32)], CommandType='Text', CommandTimeout='30']
      SELECT o."Id", o."Attempts", o."CreatedAt", o."Payload", o."PublishedAt", o."RoutingKey", o."Subject", o."Type"
      FROM cadastro.outbox_events AS o
      WHERE o."PublishedAt" IS NULL AND o."Attempts" < 10
      ORDER BY o."CreatedAt"
      LIMIT @__p_0
info: Microsoft.EntityFrameworkCore.Database.Command[20101]
      Executed DbCommand (168ms) [Parameters=[@__p_0='?' (DbType = Int32)], CommandType='Text', CommandTimeout='30']
      SELECT o."Id", o."Attempts", o."CreatedAt", o."Payload", o."PublishedAt", o."RoutingKey", o."Subject", o."Type"
      FROM cadastro.outbox_events AS o
      WHERE o."PublishedAt" IS NULL AND o."Attempts" < 10
      ORDER BY o."CreatedAt"
      LIMIT @__p_0
info: Microsoft.EntityFrameworkCore.Database.Command[20101]
      Executed DbCommand (170ms) [Parameters=[@__p_0='?' (DbType = Int32)], CommandType='Text', CommandTimeout='30']
      SELECT o."Id", o."Attempts", o."CreatedAt", o."Payload", o."PublishedAt", o."RoutingKey", o."Subject", o."Type"
      FROM cadastro.outbox_events AS o
      WHERE o."PublishedAt" IS NULL AND o."Attempts" < 10
      ORDER BY o."CreatedAt"
      LIMIT @__p_0
info: Microsoft.EntityFrameworkCore.Database.Command[20101]
      Executed DbCommand (169ms) [Parameters=[@__p_0='?' (DbType = Int32)], CommandType='Text', CommandTimeout='30']
      SELECT o."Id", o."Attempts", o."CreatedAt", o."Payload", o."PublishedAt", o."RoutingKey", o."Subject", o."Type"
      FROM cadastro.outbox_events AS o
      WHERE o."PublishedAt" IS NULL AND o."Attempts" < 10
      ORDER BY o."CreatedAt"
      LIMIT @__p_0
info: Microsoft.EntityFrameworkCore.Database.Command[20101]
      Executed DbCommand (173ms) [Parameters=[@__p_0='?' (DbType = Int32)], CommandType='Text', CommandTimeout='30']
      SELECT o."Id", o."Attempts", o."CreatedAt", o."Payload", o."PublishedAt", o."RoutingKey", o."Subject", o."Type"
      FROM cadastro.outbox_events AS o
      WHERE o."PublishedAt" IS NULL AND o."Attempts" < 10
      ORDER BY o."CreatedAt"
      LIMIT @__p_0
info: Microsoft.EntityFrameworkCore.Database.Command[20101]
      Executed DbCommand (170ms) [Parameters=[@__p_0='?' (DbType = Int32)], CommandType='Text', CommandTimeout='30']
      SELECT o."Id", o."Attempts", o."CreatedAt", o."Payload", o."PublishedAt", o."RoutingKey", o."Subject", o."Type"
      FROM cadastro.outbox_events AS o
      WHERE o."PublishedAt" IS NULL AND o."Attempts" < 10
      ORDER BY o."CreatedAt"
      LIMIT @__p_0
info: Microsoft.EntityFrameworkCore.Database.Command[20101]
      Executed DbCommand (172ms) [Parameters=[@__p_0='?' (DbType = Int32)], CommandType='Text', CommandTimeout='30']
      SELECT o."Id", o."Attempts", o."CreatedAt", o."Payload", o."PublishedAt", o."RoutingKey", o."Subject", o."Type"
      FROM cadastro.outbox_events AS o
      WHERE o."PublishedAt" IS NULL AND o."Attempts" < 10
      ORDER BY o."CreatedAt"
      LIMIT @__p_0
info: Microsoft.EntityFrameworkCore.Database.Command[20101]
      Executed DbCommand (169ms) [Parameters=[@__p_0='?' (DbType = Int32)], CommandType='Text', CommandTimeout='30']
      SELECT o."Id", o."Attempts", o."CreatedAt", o."Payload", o."PublishedAt", o."RoutingKey", o."Subject", o."Type"
      FROM cadastro.outbox_events AS o
      WHERE o."PublishedAt" IS NULL AND o."Attempts" < 10
      ORDER BY o."CreatedAt"
      LIMIT @__p_0
info: Microsoft.EntityFrameworkCore.Database.Command[20101]
      Executed DbCommand (171ms) [Parameters=[@__p_0='?' (DbType = Int32)], CommandType='Text', CommandTimeout='30']
      SELECT o."Id", o."Attempts", o."CreatedAt", o."Payload", o."PublishedAt", o."RoutingKey", o."Subject", o."Type"
      FROM cadastro.outbox_events AS o
      WHERE o."PublishedAt" IS NULL AND o."Attempts" < 10
      ORDER BY o."CreatedAt"
      LIMIT @__p_0
info: Microsoft.EntityFrameworkCore.Database.Command[20101]
      Executed DbCommand (171ms) [Parameters=[@__p_0='?' (DbType = Int32)], CommandType='Text', CommandTimeout='30']
      SELECT o."Id", o."Attempts", o."CreatedAt", o."Payload", o."PublishedAt", o."RoutingKey", o."Subject", o."Type"
      FROM cadastro.outbox_events AS o
      WHERE o."PublishedAt" IS NULL AND o."Attempts" < 10
      ORDER BY o."CreatedAt"
      LIMIT @__p_0
info: Microsoft.EntityFrameworkCore.Database.Command[20101]
      Executed DbCommand (171ms) [Parameters=[@__p_0='?' (DbType = Int32)], CommandType='Text', CommandTimeout='30']
      SELECT o."Id", o."Attempts", o."CreatedAt", o."Payload", o."PublishedAt", o."RoutingKey", o."Subject", o."Type"
      FROM cadastro.outbox_events AS o
      WHERE o."PublishedAt" IS NULL AND o."Attempts" < 10
      ORDER BY o."CreatedAt"
      LIMIT @__p_0
info: Microsoft.EntityFrameworkCore.Database.Command[20101]
      Executed DbCommand (170ms) [Parameters=[@__p_0='?' (DbType = Int32)], CommandType='Text', CommandTimeout='30']
      SELECT o."Id", o."Attempts", o."CreatedAt", o."Payload", o."PublishedAt", o."RoutingKey", o."Subject", o."Type"
      FROM cadastro.outbox_events AS o
      WHERE o."PublishedAt" IS NULL AND o."Attempts" < 10
      ORDER BY o."CreatedAt"
      LIMIT @__p_0
info: Microsoft.EntityFrameworkCore.Database.Command[20101]
      Executed DbCommand (172ms) [Parameters=[@__p_0='?' (DbType = Int32)], CommandType='Text', CommandTimeout='30']
      SELECT o."Id", o."Attempts", o."CreatedAt", o."Payload", o."PublishedAt", o."RoutingKey", o."Subject", o."Type"
      FROM cadastro.outbox_events AS o
      WHERE o."PublishedAt" IS NULL AND o."Attempts" < 10
      ORDER BY o."CreatedAt"
      LIMIT @__p_0
info: Microsoft.EntityFrameworkCore.Database.Command[20101]
      Executed DbCommand (173ms) [Parameters=[@__p_0='?' (DbType = Int32)], CommandType='Text', CommandTimeout='30']
      SELECT o."Id", o."Attempts", o."CreatedAt", o."Payload", o."PublishedAt", o."RoutingKey", o."Subject", o."Type"
      FROM cadastro.outbox_events AS o
      WHERE o."PublishedAt" IS NULL AND o."Attempts" < 10
      ORDER BY o."CreatedAt"
      LIMIT @__p_0
info: Microsoft.EntityFrameworkCore.Database.Command[20101]
      Executed DbCommand (175ms) [Parameters=[@__p_0='?' (DbType = Int32)], CommandType='Text', CommandTimeout='30']
      SELECT o."Id", o."Attempts", o."CreatedAt", o."Payload", o."PublishedAt", o."RoutingKey", o."Subject", o."Type"
      FROM cadastro.outbox_events AS o
      WHERE o."PublishedAt" IS NULL AND o."Attempts" < 10
      ORDER BY o."CreatedAt"
      LIMIT @__p_0
info: Microsoft.EntityFrameworkCore.Database.Command[20101]
      Executed DbCommand (172ms) [Parameters=[@__p_0='?' (DbType = Int32)], CommandType='Text', CommandTimeout='30']
      SELECT o."Id", o."Attempts", o."CreatedAt", o."Payload", o."PublishedAt", o."RoutingKey", o."Subject", o."Type"
      FROM cadastro.outbox_events AS o
      WHERE o."PublishedAt" IS NULL AND o."Attempts" < 10
      ORDER BY o."CreatedAt"
      LIMIT @__p_0
info: Microsoft.EntityFrameworkCore.Database.Command[20101]
      Executed DbCommand (173ms) [Parameters=[@__p_0='?' (DbType = Int32)], CommandType='Text', CommandTimeout='30']
      SELECT o."Id", o."Attempts", o."CreatedAt", o."Payload", o."PublishedAt", o."RoutingKey", o."Subject", o."Type"
      FROM cadastro.outbox_events AS o
      WHERE o."PublishedAt" IS NULL AND o."Attempts" < 10
      ORDER BY o."CreatedAt"
      LIMIT @__p_0
info: Microsoft.EntityFrameworkCore.Database.Command[20101]
      Executed DbCommand (172ms) [Parameters=[@__p_0='?' (DbType = Int32)], CommandType='Text', CommandTimeout='30']
      SELECT o."Id", o."Attempts", o."CreatedAt", o."Payload", o."PublishedAt", o."RoutingKey", o."Subject", o."Type"
      FROM cadastro.outbox_events AS o
      WHERE o."PublishedAt" IS NULL AND o."Attempts" < 10
      ORDER BY o."CreatedAt"
      LIMIT @__p_0
info: Microsoft.EntityFrameworkCore.Database.Command[20101]
      Executed DbCommand (172ms) [Parameters=[@__p_0='?' (DbType = Int32)], CommandType='Text', CommandTimeout='30']
      SELECT o."Id", o."Attempts", o."CreatedAt", o."Payload", o."PublishedAt", o."RoutingKey", o."Subject", o."Type"
      FROM cadastro.outbox_events AS o
      WHERE o."PublishedAt" IS NULL AND o."Attempts" < 10
      ORDER BY o."CreatedAt"
      LIMIT @__p_0
info: Microsoft.EntityFrameworkCore.Database.Command[20101]
      Executed DbCommand (172ms) [Parameters=[@__p_0='?' (DbType = Int32)], CommandType='Text', CommandTimeout='30']
      SELECT o."Id", o."Attempts", o."CreatedAt", o."Payload", o."PublishedAt", o."RoutingKey", o."Subject", o."Type"
      FROM cadastro.outbox_events AS o
      WHERE o."PublishedAt" IS NULL AND o."Attempts" < 10
      ORDER BY o."CreatedAt"
      LIMIT @__p_0
info: Microsoft.EntityFrameworkCore.Database.Command[20101]
      Executed DbCommand (172ms) [Parameters=[@__p_0='?' (DbType = Int32)], CommandType='Text', CommandTimeout='30']
      SELECT o."Id", o."Attempts", o."CreatedAt", o."Payload", o."PublishedAt", o."RoutingKey", o."Subject", o."Type"
      FROM cadastro.outbox_events AS o
      WHERE o."PublishedAt" IS NULL AND o."Attempts" < 10
      ORDER BY o."CreatedAt"
      LIMIT @__p_0
info: Microsoft.EntityFrameworkCore.Database.Command[20101]
      Executed DbCommand (171ms) [Parameters=[@__p_0='?' (DbType = Int32)], CommandType='Text', CommandTimeout='30']
      SELECT o."Id", o."Attempts", o."CreatedAt", o."Payload", o."PublishedAt", o."RoutingKey", o."Subject", o."Type"
      FROM cadastro.outbox_events AS o
      WHERE o."PublishedAt" IS NULL AND o."Attempts" < 10
      ORDER BY o."CreatedAt"
      LIMIT @__p_0
info: Microsoft.EntityFrameworkCore.Database.Command[20101]
      Executed DbCommand (171ms) [Parameters=[@__p_0='?' (DbType = Int32)], CommandType='Text', CommandTimeout='30']
      SELECT o."Id", o."Attempts", o."CreatedAt", o."Payload", o."PublishedAt", o."RoutingKey", o."Subject", o."Type"
      FROM cadastro.outbox_events AS o
      WHERE o."PublishedAt" IS NULL AND o."Attempts" < 10
      ORDER BY o."CreatedAt"
      LIMIT @__p_0
info: Microsoft.EntityFrameworkCore.Database.Command[20101]
      Executed DbCommand (172ms) [Parameters=[@__p_0='?' (DbType = Int32)], CommandType='Text', CommandTimeout='30']
      SELECT o."Id", o."Attempts", o."CreatedAt", o."Payload", o."PublishedAt", o."RoutingKey", o."Subject", o."Type"
      FROM cadastro.outbox_events AS o
      WHERE o."PublishedAt" IS NULL AND o."Attempts" < 10
      ORDER BY o."CreatedAt"
      LIMIT @__p_0
info: Microsoft.EntityFrameworkCore.Database.Command[20101]
      Executed DbCommand (171ms) [Parameters=[@__p_0='?' (DbType = Int32)], CommandType='Text', CommandTimeout='30']
      SELECT o."Id", o."Attempts", o."CreatedAt", o."Payload", o."PublishedAt", o."RoutingKey", o."Subject", o."Type"
      FROM cadastro.outbox_events AS o
      WHERE o."PublishedAt" IS NULL AND o."Attempts" < 10
      ORDER BY o."CreatedAt"
      LIMIT @__p_0
info: Microsoft.EntityFrameworkCore.Database.Command[20101]
      Executed DbCommand (171ms) [Parameters=[@__p_0='?' (DbType = Int32)], CommandType='Text', CommandTimeout='30']
      SELECT o."Id", o."Attempts", o."CreatedAt", o."Payload", o."PublishedAt", o."RoutingKey", o."Subject", o."Type"
      FROM cadastro.outbox_events AS o
      WHERE o."PublishedAt" IS NULL AND o."Attempts" < 10
      ORDER BY o."CreatedAt"
      LIMIT @__p_0
info: Microsoft.EntityFrameworkCore.Database.Command[20101]
      Executed DbCommand (173ms) [Parameters=[@__p_0='?' (DbType = Int32)], CommandType='Text', CommandTimeout='30']
      SELECT o."Id", o."Attempts", o."CreatedAt", o."Payload", o."PublishedAt", o."RoutingKey", o."Subject", o."Type"
      FROM cadastro.outbox_events AS o
      WHERE o."PublishedAt" IS NULL AND o."Attempts" < 10
      ORDER BY o."CreatedAt"
      LIMIT @__p_0
info: Microsoft.EntityFrameworkCore.Database.Command[20101]
      Executed DbCommand (170ms) [Parameters=[@__p_0='?' (DbType = Int32)], CommandType='Text', CommandTimeout='30']
      SELECT o."Id", o."Attempts", o."CreatedAt", o."Payload", o."PublishedAt", o."RoutingKey", o."Subject", o."Type"
      FROM cadastro.outbox_events AS o
      WHERE o."PublishedAt" IS NULL AND o."Attempts" < 10
      ORDER BY o."CreatedAt"
      LIMIT @__p_0
info: Microsoft.EntityFrameworkCore.Database.Command[20101]
      Executed DbCommand (172ms) [Parameters=[@__p_0='?' (DbType = Int32)], CommandType='Text', CommandTimeout='30']
      SELECT o."Id", o."Attempts", o."CreatedAt", o."Payload", o."PublishedAt", o."RoutingKey", o."Subject", o."Type"
      FROM cadastro.outbox_events AS o
      WHERE o."PublishedAt" IS NULL AND o."Attempts" < 10
      ORDER BY o."CreatedAt"
      LIMIT @__p_0
info: Microsoft.EntityFrameworkCore.Database.Command[20101]
      Executed DbCommand (172ms) [Parameters=[@__p_0='?' (DbType = Int32)], CommandType='Text', CommandTimeout='30']
      SELECT o."Id", o."Attempts", o."CreatedAt", o."Payload", o."PublishedAt", o."RoutingKey", o."Subject", o."Type"
      FROM cadastro.outbox_events AS o
      WHERE o."PublishedAt" IS NULL AND o."Attempts" < 10
      ORDER BY o."CreatedAt"
      LIMIT @__p_0
info: Microsoft.EntityFrameworkCore.Database.Command[20101]
      Executed DbCommand (172ms) [Parameters=[@__p_0='?' (DbType = Int32)], CommandType='Text', CommandTimeout='30']
      SELECT o."Id", o."Attempts", o."CreatedAt", o."Payload", o."PublishedAt", o."RoutingKey", o."Subject", o."Type"
      FROM cadastro.outbox_events AS o
      WHERE o."PublishedAt" IS NULL AND o."Attempts" < 10
      ORDER BY o."CreatedAt"
      LIMIT @__p_0
info: Microsoft.EntityFrameworkCore.Database.Command[20101]
      Executed DbCommand (173ms) [Parameters=[@__p_0='?' (DbType = Int32)], CommandType='Text', CommandTimeout='30']
      SELECT o."Id", o."Attempts", o."CreatedAt", o."Payload", o."PublishedAt", o."RoutingKey", o."Subject", o."Type"
      FROM cadastro.outbox_events AS o
      WHERE o."PublishedAt" IS NULL AND o."Attempts" < 10
      ORDER BY o."CreatedAt"
      LIMIT @__p_0
info: Microsoft.EntityFrameworkCore.Database.Command[20101]
      Executed DbCommand (172ms) [Parameters=[@__p_0='?' (DbType = Int32)], CommandType='Text', CommandTimeout='30']
      SELECT o."Id", o."Attempts", o."CreatedAt", o."Payload", o."PublishedAt", o."RoutingKey", o."Subject", o."Type"
      FROM cadastro.outbox_events AS o
      WHERE o."PublishedAt" IS NULL AND o."Attempts" < 10
      ORDER BY o."CreatedAt"
      LIMIT @__p_0
info: Microsoft.EntityFrameworkCore.Database.Command[20101]
      Executed DbCommand (172ms) [Parameters=[@__p_0='?' (DbType = Int32)], CommandType='Text', CommandTimeout='30']
      SELECT o."Id", o."Attempts", o."CreatedAt", o."Payload", o."PublishedAt", o."RoutingKey", o."Subject", o."Type"
      FROM cadastro.outbox_events AS o
      WHERE o."PublishedAt" IS NULL AND o."Attempts" < 10
      ORDER BY o."CreatedAt"
      LIMIT @__p_0
info: Microsoft.EntityFrameworkCore.Database.Command[20101]
      Executed DbCommand (172ms) [Parameters=[@__p_0='?' (DbType = Int32)], CommandType='Text', CommandTimeout='30']
      SELECT o."Id", o."Attempts", o."CreatedAt", o."Payload", o."PublishedAt", o."RoutingKey", o."Subject", o."Type"
      FROM cadastro.outbox_events AS o
      WHERE o."PublishedAt" IS NULL AND o."Attempts" < 10
      ORDER BY o."CreatedAt"
      LIMIT @__p_0
info: Microsoft.EntityFrameworkCore.Database.Command[20101]
      Executed DbCommand (171ms) [Parameters=[@__p_0='?' (DbType = Int32)], CommandType='Text', CommandTimeout='30']
      SELECT o."Id", o."Attempts", o."CreatedAt", o."Payload", o."PublishedAt", o."RoutingKey", o."Subject", o."Type"
      FROM cadastro.outbox_events AS o
      WHERE o."PublishedAt" IS NULL AND o."Attempts" < 10
      ORDER BY o."CreatedAt"
      LIMIT @__p_0
info: Microsoft.EntityFrameworkCore.Database.Command[20101]
      Executed DbCommand (172ms) [Parameters=[@__p_0='?' (DbType = Int32)], CommandType='Text', CommandTimeout='30']
      SELECT o."Id", o."Attempts", o."CreatedAt", o."Payload", o."PublishedAt", o."RoutingKey", o."Subject", o."Type"
      FROM cadastro.outbox_events AS o
      WHERE o."PublishedAt" IS NULL AND o."Attempts" < 10
      ORDER BY o."CreatedAt"
      LIMIT @__p_0
info: Microsoft.EntityFrameworkCore.Database.Command[20101]
      Executed DbCommand (172ms) [Parameters=[@__p_0='?' (DbType = Int32)], CommandType='Text', CommandTimeout='30']
      SELECT o."Id", o."Attempts", o."CreatedAt", o."Payload", o."PublishedAt", o."RoutingKey", o."Subject", o."Type"
      FROM cadastro.outbox_events AS o
      WHERE o."PublishedAt" IS NULL AND o."Attempts" < 10
      ORDER BY o."CreatedAt"
      LIMIT @__p_0
info: Microsoft.EntityFrameworkCore.Database.Command[20101]
      Executed DbCommand (172ms) [Parameters=[@__p_0='?' (DbType = Int32)], CommandType='Text', CommandTimeout='30']
      SELECT o."Id", o."Attempts", o."CreatedAt", o."Payload", o."PublishedAt", o."RoutingKey", o."Subject", o."Type"
      FROM cadastro.outbox_events AS o
      WHERE o."PublishedAt" IS NULL AND o."Attempts" < 10
      ORDER BY o."CreatedAt"
      LIMIT @__p_0
info: Microsoft.EntityFrameworkCore.Database.Command[20101]
      Executed DbCommand (172ms) [Parameters=[@__p_0='?' (DbType = Int32)], CommandType='Text', CommandTimeout='30']
      SELECT o."Id", o."Attempts", o."CreatedAt", o."Payload", o."PublishedAt", o."RoutingKey", o."Subject", o."Type"
      FROM cadastro.outbox_events AS o
      WHERE o."PublishedAt" IS NULL AND o."Attempts" < 10
      ORDER BY o."CreatedAt"
      LIMIT @__p_0
info: Microsoft.EntityFrameworkCore.Database.Command[20101]
      Executed DbCommand (172ms) [Parameters=[@__p_0='?' (DbType = Int32)], CommandType='Text', CommandTimeout='30']
      SELECT o."Id", o."Attempts", o."CreatedAt", o."Payload", o."PublishedAt", o."RoutingKey", o."Subject", o."Type"
      FROM cadastro.outbox_events AS o
      WHERE o."PublishedAt" IS NULL AND o."Attempts" < 10
      ORDER BY o."CreatedAt"
      LIMIT @__p_0
info: Microsoft.EntityFrameworkCore.Database.Command[20101]
      Executed DbCommand (170ms) [Parameters=[@__p_0='?' (DbType = Int32)], CommandType='Text', CommandTimeout='30']
      SELECT o."Id", o."Attempts", o."CreatedAt", o."Payload", o."PublishedAt", o."RoutingKey", o."Subject", o."Type"
      FROM cadastro.outbox_events AS o
      WHERE o."PublishedAt" IS NULL AND o."Attempts" < 10
      ORDER BY o."CreatedAt"
      LIMIT @__p_0
info: Microsoft.EntityFrameworkCore.Database.Command[20101]
      Executed DbCommand (170ms) [Parameters=[@__p_0='?' (DbType = Int32)], CommandType='Text', CommandTimeout='30']
      SELECT o."Id", o."Attempts", o."CreatedAt", o."Payload", o."PublishedAt", o."RoutingKey", o."Subject", o."Type"
      FROM cadastro.outbox_events AS o
      WHERE o."PublishedAt" IS NULL AND o."Attempts" < 10
      ORDER BY o."CreatedAt"
      LIMIT @__p_0
info: Microsoft.EntityFrameworkCore.Database.Command[20101]
      Executed DbCommand (170ms) [Parameters=[@__p_0='?' (DbType = Int32)], CommandType='Text', CommandTimeout='30']
      SELECT o."Id", o."Attempts", o."CreatedAt", o."Payload", o."PublishedAt", o."RoutingKey", o."Subject", o."Type"
      FROM cadastro.outbox_events AS o
      WHERE o."PublishedAt" IS NULL AND o."Attempts" < 10
      ORDER BY o."CreatedAt"
      LIMIT @__p_0
info: Microsoft.EntityFrameworkCore.Database.Command[20101]
      Executed DbCommand (172ms) [Parameters=[@__p_0='?' (DbType = Int32)], CommandType='Text', CommandTimeout='30']
      SELECT o."Id", o."Attempts", o."CreatedAt", o."Payload", o."PublishedAt", o."RoutingKey", o."Subject", o."Type"
      FROM cadastro.outbox_events AS o
      WHERE o."PublishedAt" IS NULL AND o."Attempts" < 10
      ORDER BY o."CreatedAt"
      LIMIT @__p_0
info: Microsoft.EntityFrameworkCore.Database.Command[20101]
      Executed DbCommand (173ms) [Parameters=[@__p_0='?' (DbType = Int32)], CommandType='Text', CommandTimeout='30']
      SELECT o."Id", o."Attempts", o."CreatedAt", o."Payload", o."PublishedAt", o."RoutingKey", o."Subject", o."Type"
      FROM cadastro.outbox_events AS o
      WHERE o."PublishedAt" IS NULL AND o."Attempts" < 10
      ORDER BY o."CreatedAt"
      LIMIT @__p_0
info: Microsoft.EntityFrameworkCore.Database.Command[20101]
      Executed DbCommand (172ms) [Parameters=[@__p_0='?' (DbType = Int32)], CommandType='Text', CommandTimeout='30']
      SELECT o."Id", o."Attempts", o."CreatedAt", o."Payload", o."PublishedAt", o."RoutingKey", o."Subject", o."Type"
      FROM cadastro.outbox_events AS o
      WHERE o."PublishedAt" IS NULL AND o."Attempts" < 10
      ORDER BY o."CreatedAt"
      LIMIT @__p_0
info: Microsoft.EntityFrameworkCore.Database.Command[20101]
      Executed DbCommand (172ms) [Parameters=[@__p_0='?' (DbType = Int32)], CommandType='Text', CommandTimeout='30']
      SELECT o."Id", o."Attempts", o."CreatedAt", o."Payload", o."PublishedAt", o."RoutingKey", o."Subject", o."Type"
      FROM cadastro.outbox_events AS o
      WHERE o."PublishedAt" IS NULL AND o."Attempts" < 10
      ORDER BY o."CreatedAt"
      LIMIT @__p_0
info: Microsoft.EntityFrameworkCore.Database.Command[20101]
      Executed DbCommand (170ms) [Parameters=[@__p_0='?' (DbType = Int32)], CommandType='Text', CommandTimeout='30']
      SELECT o."Id", o."Attempts", o."CreatedAt", o."Payload", o."PublishedAt", o."RoutingKey", o."Subject", o."Type"
      FROM cadastro.outbox_events AS o
      WHERE o."PublishedAt" IS NULL AND o."Attempts" < 10
      ORDER BY o."CreatedAt"
      LIMIT @__p_0
info: Microsoft.EntityFrameworkCore.Database.Command[20101]
      Executed DbCommand (171ms) [Parameters=[@__p_0='?' (DbType = Int32)], CommandType='Text', CommandTimeout='30']
      SELECT o."Id", o."Attempts", o."CreatedAt", o."Payload", o."PublishedAt", o."RoutingKey", o."Subject", o."Type"
      FROM cadastro.outbox_events AS o
      WHERE o."PublishedAt" IS NULL AND o."Attempts" < 10
      ORDER BY o."CreatedAt"
      LIMIT @__p_0
info: Microsoft.EntityFrameworkCore.Database.Command[20101]
      Executed DbCommand (172ms) [Parameters=[@__p_0='?' (DbType = Int32)], CommandType='Text', CommandTimeout='30']
      SELECT o."Id", o."Attempts", o."CreatedAt", o."Payload", o."PublishedAt", o."RoutingKey", o."Subject", o."Type"
      FROM cadastro.outbox_events AS o
      WHERE o."PublishedAt" IS NULL AND o."Attempts" < 10
      ORDER BY o."CreatedAt"
      LIMIT @__p_0
info: Microsoft.EntityFrameworkCore.Database.Command[20101]
      Executed DbCommand (168ms) [Parameters=[@__p_0='?' (DbType = Int32)], CommandType='Text', CommandTimeout='30']
      SELECT o."Id", o."Attempts", o."CreatedAt", o."Payload", o."PublishedAt", o."RoutingKey", o."Subject", o."Type"
      FROM cadastro.outbox_events AS o
      WHERE o."PublishedAt" IS NULL AND o."Attempts" < 10
      ORDER BY o."CreatedAt"
      LIMIT @__p_0
info: Microsoft.EntityFrameworkCore.Database.Command[20101]
      Executed DbCommand (172ms) [Parameters=[@__p_0='?' (DbType = Int32)], CommandType='Text', CommandTimeout='30']
      SELECT o."Id", o."Attempts", o."CreatedAt", o."Payload", o."PublishedAt", o."RoutingKey", o."Subject", o."Type"
      FROM cadastro.outbox_events AS o
      WHERE o."PublishedAt" IS NULL AND o."Attempts" < 10
      ORDER BY o."CreatedAt"
      LIMIT @__p_0
info: Microsoft.EntityFrameworkCore.Database.Command[20101]
      Executed DbCommand (171ms) [Parameters=[@__p_0='?' (DbType = Int32)], CommandType='Text', CommandTimeout='30']
      SELECT o."Id", o."Attempts", o."CreatedAt", o."Payload", o."PublishedAt", o."RoutingKey", o."Subject", o."Type"
      FROM cadastro.outbox_events AS o
      WHERE o."PublishedAt" IS NULL AND o."Attempts" < 10
      ORDER BY o."CreatedAt"
      LIMIT @__p_0
info: Microsoft.EntityFrameworkCore.Database.Command[20101]
      Executed DbCommand (172ms) [Parameters=[@__p_0='?' (DbType = Int32)], CommandType='Text', CommandTimeout='30']
      SELECT o."Id", o."Attempts", o."CreatedAt", o."Payload", o."PublishedAt", o."RoutingKey", o."Subject", o."Type"
      FROM cadastro.outbox_events AS o
      WHERE o."PublishedAt" IS NULL AND o."Attempts" < 10
      ORDER BY o."CreatedAt"
      LIMIT @__p_0
info: Microsoft.EntityFrameworkCore.Database.Command[20101]
      Executed DbCommand (171ms) [Parameters=[@__p_0='?' (DbType = Int32)], CommandType='Text', CommandTimeout='30']
      SELECT o."Id", o."Attempts", o."CreatedAt", o."Payload", o."PublishedAt", o."RoutingKey", o."Subject", o."Type"
      FROM cadastro.outbox_events AS o
      WHERE o."PublishedAt" IS NULL AND o."Attempts" < 10
      ORDER BY o."CreatedAt"
      LIMIT @__p_0
info: Microsoft.EntityFrameworkCore.Database.Command[20101]
      Executed DbCommand (169ms) [Parameters=[@__p_0='?' (DbType = Int32)], CommandType='Text', CommandTimeout='30']
      SELECT o."Id", o."Attempts", o."CreatedAt", o."Payload", o."PublishedAt", o."RoutingKey", o."Subject", o."Type"
      FROM cadastro.outbox_events AS o
      WHERE o."PublishedAt" IS NULL AND o."Attempts" < 10
      ORDER BY o."CreatedAt"
      LIMIT @__p_0
info: Microsoft.EntityFrameworkCore.Database.Command[20101]
      Executed DbCommand (172ms) [Parameters=[@__p_0='?' (DbType = Int32)], CommandType='Text', CommandTimeout='30']
      SELECT o."Id", o."Attempts", o."CreatedAt", o."Payload", o."PublishedAt", o."RoutingKey", o."Subject", o."Type"
      FROM cadastro.outbox_events AS o
      WHERE o."PublishedAt" IS NULL AND o."Attempts" < 10
      ORDER BY o."CreatedAt"
      LIMIT @__p_0
info: Microsoft.EntityFrameworkCore.Database.Command[20101]
      Executed DbCommand (172ms) [Parameters=[@__p_0='?' (DbType = Int32)], CommandType='Text', CommandTimeout='30']
      SELECT o."Id", o."Attempts", o."CreatedAt", o."Payload", o."PublishedAt", o."RoutingKey", o."Subject", o."Type"
      FROM cadastro.outbox_events AS o
      WHERE o."PublishedAt" IS NULL AND o."Attempts" < 10
      ORDER BY o."CreatedAt"
      LIMIT @__p_0
info: Microsoft.EntityFrameworkCore.Database.Command[20101]
      Executed DbCommand (172ms) [Parameters=[@__p_0='?' (DbType = Int32)], CommandType='Text', CommandTimeout='30']
      SELECT o."Id", o."Attempts", o."CreatedAt", o."Payload", o."PublishedAt", o."RoutingKey", o."Subject", o."Type"
      FROM cadastro.outbox_events AS o
      WHERE o."PublishedAt" IS NULL AND o."Attempts" < 10
      ORDER BY o."CreatedAt"
      LIMIT @__p_0
info: Microsoft.EntityFrameworkCore.Database.Command[20101]
      Executed DbCommand (170ms) [Parameters=[@__p_0='?' (DbType = Int32)], CommandType='Text', CommandTimeout='30']
      SELECT o."Id", o."Attempts", o."CreatedAt", o."Payload", o."PublishedAt", o."RoutingKey", o."Subject", o."Type"
      FROM cadastro.outbox_events AS o
      WHERE o."PublishedAt" IS NULL AND o."Attempts" < 10
      ORDER BY o."CreatedAt"
      LIMIT @__p_0
info: Microsoft.EntityFrameworkCore.Database.Command[20101]
      Executed DbCommand (171ms) [Parameters=[@__p_0='?' (DbType = Int32)], CommandType='Text', CommandTimeout='30']
      SELECT o."Id", o."Attempts", o."CreatedAt", o."Payload", o."PublishedAt", o."RoutingKey", o."Subject", o."Type"
      FROM cadastro.outbox_events AS o
      WHERE o."PublishedAt" IS NULL AND o."Attempts" < 10
      ORDER BY o."CreatedAt"
      LIMIT @__p_0
info: Microsoft.EntityFrameworkCore.Database.Command[20101]
      Executed DbCommand (172ms) [Parameters=[@__p_0='?' (DbType = Int32)], CommandType='Text', CommandTimeout='30']
      SELECT o."Id", o."Attempts", o."CreatedAt", o."Payload", o."PublishedAt", o."RoutingKey", o."Subject", o."Type"
      FROM cadastro.outbox_events AS o
      WHERE o."PublishedAt" IS NULL AND o."Attempts" < 10
      ORDER BY o."CreatedAt"
      LIMIT @__p_0
info: Microsoft.EntityFrameworkCore.Database.Command[20101]
      Executed DbCommand (172ms) [Parameters=[@__p_0='?' (DbType = Int32)], CommandType='Text', CommandTimeout='30']
      SELECT o."Id", o."Attempts", o."CreatedAt", o."Payload", o."PublishedAt", o."RoutingKey", o."Subject", o."Type"
      FROM cadastro.outbox_events AS o
      WHERE o."PublishedAt" IS NULL AND o."Attempts" < 10
      ORDER BY o."CreatedAt"
      LIMIT @__p_0
info: Microsoft.EntityFrameworkCore.Database.Command[20101]
      Executed DbCommand (170ms) [Parameters=[@__p_0='?' (DbType = Int32)], CommandType='Text', CommandTimeout='30']
      SELECT o."Id", o."Attempts", o."CreatedAt", o."Payload", o."PublishedAt", o."RoutingKey", o."Subject", o."Type"
      FROM cadastro.outbox_events AS o
      WHERE o."PublishedAt" IS NULL AND o."Attempts" < 10
      ORDER BY o."CreatedAt"
      LIMIT @__p_0
info: Microsoft.EntityFrameworkCore.Database.Command[20101]
      Executed DbCommand (174ms) [Parameters=[@__p_0='?' (DbType = Int32)], CommandType='Text', CommandTimeout='30']
      SELECT o."Id", o."Attempts", o."CreatedAt", o."Payload", o."PublishedAt", o."RoutingKey", o."Subject", o."Type"
      FROM cadastro.outbox_events AS o
      WHERE o."PublishedAt" IS NULL AND o."Attempts" < 10
      ORDER BY o."CreatedAt"
      LIMIT @__p_0
info: Microsoft.EntityFrameworkCore.Database.Command[20101]
      Executed DbCommand (174ms) [Parameters=[@__p_0='?' (DbType = Int32)], CommandType='Text', CommandTimeout='30']
      SELECT o."Id", o."Attempts", o."CreatedAt", o."Payload", o."PublishedAt", o."RoutingKey", o."Subject", o."Type"
      FROM cadastro.outbox_events AS o
      WHERE o."PublishedAt" IS NULL AND o."Attempts" < 10
      ORDER BY o."CreatedAt"
      LIMIT @__p_0
info: Microsoft.EntityFrameworkCore.Database.Command[20101]
      Executed DbCommand (173ms) [Parameters=[@__p_0='?' (DbType = Int32)], CommandType='Text', CommandTimeout='30']
      SELECT o."Id", o."Attempts", o."CreatedAt", o."Payload", o."PublishedAt", o."RoutingKey", o."Subject", o."Type"
      FROM cadastro.outbox_events AS o
      WHERE o."PublishedAt" IS NULL AND o."Attempts" < 10
      ORDER BY o."CreatedAt"
      LIMIT @__p_0
info: Microsoft.EntityFrameworkCore.Database.Command[20101]
      Executed DbCommand (169ms) [Parameters=[@__p_0='?' (DbType = Int32)], CommandType='Text', CommandTimeout='30']
      SELECT o."Id", o."Attempts", o."CreatedAt", o."Payload", o."PublishedAt", o."RoutingKey", o."Subject", o."Type"
      FROM cadastro.outbox_events AS o
      WHERE o."PublishedAt" IS NULL AND o."Attempts" < 10
      ORDER BY o."CreatedAt"
      LIMIT @__p_0
info: Microsoft.EntityFrameworkCore.Database.Command[20101]
      Executed DbCommand (172ms) [Parameters=[@__p_0='?' (DbType = Int32)], CommandType='Text', CommandTimeout='30']
      SELECT o."Id", o."Attempts", o."CreatedAt", o."Payload", o."PublishedAt", o."RoutingKey", o."Subject", o."Type"
      FROM cadastro.outbox_events AS o
      WHERE o."PublishedAt" IS NULL AND o."Attempts" < 10
      ORDER BY o."CreatedAt"
      LIMIT @__p_0
info: Microsoft.EntityFrameworkCore.Database.Command[20101]
      Executed DbCommand (172ms) [Parameters=[@__p_0='?' (DbType = Int32)], CommandType='Text', CommandTimeout='30']
      SELECT o."Id", o."Attempts", o."CreatedAt", o."Payload", o."PublishedAt", o."RoutingKey", o."Subject", o."Type"
      FROM cadastro.outbox_events AS o
      WHERE o."PublishedAt" IS NULL AND o."Attempts" < 10
      ORDER BY o."CreatedAt"
      LIMIT @__p_0
info: Microsoft.EntityFrameworkCore.Database.Command[20101]
      Executed DbCommand (172ms) [Parameters=[@__p_0='?' (DbType = Int32)], CommandType='Text', CommandTimeout='30']
      SELECT o."Id", o."Attempts", o."CreatedAt", o."Payload", o."PublishedAt", o."RoutingKey", o."Subject", o."Type"
      FROM cadastro.outbox_events AS o
      WHERE o."PublishedAt" IS NULL AND o."Attempts" < 10
      ORDER BY o."CreatedAt"
      LIMIT @__p_0
info: Microsoft.EntityFrameworkCore.Database.Command[20101]
      Executed DbCommand (173ms) [Parameters=[@__p_0='?' (DbType = Int32)], CommandType='Text', CommandTimeout='30']
      SELECT o."Id", o."Attempts", o."CreatedAt", o."Payload", o."PublishedAt", o."RoutingKey", o."Subject", o."Type"
      FROM cadastro.outbox_events AS o
      WHERE o."PublishedAt" IS NULL AND o."Attempts" < 10
      ORDER BY o."CreatedAt"
      LIMIT @__p_0
info: Microsoft.EntityFrameworkCore.Database.Command[20101]
      Executed DbCommand (172ms) [Parameters=[@__p_0='?' (DbType = Int32)], CommandType='Text', CommandTimeout='30']
      SELECT o."Id", o."Attempts", o."CreatedAt", o."Payload", o."PublishedAt", o."RoutingKey", o."Subject", o."Type"
      FROM cadastro.outbox_events AS o
      WHERE o."PublishedAt" IS NULL AND o."Attempts" < 10
      ORDER BY o."CreatedAt"
      LIMIT @__p_0
info: Microsoft.EntityFrameworkCore.Database.Command[20101]
      Executed DbCommand (171ms) [Parameters=[@__p_0='?' (DbType = Int32)], CommandType='Text', CommandTimeout='30']
      SELECT o."Id", o."Attempts", o."CreatedAt", o."Payload", o."PublishedAt", o."RoutingKey", o."Subject", o."Type"
      FROM cadastro.outbox_events AS o
      WHERE o."PublishedAt" IS NULL AND o."Attempts" < 10
      ORDER BY o."CreatedAt"
      LIMIT @__p_0
info: Microsoft.EntityFrameworkCore.Database.Command[20101]
      Executed DbCommand (171ms) [Parameters=[@__p_0='?' (DbType = Int32)], CommandType='Text', CommandTimeout='30']
      SELECT o."Id", o."Attempts", o."CreatedAt", o."Payload", o."PublishedAt", o."RoutingKey", o."Subject", o."Type"
      FROM cadastro.outbox_events AS o
      WHERE o."PublishedAt" IS NULL AND o."Attempts" < 10
      ORDER BY o."CreatedAt"
      LIMIT @__p_0
info: Microsoft.EntityFrameworkCore.Database.Command[20101]
      Executed DbCommand (170ms) [Parameters=[@__p_0='?' (DbType = Int32)], CommandType='Text', CommandTimeout='30']
      SELECT o."Id", o."Attempts", o."CreatedAt", o."Payload", o."PublishedAt", o."RoutingKey", o."Subject", o."Type"
      FROM cadastro.outbox_events AS o
      WHERE o."PublishedAt" IS NULL AND o."Attempts" < 10
      ORDER BY o."CreatedAt"
      LIMIT @__p_0
info: Microsoft.EntityFrameworkCore.Database.Command[20101]
      Executed DbCommand (173ms) [Parameters=[@__p_0='?' (DbType = Int32)], CommandType='Text', CommandTimeout='30']
      SELECT o."Id", o."Attempts", o."CreatedAt", o."Payload", o."PublishedAt", o."RoutingKey", o."Subject", o."Type"
      FROM cadastro.outbox_events AS o
      WHERE o."PublishedAt" IS NULL AND o."Attempts" < 10
      ORDER BY o."CreatedAt"
      LIMIT @__p_0
info: Microsoft.EntityFrameworkCore.Database.Command[20101]
      Executed DbCommand (171ms) [Parameters=[@__p_0='?' (DbType = Int32)], CommandType='Text', CommandTimeout='30']
      SELECT o."Id", o."Attempts", o."CreatedAt", o."Payload", o."PublishedAt", o."RoutingKey", o."Subject", o."Type"
      FROM cadastro.outbox_events AS o
      WHERE o."PublishedAt" IS NULL AND o."Attempts" < 10
      ORDER BY o."CreatedAt"
      LIMIT @__p_0
info: Microsoft.EntityFrameworkCore.Database.Command[20101]
      Executed DbCommand (171ms) [Parameters=[@__p_0='?' (DbType = Int32)], CommandType='Text', CommandTimeout='30']
      SELECT o."Id", o."Attempts", o."CreatedAt", o."Payload", o."PublishedAt", o."RoutingKey", o."Subject", o."Type"
      FROM cadastro.outbox_events AS o
      WHERE o."PublishedAt" IS NULL AND o."Attempts" < 10
      ORDER BY o."CreatedAt"
      LIMIT @__p_0
info: Microsoft.EntityFrameworkCore.Database.Command[20101]
      Executed DbCommand (171ms) [Parameters=[@__p_0='?' (DbType = Int32)], CommandType='Text', CommandTimeout='30']
      SELECT o."Id", o."Attempts", o."CreatedAt", o."Payload", o."PublishedAt", o."RoutingKey", o."Subject", o."Type"
      FROM cadastro.outbox_events AS o
      WHERE o."PublishedAt" IS NULL AND o."Attempts" < 10
      ORDER BY o."CreatedAt"
      LIMIT @__p_0
info: Microsoft.EntityFrameworkCore.Database.Command[20101]
      Executed DbCommand (169ms) [Parameters=[@__p_0='?' (DbType = Int32)], CommandType='Text', CommandTimeout='30']
      SELECT o."Id", o."Attempts", o."CreatedAt", o."Payload", o."PublishedAt", o."RoutingKey", o."Subject", o."Type"
      FROM cadastro.outbox_events AS o
      WHERE o."PublishedAt" IS NULL AND o."Attempts" < 10
      ORDER BY o."CreatedAt"
      LIMIT @__p_0
info: Microsoft.EntityFrameworkCore.Database.Command[20101]
      Executed DbCommand (171ms) [Parameters=[@__p_0='?' (DbType = Int32)], CommandType='Text', CommandTimeout='30']
      SELECT o."Id", o."Attempts", o."CreatedAt", o."Payload", o."PublishedAt", o."RoutingKey", o."Subject", o."Type"
      FROM cadastro.outbox_events AS o
      WHERE o."PublishedAt" IS NULL AND o."Attempts" < 10
      ORDER BY o."CreatedAt"
      LIMIT @__p_0
info: Microsoft.EntityFrameworkCore.Database.Command[20101]
      Executed DbCommand (172ms) [Parameters=[@__p_0='?' (DbType = Int32)], CommandType='Text', CommandTimeout='30']
      SELECT o."Id", o."Attempts", o."CreatedAt", o."Payload", o."PublishedAt", o."RoutingKey", o."Subject", o."Type"
      FROM cadastro.outbox_events AS o
      WHERE o."PublishedAt" IS NULL AND o."Attempts" < 10
      ORDER BY o."CreatedAt"
      LIMIT @__p_0
info: Microsoft.EntityFrameworkCore.Database.Command[20101]
      Executed DbCommand (175ms) [Parameters=[@__p_0='?' (DbType = Int32)], CommandType='Text', CommandTimeout='30']
      SELECT o."Id", o."Attempts", o."CreatedAt", o."Payload", o."PublishedAt", o."RoutingKey", o."Subject", o."Type"
      FROM cadastro.outbox_events AS o
      WHERE o."PublishedAt" IS NULL AND o."Attempts" < 10
      ORDER BY o."CreatedAt"
      LIMIT @__p_0
info: Microsoft.EntityFrameworkCore.Database.Command[20101]
      Executed DbCommand (172ms) [Parameters=[@__p_0='?' (DbType = Int32)], CommandType='Text', CommandTimeout='30']
      SELECT o."Id", o."Attempts", o."CreatedAt", o."Payload", o."PublishedAt", o."RoutingKey", o."Subject", o."Type"
      FROM cadastro.outbox_events AS o
      WHERE o."PublishedAt" IS NULL AND o."Attempts" < 10
      ORDER BY o."CreatedAt"
      LIMIT @__p_0
info: Microsoft.EntityFrameworkCore.Database.Command[20101]
      Executed DbCommand (171ms) [Parameters=[@__p_0='?' (DbType = Int32)], CommandType='Text', CommandTimeout='30']
      SELECT o."Id", o."Attempts", o."CreatedAt", o."Payload", o."PublishedAt", o."RoutingKey", o."Subject", o."Type"
      FROM cadastro.outbox_events AS o
      WHERE o."PublishedAt" IS NULL AND o."Attempts" < 10
      ORDER BY o."CreatedAt"
      LIMIT @__p_0
info: Microsoft.EntityFrameworkCore.Database.Command[20101]
      Executed DbCommand (170ms) [Parameters=[@__p_0='?' (DbType = Int32)], CommandType='Text', CommandTimeout='30']
      SELECT o."Id", o."Attempts", o."CreatedAt", o."Payload", o."PublishedAt", o."RoutingKey", o."Subject", o."Type"
      FROM cadastro.outbox_events AS o
      WHERE o."PublishedAt" IS NULL AND o."Attempts" < 10
      ORDER BY o."CreatedAt"
      LIMIT @__p_0
info: Microsoft.EntityFrameworkCore.Database.Command[20101]
      Executed DbCommand (172ms) [Parameters=[@__p_0='?' (DbType = Int32)], CommandType='Text', CommandTimeout='30']
      SELECT o."Id", o."Attempts", o."CreatedAt", o."Payload", o."PublishedAt", o."RoutingKey", o."Subject", o."Type"
      FROM cadastro.outbox_events AS o
      WHERE o."PublishedAt" IS NULL AND o."Attempts" < 10
      ORDER BY o."CreatedAt"
      LIMIT @__p_0
info: Microsoft.EntityFrameworkCore.Database.Command[20101]
      Executed DbCommand (172ms) [Parameters=[@__p_0='?' (DbType = Int32)], CommandType='Text', CommandTimeout='30']
      SELECT o."Id", o."Attempts", o."CreatedAt", o."Payload", o."PublishedAt", o."RoutingKey", o."Subject", o."Type"
      FROM cadastro.outbox_events AS o
      WHERE o."PublishedAt" IS NULL AND o."Attempts" < 10
      ORDER BY o."CreatedAt"
      LIMIT @__p_0
info: Microsoft.EntityFrameworkCore.Database.Command[20101]
      Executed DbCommand (173ms) [Parameters=[@__p_0='?' (DbType = Int32)], CommandType='Text', CommandTimeout='30']
      SELECT o."Id", o."Attempts", o."CreatedAt", o."Payload", o."PublishedAt", o."RoutingKey", o."Subject", o."Type"
      FROM cadastro.outbox_events AS o
      WHERE o."PublishedAt" IS NULL AND o."Attempts" < 10
      ORDER BY o."CreatedAt"
      LIMIT @__p_0
info: Microsoft.EntityFrameworkCore.Database.Command[20101]
      Executed DbCommand (173ms) [Parameters=[@__p_0='?' (DbType = Int32)], CommandType='Text', CommandTimeout='30']
      SELECT o."Id", o."Attempts", o."CreatedAt", o."Payload", o."PublishedAt", o."RoutingKey", o."Subject", o."Type"
      FROM cadastro.outbox_events AS o
      WHERE o."PublishedAt" IS NULL AND o."Attempts" < 10
      ORDER BY o."CreatedAt"
      LIMIT @__p_0
info: Microsoft.EntityFrameworkCore.Database.Command[20101]
      Executed DbCommand (170ms) [Parameters=[@__p_0='?' (DbType = Int32)], CommandType='Text', CommandTimeout='30']
      SELECT o."Id", o."Attempts", o."CreatedAt", o."Payload", o."PublishedAt", o."RoutingKey", o."Subject", o."Type"
      FROM cadastro.outbox_events AS o
      WHERE o."PublishedAt" IS NULL AND o."Attempts" < 10
      ORDER BY o."CreatedAt"
      LIMIT @__p_0
info: Microsoft.EntityFrameworkCore.Database.Command[20101]
      Executed DbCommand (171ms) [Parameters=[@__p_0='?' (DbType = Int32)], CommandType='Text', CommandTimeout='30']
      SELECT o."Id", o."Attempts", o."CreatedAt", o."Payload", o."PublishedAt", o."RoutingKey", o."Subject", o."Type"
      FROM cadastro.outbox_events AS o
      WHERE o."PublishedAt" IS NULL AND o."Attempts" < 10
      ORDER BY o."CreatedAt"
      LIMIT @__p_0
info: Microsoft.EntityFrameworkCore.Database.Command[20101]
      Executed DbCommand (171ms) [Parameters=[@__p_0='?' (DbType = Int32)], CommandType='Text', CommandTimeout='30']
      SELECT o."Id", o."Attempts", o."CreatedAt", o."Payload", o."PublishedAt", o."RoutingKey", o."Subject", o."Type"
      FROM cadastro.outbox_events AS o
      WHERE o."PublishedAt" IS NULL AND o."Attempts" < 10
      ORDER BY o."CreatedAt"
      LIMIT @__p_0
info: Microsoft.EntityFrameworkCore.Database.Command[20101]
      Executed DbCommand (171ms) [Parameters=[@__p_0='?' (DbType = Int32)], CommandType='Text', CommandTimeout='30']
      SELECT o."Id", o."Attempts", o."CreatedAt", o."Payload", o."PublishedAt", o."RoutingKey", o."Subject", o."Type"
      FROM cadastro.outbox_events AS o
      WHERE o."PublishedAt" IS NULL AND o."Attempts" < 10
      ORDER BY o."CreatedAt"
      LIMIT @__p_0
info: Microsoft.EntityFrameworkCore.Database.Command[20101]
      Executed DbCommand (171ms) [Parameters=[@__p_0='?' (DbType = Int32)], CommandType='Text', CommandTimeout='30']
      SELECT o."Id", o."Attempts", o."CreatedAt", o."Payload", o."PublishedAt", o."RoutingKey", o."Subject", o."Type"
      FROM cadastro.outbox_events AS o
      WHERE o."PublishedAt" IS NULL AND o."Attempts" < 10
      ORDER BY o."CreatedAt"
      LIMIT @__p_0
info: Microsoft.EntityFrameworkCore.Database.Command[20101]
      Executed DbCommand (171ms) [Parameters=[@__p_0='?' (DbType = Int32)], CommandType='Text', CommandTimeout='30']
      SELECT o."Id", o."Attempts", o."CreatedAt", o."Payload", o."PublishedAt", o."RoutingKey", o."Subject", o."Type"
      FROM cadastro.outbox_events AS o
      WHERE o."PublishedAt" IS NULL AND o."Attempts" < 10
      ORDER BY o."CreatedAt"
      LIMIT @__p_0
info: Microsoft.EntityFrameworkCore.Database.Command[20101]
      Executed DbCommand (170ms) [Parameters=[@__p_0='?' (DbType = Int32)], CommandType='Text', CommandTimeout='30']
      SELECT o."Id", o."Attempts", o."CreatedAt", o."Payload", o."PublishedAt", o."RoutingKey", o."Subject", o."Type"
      FROM cadastro.outbox_events AS o
      WHERE o."PublishedAt" IS NULL AND o."Attempts" < 10
      ORDER BY o."CreatedAt"
      LIMIT @__p_0
info: Microsoft.EntityFrameworkCore.Database.Command[20101]
      Executed DbCommand (172ms) [Parameters=[@__p_0='?' (DbType = Int32)], CommandType='Text', CommandTimeout='30']
      SELECT o."Id", o."Attempts", o."CreatedAt", o."Payload", o."PublishedAt", o."RoutingKey", o."Subject", o."Type"
      FROM cadastro.outbox_events AS o
      WHERE o."PublishedAt" IS NULL AND o."Attempts" < 10
      ORDER BY o."CreatedAt"
      LIMIT @__p_0
info: Microsoft.EntityFrameworkCore.Database.Command[20101]
      Executed DbCommand (172ms) [Parameters=[@__p_0='?' (DbType = Int32)], CommandType='Text', CommandTimeout='30']
      SELECT o."Id", o."Attempts", o."CreatedAt", o."Payload", o."PublishedAt", o."RoutingKey", o."Subject", o."Type"
      FROM cadastro.outbox_events AS o
      WHERE o."PublishedAt" IS NULL AND o."Attempts" < 10
      ORDER BY o."CreatedAt"
      LIMIT @__p_0
info: Microsoft.EntityFrameworkCore.Database.Command[20101]
      Executed DbCommand (172ms) [Parameters=[@__p_0='?' (DbType = Int32)], CommandType='Text', CommandTimeout='30']
      SELECT o."Id", o."Attempts", o."CreatedAt", o."Payload", o."PublishedAt", o."RoutingKey", o."Subject", o."Type"
      FROM cadastro.outbox_events AS o
      WHERE o."PublishedAt" IS NULL AND o."Attempts" < 10
      ORDER BY o."CreatedAt"
      LIMIT @__p_0
info: Microsoft.AspNetCore.Hosting.Diagnostics[1]
      Request starting HTTP/1.1 GET http://localhost:5001/api/v1/titulares?page=1&size=20&sort=nome - - -
info: Microsoft.AspNetCore.Routing.EndpointMiddleware[0]
      Executing endpoint 'HTTP: GET /api/v1/titulares/ => ListarTitulares'
info: Microsoft.EntityFrameworkCore.Database.Command[20101]
      Executed DbCommand (177ms) [Parameters=[], CommandType='Text', CommandTimeout='30']
      SELECT count(*)::int
      FROM cadastro.titulares AS t
info: Microsoft.EntityFrameworkCore.Database.Command[20101]
      Executed DbCommand (169ms) [Parameters=[@__p_1='?' (DbType = Int32), @__p_0='?' (DbType = Int32)], CommandType='Text', CommandTimeout='30']
      SELECT t0."Id", t0."AssociacaoId", t0."AtualizadoEm", t0."CaeIpi", t0."Cnpj", t0."Codigo", t0."Cpf", t0."CriadoEm", t0."Nacionalidade", t0."Nome", t0."Status", t0."Tipo", a."Id", a."Cnpj", a."Codigo", a."Nome", a."Sigla"
      FROM (
          SELECT t."Id", t."AssociacaoId", t."AtualizadoEm", t."CaeIpi", t."Cnpj", t."Codigo", t."Cpf", t."CriadoEm", t."Nacionalidade", t."Nome", t."Status", t."Tipo"
          FROM cadastro.titulares AS t
          ORDER BY t."Nome"
          LIMIT @__p_1 OFFSET @__p_0
      ) AS t0
      INNER JOIN cadastro.associacoes AS a ON t0."AssociacaoId" = a."Id"
      ORDER BY t0."Nome"
info: Microsoft.AspNetCore.Http.Result.OkObjectResult[1]
      Setting HTTP status code 200.
info: Microsoft.AspNetCore.Http.Result.OkObjectResult[3]
      Writing value of type 'TitularListResponse' as Json.
info: Microsoft.AspNetCore.Routing.EndpointMiddleware[1]
      Executed endpoint 'HTTP: GET /api/v1/titulares/ => ListarTitulares'
info: Microsoft.AspNetCore.Hosting.Diagnostics[2]
      Request finished HTTP/1.1 GET http://localhost:5001/api/v1/titulares?page=1&size=20&sort=nome - 200 - application/json;+charset=utf-8 352.1269ms
info: Microsoft.AspNetCore.Hosting.Diagnostics[1]
      Request starting HTTP/1.1 GET http://localhost:5001/api/v1/obras?page=1&size=20&sort=titulo - - -
info: Microsoft.AspNetCore.Routing.EndpointMiddleware[0]
      Executing endpoint 'HTTP: GET /api/v1/obras/'
info: Microsoft.EntityFrameworkCore.Database.Command[20101]
      Executed DbCommand (168ms) [Parameters=[], CommandType='Text', CommandTimeout='30']
      SELECT count(*)::int
      FROM cadastro.obras_musicais AS o
info: Microsoft.EntityFrameworkCore.Database.Command[20101]
      Executed DbCommand (169ms) [Parameters=[@__p_1='?' (DbType = Int32), @__p_0='?' (DbType = Int32)], CommandType='Text', CommandTimeout='30']
      SELECT o."Id", o."AtualizadoEm", o."BloqueioJustificativa", o."Codigo", o."CriadoEm", o."DominioPublico", o."Genero", o."Iswc", o."ObraDepuradaParaId", o."Status", o."Subtitulo", o."Tipo", o."Titulo"
      FROM cadastro.obras_musicais AS o
      ORDER BY o."Titulo"
      LIMIT @__p_1 OFFSET @__p_0
info: Microsoft.AspNetCore.Http.Result.OkObjectResult[1]
      Setting HTTP status code 200.
info: Microsoft.AspNetCore.Http.Result.OkObjectResult[3]
      Writing value of type 'ObraListResponse' as Json.
info: Microsoft.AspNetCore.Routing.EndpointMiddleware[1]
      Executed endpoint 'HTTP: GET /api/v1/obras/'
info: Microsoft.AspNetCore.Hosting.Diagnostics[2]
      Request finished HTTP/1.1 GET http://localhost:5001/api/v1/obras?page=1&size=20&sort=titulo - 200 - application/json;+charset=utf-8 341.8103ms
info: Microsoft.EntityFrameworkCore.Database.Command[20101]
      Executed DbCommand (174ms) [Parameters=[@__p_0='?' (DbType = Int32)], CommandType='Text', CommandTimeout='30']
      SELECT o."Id", o."Attempts", o."CreatedAt", o."Payload", o."PublishedAt", o."RoutingKey", o."Subject", o."Type"
      FROM cadastro.outbox_events AS o
      WHERE o."PublishedAt" IS NULL AND o."Attempts" < 10
      ORDER BY o."CreatedAt"
      LIMIT @__p_0
info: Microsoft.AspNetCore.Hosting.Diagnostics[1]
      Request starting HTTP/1.1 GET http://localhost:5001/api/v1/titulares?page=1&size=20&sort=nome - - -
info: Microsoft.AspNetCore.Routing.EndpointMiddleware[0]
      Executing endpoint 'HTTP: GET /api/v1/titulares/ => ListarTitulares'
info: Microsoft.EntityFrameworkCore.Database.Command[20101]
      Executed DbCommand (169ms) [Parameters=[], CommandType='Text', CommandTimeout='30']
      SELECT count(*)::int
      FROM cadastro.titulares AS t
info: Microsoft.EntityFrameworkCore.Database.Command[20101]
      Executed DbCommand (173ms) [Parameters=[@__p_1='?' (DbType = Int32), @__p_0='?' (DbType = Int32)], CommandType='Text', CommandTimeout='30']
      SELECT t0."Id", t0."AssociacaoId", t0."AtualizadoEm", t0."CaeIpi", t0."Cnpj", t0."Codigo", t0."Cpf", t0."CriadoEm", t0."Nacionalidade", t0."Nome", t0."Status", t0."Tipo", a."Id", a."Cnpj", a."Codigo", a."Nome", a."Sigla"
      FROM (
          SELECT t."Id", t."AssociacaoId", t."AtualizadoEm", t."CaeIpi", t."Cnpj", t."Codigo", t."Cpf", t."CriadoEm", t."Nacionalidade", t."Nome", t."Status", t."Tipo"
          FROM cadastro.titulares AS t
          ORDER BY t."Nome"
          LIMIT @__p_1 OFFSET @__p_0
      ) AS t0
      INNER JOIN cadastro.associacoes AS a ON t0."AssociacaoId" = a."Id"
      ORDER BY t0."Nome"
info: Microsoft.AspNetCore.Http.Result.OkObjectResult[1]
      Setting HTTP status code 200.
info: Microsoft.AspNetCore.Http.Result.OkObjectResult[3]
      Writing value of type 'TitularListResponse' as Json.
info: Microsoft.AspNetCore.Routing.EndpointMiddleware[1]
      Executed endpoint 'HTTP: GET /api/v1/titulares/ => ListarTitulares'
info: Microsoft.AspNetCore.Hosting.Diagnostics[2]
      Request finished HTTP/1.1 GET http://localhost:5001/api/v1/titulares?page=1&size=20&sort=nome - 200 - application/json;+charset=utf-8 347.8786ms
info: Microsoft.AspNetCore.Hosting.Diagnostics[1]
      Request starting HTTP/1.1 GET http://localhost:5001/api/v1/fonogramas?page=1&size=20&sort=isrc - - -
info: Microsoft.AspNetCore.Routing.EndpointMiddleware[0]
      Executing endpoint 'HTTP: GET /api/v1/fonogramas/'
info: Microsoft.EntityFrameworkCore.Database.Command[20101]
      Executed DbCommand (171ms) [Parameters=[], CommandType='Text', CommandTimeout='30']
      SELECT count(*)::int
      FROM cadastro.fonogramas AS f
info: Microsoft.EntityFrameworkCore.Database.Command[20101]
      Executed DbCommand (173ms) [Parameters=[@__p_1='?' (DbType = Int32), @__p_0='?' (DbType = Int32)], CommandType='Text', CommandTimeout='30']
      SELECT f0."Id", f0."AtualizadoEm", f0."BloqueioJustificativa", f0."Codigo", f0."CriadoEm", f0."DataGravacao", f0."DataLancamento", f0."FonogramaDepuradoParaId", f0."Isrc", f0."ObraId", f0."PaisOrigem", f0."PercentuaisDesatualizados", f0."Status", f0."UrlAudio", o."Id", o."AtualizadoEm", o."BloqueioJustificativa", o."Codigo", o."CriadoEm", o."DominioPublico", o."Genero", o."Iswc", o."ObraDepuradaParaId", o."Status", o."Subtitulo", o."Tipo", o."Titulo"
      FROM (
          SELECT f."Id", f."AtualizadoEm", f."BloqueioJustificativa", f."Codigo", f."CriadoEm", f."DataGravacao", f."DataLancamento", f."FonogramaDepuradoParaId", f."Isrc", f."ObraId", f."PaisOrigem", f."PercentuaisDesatualizados", f."Status", f."UrlAudio"
          FROM cadastro.fonogramas AS f
          ORDER BY f."Isrc"
          LIMIT @__p_1 OFFSET @__p_0
      ) AS f0
      INNER JOIN cadastro.obras_musicais AS o ON f0."ObraId" = o."Id"
      ORDER BY f0."Isrc"
info: Microsoft.AspNetCore.Http.Result.OkObjectResult[1]
      Setting HTTP status code 200.
info: Microsoft.AspNetCore.Http.Result.OkObjectResult[3]
      Writing value of type 'FonogramaListResponse' as Json.
info: Microsoft.AspNetCore.Routing.EndpointMiddleware[1]
      Executed endpoint 'HTTP: GET /api/v1/fonogramas/'
info: Microsoft.AspNetCore.Hosting.Diagnostics[2]
      Request finished HTTP/1.1 GET http://localhost:5001/api/v1/fonogramas?page=1&size=20&sort=isrc - 200 - application/json;+charset=utf-8 349.1539ms
info: Microsoft.EntityFrameworkCore.Database.Command[20101]
      Executed DbCommand (169ms) [Parameters=[@__p_0='?' (DbType = Int32)], CommandType='Text', CommandTimeout='30']
      SELECT o."Id", o."Attempts", o."CreatedAt", o."Payload", o."PublishedAt", o."RoutingKey", o."Subject", o."Type"
      FROM cadastro.outbox_events AS o
      WHERE o."PublishedAt" IS NULL AND o."Attempts" < 10
      ORDER BY o."CreatedAt"
      LIMIT @__p_0
info: Microsoft.EntityFrameworkCore.Database.Command[20101]
      Executed DbCommand (170ms) [Parameters=[@__p_0='?' (DbType = Int32)], CommandType='Text', CommandTimeout='30']
      SELECT o."Id", o."Attempts", o."CreatedAt", o."Payload", o."PublishedAt", o."RoutingKey", o."Subject", o."Type"
      FROM cadastro.outbox_events AS o
      WHERE o."PublishedAt" IS NULL AND o."Attempts" < 10
      ORDER BY o."CreatedAt"
      LIMIT @__p_0
info: Microsoft.EntityFrameworkCore.Database.Command[20101]
      Executed DbCommand (171ms) [Parameters=[@__p_0='?' (DbType = Int32)], CommandType='Text', CommandTimeout='30']
      SELECT o."Id", o."Attempts", o."CreatedAt", o."Payload", o."PublishedAt", o."RoutingKey", o."Subject", o."Type"
      FROM cadastro.outbox_events AS o
      WHERE o."PublishedAt" IS NULL AND o."Attempts" < 10
      ORDER BY o."CreatedAt"
      LIMIT @__p_0
info: Microsoft.EntityFrameworkCore.Database.Command[20101]
      Executed DbCommand (172ms) [Parameters=[@__p_0='?' (DbType = Int32)], CommandType='Text', CommandTimeout='30']
      SELECT o."Id", o."Attempts", o."CreatedAt", o."Payload", o."PublishedAt", o."RoutingKey", o."Subject", o."Type"
      FROM cadastro.outbox_events AS o
      WHERE o."PublishedAt" IS NULL AND o."Attempts" < 10
      ORDER BY o."CreatedAt"
      LIMIT @__p_0
info: Microsoft.EntityFrameworkCore.Database.Command[20101]
      Executed DbCommand (169ms) [Parameters=[@__p_0='?' (DbType = Int32)], CommandType='Text', CommandTimeout='30']
      SELECT o."Id", o."Attempts", o."CreatedAt", o."Payload", o."PublishedAt", o."RoutingKey", o."Subject", o."Type"
      FROM cadastro.outbox_events AS o
      WHERE o."PublishedAt" IS NULL AND o."Attempts" < 10
      ORDER BY o."CreatedAt"
      LIMIT @__p_0
info: Microsoft.EntityFrameworkCore.Database.Command[20101]
      Executed DbCommand (171ms) [Parameters=[@__p_0='?' (DbType = Int32)], CommandType='Text', CommandTimeout='30']
      SELECT o."Id", o."Attempts", o."CreatedAt", o."Payload", o."PublishedAt", o."RoutingKey", o."Subject", o."Type"
      FROM cadastro.outbox_events AS o
      WHERE o."PublishedAt" IS NULL AND o."Attempts" < 10
      ORDER BY o."CreatedAt"
      LIMIT @__p_0
info: Microsoft.EntityFrameworkCore.Database.Command[20101]
      Executed DbCommand (170ms) [Parameters=[@__p_0='?' (DbType = Int32)], CommandType='Text', CommandTimeout='30']
      SELECT o."Id", o."Attempts", o."CreatedAt", o."Payload", o."PublishedAt", o."RoutingKey", o."Subject", o."Type"
      FROM cadastro.outbox_events AS o
      WHERE o."PublishedAt" IS NULL AND o."Attempts" < 10
      ORDER BY o."CreatedAt"
      LIMIT @__p_0
info: Microsoft.EntityFrameworkCore.Database.Command[20101]
      Executed DbCommand (169ms) [Parameters=[@__p_0='?' (DbType = Int32)], CommandType='Text', CommandTimeout='30']
      SELECT o."Id", o."Attempts", o."CreatedAt", o."Payload", o."PublishedAt", o."RoutingKey", o."Subject", o."Type"
      FROM cadastro.outbox_events AS o
      WHERE o."PublishedAt" IS NULL AND o."Attempts" < 10
      ORDER BY o."CreatedAt"
      LIMIT @__p_0
info: Microsoft.EntityFrameworkCore.Database.Command[20101]
      Executed DbCommand (171ms) [Parameters=[@__p_0='?' (DbType = Int32)], CommandType='Text', CommandTimeout='30']
      SELECT o."Id", o."Attempts", o."CreatedAt", o."Payload", o."PublishedAt", o."RoutingKey", o."Subject", o."Type"
      FROM cadastro.outbox_events AS o
      WHERE o."PublishedAt" IS NULL AND o."Attempts" < 10
      ORDER BY o."CreatedAt"
      LIMIT @__p_0
info: Microsoft.EntityFrameworkCore.Database.Command[20101]
      Executed DbCommand (172ms) [Parameters=[@__p_0='?' (DbType = Int32)], CommandType='Text', CommandTimeout='30']
      SELECT o."Id", o."Attempts", o."CreatedAt", o."Payload", o."PublishedAt", o."RoutingKey", o."Subject", o."Type"
      FROM cadastro.outbox_events AS o
      WHERE o."PublishedAt" IS NULL AND o."Attempts" < 10
      ORDER BY o."CreatedAt"
      LIMIT @__p_0
info: Microsoft.EntityFrameworkCore.Database.Command[20101]
      Executed DbCommand (170ms) [Parameters=[@__p_0='?' (DbType = Int32)], CommandType='Text', CommandTimeout='30']
      SELECT o."Id", o."Attempts", o."CreatedAt", o."Payload", o."PublishedAt", o."RoutingKey", o."Subject", o."Type"
      FROM cadastro.outbox_events AS o
      WHERE o."PublishedAt" IS NULL AND o."Attempts" < 10
      ORDER BY o."CreatedAt"
      LIMIT @__p_0
info: Microsoft.EntityFrameworkCore.Database.Command[20101]
      Executed DbCommand (171ms) [Parameters=[@__p_0='?' (DbType = Int32)], CommandType='Text', CommandTimeout='30']
      SELECT o."Id", o."Attempts", o."CreatedAt", o."Payload", o."PublishedAt", o."RoutingKey", o."Subject", o."Type"
      FROM cadastro.outbox_events AS o
      WHERE o."PublishedAt" IS NULL AND o."Attempts" < 10
      ORDER BY o."CreatedAt"
      LIMIT @__p_0
info: Microsoft.EntityFrameworkCore.Database.Command[20101]
      Executed DbCommand (172ms) [Parameters=[@__p_0='?' (DbType = Int32)], CommandType='Text', CommandTimeout='30']
      SELECT o."Id", o."Attempts", o."CreatedAt", o."Payload", o."PublishedAt", o."RoutingKey", o."Subject", o."Type"
      FROM cadastro.outbox_events AS o
      WHERE o."PublishedAt" IS NULL AND o."Attempts" < 10
      ORDER BY o."CreatedAt"
      LIMIT @__p_0
info: Microsoft.EntityFrameworkCore.Database.Command[20101]
      Executed DbCommand (172ms) [Parameters=[@__p_0='?' (DbType = Int32)], CommandType='Text', CommandTimeout='30']
      SELECT o."Id", o."Attempts", o."CreatedAt", o."Payload", o."PublishedAt", o."RoutingKey", o."Subject", o."Type"
      FROM cadastro.outbox_events AS o
      WHERE o."PublishedAt" IS NULL AND o."Attempts" < 10
      ORDER BY o."CreatedAt"
      LIMIT @__p_0
info: Microsoft.EntityFrameworkCore.Database.Command[20101]
      Executed DbCommand (171ms) [Parameters=[@__p_0='?' (DbType = Int32)], CommandType='Text', CommandTimeout='30']
      SELECT o."Id", o."Attempts", o."CreatedAt", o."Payload", o."PublishedAt", o."RoutingKey", o."Subject", o."Type"
      FROM cadastro.outbox_events AS o
      WHERE o."PublishedAt" IS NULL AND o."Attempts" < 10
      ORDER BY o."CreatedAt"
      LIMIT @__p_0
info: Microsoft.EntityFrameworkCore.Database.Command[20101]
      Executed DbCommand (174ms) [Parameters=[@__p_0='?' (DbType = Int32)], CommandType='Text', CommandTimeout='30']
      SELECT o."Id", o."Attempts", o."CreatedAt", o."Payload", o."PublishedAt", o."RoutingKey", o."Subject", o."Type"
      FROM cadastro.outbox_events AS o
      WHERE o."PublishedAt" IS NULL AND o."Attempts" < 10
      ORDER BY o."CreatedAt"
      LIMIT @__p_0
info: Microsoft.EntityFrameworkCore.Database.Command[20101]
      Executed DbCommand (172ms) [Parameters=[@__p_0='?' (DbType = Int32)], CommandType='Text', CommandTimeout='30']
      SELECT o."Id", o."Attempts", o."CreatedAt", o."Payload", o."PublishedAt", o."RoutingKey", o."Subject", o."Type"
      FROM cadastro.outbox_events AS o
      WHERE o."PublishedAt" IS NULL AND o."Attempts" < 10
      ORDER BY o."CreatedAt"
      LIMIT @__p_0
info: Microsoft.EntityFrameworkCore.Database.Command[20101]
      Executed DbCommand (172ms) [Parameters=[@__p_0='?' (DbType = Int32)], CommandType='Text', CommandTimeout='30']
      SELECT o."Id", o."Attempts", o."CreatedAt", o."Payload", o."PublishedAt", o."RoutingKey", o."Subject", o."Type"
      FROM cadastro.outbox_events AS o
      WHERE o."PublishedAt" IS NULL AND o."Attempts" < 10
      ORDER BY o."CreatedAt"
      LIMIT @__p_0
info: Microsoft.EntityFrameworkCore.Database.Command[20101]
      Executed DbCommand (171ms) [Parameters=[@__p_0='?' (DbType = Int32)], CommandType='Text', CommandTimeout='30']
      SELECT o."Id", o."Attempts", o."CreatedAt", o."Payload", o."PublishedAt", o."RoutingKey", o."Subject", o."Type"
      FROM cadastro.outbox_events AS o
      WHERE o."PublishedAt" IS NULL AND o."Attempts" < 10
      ORDER BY o."CreatedAt"
      LIMIT @__p_0
info: Microsoft.EntityFrameworkCore.Database.Command[20101]
      Executed DbCommand (171ms) [Parameters=[@__p_0='?' (DbType = Int32)], CommandType='Text', CommandTimeout='30']
      SELECT o."Id", o."Attempts", o."CreatedAt", o."Payload", o."PublishedAt", o."RoutingKey", o."Subject", o."Type"
      FROM cadastro.outbox_events AS o
      WHERE o."PublishedAt" IS NULL AND o."Attempts" < 10
      ORDER BY o."CreatedAt"
      LIMIT @__p_0
info: Microsoft.EntityFrameworkCore.Database.Command[20101]
      Executed DbCommand (169ms) [Parameters=[@__p_0='?' (DbType = Int32)], CommandType='Text', CommandTimeout='30']
      SELECT o."Id", o."Attempts", o."CreatedAt", o."Payload", o."PublishedAt", o."RoutingKey", o."Subject", o."Type"
      FROM cadastro.outbox_events AS o
      WHERE o."PublishedAt" IS NULL AND o."Attempts" < 10
      ORDER BY o."CreatedAt"
      LIMIT @__p_0
info: Microsoft.EntityFrameworkCore.Database.Command[20101]
      Executed DbCommand (171ms) [Parameters=[@__p_0='?' (DbType = Int32)], CommandType='Text', CommandTimeout='30']
      SELECT o."Id", o."Attempts", o."CreatedAt", o."Payload", o."PublishedAt", o."RoutingKey", o."Subject", o."Type"
      FROM cadastro.outbox_events AS o
      WHERE o."PublishedAt" IS NULL AND o."Attempts" < 10
      ORDER BY o."CreatedAt"
      LIMIT @__p_0
info: Microsoft.EntityFrameworkCore.Database.Command[20101]
      Executed DbCommand (170ms) [Parameters=[@__p_0='?' (DbType = Int32)], CommandType='Text', CommandTimeout='30']
      SELECT o."Id", o."Attempts", o."CreatedAt", o."Payload", o."PublishedAt", o."RoutingKey", o."Subject", o."Type"
      FROM cadastro.outbox_events AS o
      WHERE o."PublishedAt" IS NULL AND o."Attempts" < 10
      ORDER BY o."CreatedAt"
      LIMIT @__p_0
info: Microsoft.EntityFrameworkCore.Database.Command[20101]
      Executed DbCommand (172ms) [Parameters=[@__p_0='?' (DbType = Int32)], CommandType='Text', CommandTimeout='30']
      SELECT o."Id", o."Attempts", o."CreatedAt", o."Payload", o."PublishedAt", o."RoutingKey", o."Subject", o."Type"
      FROM cadastro.outbox_events AS o
      WHERE o."PublishedAt" IS NULL AND o."Attempts" < 10
      ORDER BY o."CreatedAt"
      LIMIT @__p_0
info: Microsoft.EntityFrameworkCore.Database.Command[20101]
      Executed DbCommand (169ms) [Parameters=[@__p_0='?' (DbType = Int32)], CommandType='Text', CommandTimeout='30']
      SELECT o."Id", o."Attempts", o."CreatedAt", o."Payload", o."PublishedAt", o."RoutingKey", o."Subject", o."Type"
      FROM cadastro.outbox_events AS o
      WHERE o."PublishedAt" IS NULL AND o."Attempts" < 10
      ORDER BY o."CreatedAt"
      LIMIT @__p_0
info: Microsoft.EntityFrameworkCore.Database.Command[20101]
      Executed DbCommand (172ms) [Parameters=[@__p_0='?' (DbType = Int32)], CommandType='Text', CommandTimeout='30']
      SELECT o."Id", o."Attempts", o."CreatedAt", o."Payload", o."PublishedAt", o."RoutingKey", o."Subject", o."Type"
      FROM cadastro.outbox_events AS o
      WHERE o."PublishedAt" IS NULL AND o."Attempts" < 10
      ORDER BY o."CreatedAt"
      LIMIT @__p_0
info: Microsoft.EntityFrameworkCore.Database.Command[20101]
      Executed DbCommand (172ms) [Parameters=[@__p_0='?' (DbType = Int32)], CommandType='Text', CommandTimeout='30']
      SELECT o."Id", o."Attempts", o."CreatedAt", o."Payload", o."PublishedAt", o."RoutingKey", o."Subject", o."Type"
      FROM cadastro.outbox_events AS o
      WHERE o."PublishedAt" IS NULL AND o."Attempts" < 10
      ORDER BY o."CreatedAt"
      LIMIT @__p_0
info: Microsoft.EntityFrameworkCore.Database.Command[20101]
      Executed DbCommand (171ms) [Parameters=[@__p_0='?' (DbType = Int32)], CommandType='Text', CommandTimeout='30']
      SELECT o."Id", o."Attempts", o."CreatedAt", o."Payload", o."PublishedAt", o."RoutingKey", o."Subject", o."Type"
      FROM cadastro.outbox_events AS o
      WHERE o."PublishedAt" IS NULL AND o."Attempts" < 10
      ORDER BY o."CreatedAt"
      LIMIT @__p_0
info: Microsoft.EntityFrameworkCore.Database.Command[20101]
      Executed DbCommand (172ms) [Parameters=[@__p_0='?' (DbType = Int32)], CommandType='Text', CommandTimeout='30']
      SELECT o."Id", o."Attempts", o."CreatedAt", o."Payload", o."PublishedAt", o."RoutingKey", o."Subject", o."Type"
      FROM cadastro.outbox_events AS o
      WHERE o."PublishedAt" IS NULL AND o."Attempts" < 10
      ORDER BY o."CreatedAt"
      LIMIT @__p_0
info: Microsoft.EntityFrameworkCore.Database.Command[20101]
      Executed DbCommand (169ms) [Parameters=[@__p_0='?' (DbType = Int32)], CommandType='Text', CommandTimeout='30']
      SELECT o."Id", o."Attempts", o."CreatedAt", o."Payload", o."PublishedAt", o."RoutingKey", o."Subject", o."Type"
      FROM cadastro.outbox_events AS o
      WHERE o."PublishedAt" IS NULL AND o."Attempts" < 10
      ORDER BY o."CreatedAt"
      LIMIT @__p_0
info: Microsoft.EntityFrameworkCore.Database.Command[20101]
      Executed DbCommand (171ms) [Parameters=[@__p_0='?' (DbType = Int32)], CommandType='Text', CommandTimeout='30']
      SELECT o."Id", o."Attempts", o."CreatedAt", o."Payload", o."PublishedAt", o."RoutingKey", o."Subject", o."Type"
      FROM cadastro.outbox_events AS o
      WHERE o."PublishedAt" IS NULL AND o."Attempts" < 10
      ORDER BY o."CreatedAt"
      LIMIT @__p_0
info: Microsoft.EntityFrameworkCore.Database.Command[20101]
      Executed DbCommand (169ms) [Parameters=[@__p_0='?' (DbType = Int32)], CommandType='Text', CommandTimeout='30']
      SELECT o."Id", o."Attempts", o."CreatedAt", o."Payload", o."PublishedAt", o."RoutingKey", o."Subject", o."Type"
      FROM cadastro.outbox_events AS o
      WHERE o."PublishedAt" IS NULL AND o."Attempts" < 10
      ORDER BY o."CreatedAt"
      LIMIT @__p_0
info: Microsoft.EntityFrameworkCore.Database.Command[20101]
      Executed DbCommand (171ms) [Parameters=[@__p_0='?' (DbType = Int32)], CommandType='Text', CommandTimeout='30']
      SELECT o."Id", o."Attempts", o."CreatedAt", o."Payload", o."PublishedAt", o."RoutingKey", o."Subject", o."Type"
      FROM cadastro.outbox_events AS o
      WHERE o."PublishedAt" IS NULL AND o."Attempts" < 10
      ORDER BY o."CreatedAt"
      LIMIT @__p_0
info: Microsoft.EntityFrameworkCore.Database.Command[20101]
      Executed DbCommand (198ms) [Parameters=[@__p_0='?' (DbType = Int32)], CommandType='Text', CommandTimeout='30']
      SELECT o."Id", o."Attempts", o."CreatedAt", o."Payload", o."PublishedAt", o."RoutingKey", o."Subject", o."Type"
      FROM cadastro.outbox_events AS o
      WHERE o."PublishedAt" IS NULL AND o."Attempts" < 10
      ORDER BY o."CreatedAt"
      LIMIT @__p_0
info: Microsoft.EntityFrameworkCore.Database.Command[20101]
      Executed DbCommand (171ms) [Parameters=[@__p_0='?' (DbType = Int32)], CommandType='Text', CommandTimeout='30']
      SELECT o."Id", o."Attempts", o."CreatedAt", o."Payload", o."PublishedAt", o."RoutingKey", o."Subject", o."Type"
      FROM cadastro.outbox_events AS o
      WHERE o."PublishedAt" IS NULL AND o."Attempts" < 10
      ORDER BY o."CreatedAt"
      LIMIT @__p_0
info: Microsoft.EntityFrameworkCore.Database.Command[20101]
      Executed DbCommand (171ms) [Parameters=[@__p_0='?' (DbType = Int32)], CommandType='Text', CommandTimeout='30']
      SELECT o."Id", o."Attempts", o."CreatedAt", o."Payload", o."PublishedAt", o."RoutingKey", o."Subject", o."Type"
      FROM cadastro.outbox_events AS o
      WHERE o."PublishedAt" IS NULL AND o."Attempts" < 10
      ORDER BY o."CreatedAt"
      LIMIT @__p_0
info: Microsoft.EntityFrameworkCore.Database.Command[20101]
      Executed DbCommand (170ms) [Parameters=[@__p_0='?' (DbType = Int32)], CommandType='Text', CommandTimeout='30']
      SELECT o."Id", o."Attempts", o."CreatedAt", o."Payload", o."PublishedAt", o."RoutingKey", o."Subject", o."Type"
      FROM cadastro.outbox_events AS o
      WHERE o."PublishedAt" IS NULL AND o."Attempts" < 10
      ORDER BY o."CreatedAt"
      LIMIT @__p_0
info: Microsoft.EntityFrameworkCore.Database.Command[20101]
      Executed DbCommand (171ms) [Parameters=[@__p_0='?' (DbType = Int32)], CommandType='Text', CommandTimeout='30']
      SELECT o."Id", o."Attempts", o."CreatedAt", o."Payload", o."PublishedAt", o."RoutingKey", o."Subject", o."Type"
      FROM cadastro.outbox_events AS o
      WHERE o."PublishedAt" IS NULL AND o."Attempts" < 10
      ORDER BY o."CreatedAt"
      LIMIT @__p_0
info: Microsoft.EntityFrameworkCore.Database.Command[20101]
      Executed DbCommand (173ms) [Parameters=[@__p_0='?' (DbType = Int32)], CommandType='Text', CommandTimeout='30']
      SELECT o."Id", o."Attempts", o."CreatedAt", o."Payload", o."PublishedAt", o."RoutingKey", o."Subject", o."Type"
      FROM cadastro.outbox_events AS o
      WHERE o."PublishedAt" IS NULL AND o."Attempts" < 10
      ORDER BY o."CreatedAt"
      LIMIT @__p_0
info: Microsoft.EntityFrameworkCore.Database.Command[20101]
      Executed DbCommand (172ms) [Parameters=[@__p_0='?' (DbType = Int32)], CommandType='Text', CommandTimeout='30']
      SELECT o."Id", o."Attempts", o."CreatedAt", o."Payload", o."PublishedAt", o."RoutingKey", o."Subject", o."Type"
      FROM cadastro.outbox_events AS o
      WHERE o."PublishedAt" IS NULL AND o."Attempts" < 10
      ORDER BY o."CreatedAt"
      LIMIT @__p_0
info: Microsoft.EntityFrameworkCore.Database.Command[20101]
      Executed DbCommand (171ms) [Parameters=[@__p_0='?' (DbType = Int32)], CommandType='Text', CommandTimeout='30']
      SELECT o."Id", o."Attempts", o."CreatedAt", o."Payload", o."PublishedAt", o."RoutingKey", o."Subject", o."Type"
      FROM cadastro.outbox_events AS o
      WHERE o."PublishedAt" IS NULL AND o."Attempts" < 10
      ORDER BY o."CreatedAt"
      LIMIT @__p_0
info: Microsoft.EntityFrameworkCore.Database.Command[20101]
      Executed DbCommand (171ms) [Parameters=[@__p_0='?' (DbType = Int32)], CommandType='Text', CommandTimeout='30']
      SELECT o."Id", o."Attempts", o."CreatedAt", o."Payload", o."PublishedAt", o."RoutingKey", o."Subject", o."Type"
      FROM cadastro.outbox_events AS o
      WHERE o."PublishedAt" IS NULL AND o."Attempts" < 10
      ORDER BY o."CreatedAt"
      LIMIT @__p_0
info: Microsoft.EntityFrameworkCore.Database.Command[20101]
      Executed DbCommand (174ms) [Parameters=[@__p_0='?' (DbType = Int32)], CommandType='Text', CommandTimeout='30']
      SELECT o."Id", o."Attempts", o."CreatedAt", o."Payload", o."PublishedAt", o."RoutingKey", o."Subject", o."Type"
      FROM cadastro.outbox_events AS o
      WHERE o."PublishedAt" IS NULL AND o."Attempts" < 10
      ORDER BY o."CreatedAt"
      LIMIT @__p_0
info: Microsoft.EntityFrameworkCore.Database.Command[20101]
      Executed DbCommand (172ms) [Parameters=[@__p_0='?' (DbType = Int32)], CommandType='Text', CommandTimeout='30']
      SELECT o."Id", o."Attempts", o."CreatedAt", o."Payload", o."PublishedAt", o."RoutingKey", o."Subject", o."Type"
      FROM cadastro.outbox_events AS o
      WHERE o."PublishedAt" IS NULL AND o."Attempts" < 10
      ORDER BY o."CreatedAt"
      LIMIT @__p_0
info: Microsoft.EntityFrameworkCore.Database.Command[20101]
      Executed DbCommand (172ms) [Parameters=[@__p_0='?' (DbType = Int32)], CommandType='Text', CommandTimeout='30']
      SELECT o."Id", o."Attempts", o."CreatedAt", o."Payload", o."PublishedAt", o."RoutingKey", o."Subject", o."Type"
      FROM cadastro.outbox_events AS o
      WHERE o."PublishedAt" IS NULL AND o."Attempts" < 10
      ORDER BY o."CreatedAt"
      LIMIT @__p_0
info: Microsoft.EntityFrameworkCore.Database.Command[20101]
      Executed DbCommand (171ms) [Parameters=[@__p_0='?' (DbType = Int32)], CommandType='Text', CommandTimeout='30']
      SELECT o."Id", o."Attempts", o."CreatedAt", o."Payload", o."PublishedAt", o."RoutingKey", o."Subject", o."Type"
      FROM cadastro.outbox_events AS o
      WHERE o."PublishedAt" IS NULL AND o."Attempts" < 10
      ORDER BY o."CreatedAt"
      LIMIT @__p_0
info: Microsoft.EntityFrameworkCore.Database.Command[20101]
      Executed DbCommand (171ms) [Parameters=[@__p_0='?' (DbType = Int32)], CommandType='Text', CommandTimeout='30']
      SELECT o."Id", o."Attempts", o."CreatedAt", o."Payload", o."PublishedAt", o."RoutingKey", o."Subject", o."Type"
      FROM cadastro.outbox_events AS o
      WHERE o."PublishedAt" IS NULL AND o."Attempts" < 10
      ORDER BY o."CreatedAt"
      LIMIT @__p_0
info: Microsoft.EntityFrameworkCore.Database.Command[20101]
      Executed DbCommand (171ms) [Parameters=[@__p_0='?' (DbType = Int32)], CommandType='Text', CommandTimeout='30']
      SELECT o."Id", o."Attempts", o."CreatedAt", o."Payload", o."PublishedAt", o."RoutingKey", o."Subject", o."Type"
      FROM cadastro.outbox_events AS o
      WHERE o."PublishedAt" IS NULL AND o."Attempts" < 10
      ORDER BY o."CreatedAt"
      LIMIT @__p_0
info: Microsoft.EntityFrameworkCore.Database.Command[20101]
      Executed DbCommand (172ms) [Parameters=[@__p_0='?' (DbType = Int32)], CommandType='Text', CommandTimeout='30']
      SELECT o."Id", o."Attempts", o."CreatedAt", o."Payload", o."PublishedAt", o."RoutingKey", o."Subject", o."Type"
      FROM cadastro.outbox_events AS o
      WHERE o."PublishedAt" IS NULL AND o."Attempts" < 10
      ORDER BY o."CreatedAt"
      LIMIT @__p_0
info: Microsoft.EntityFrameworkCore.Database.Command[20101]
      Executed DbCommand (170ms) [Parameters=[@__p_0='?' (DbType = Int32)], CommandType='Text', CommandTimeout='30']
      SELECT o."Id", o."Attempts", o."CreatedAt", o."Payload", o."PublishedAt", o."RoutingKey", o."Subject", o."Type"
      FROM cadastro.outbox_events AS o
      WHERE o."PublishedAt" IS NULL AND o."Attempts" < 10
      ORDER BY o."CreatedAt"
      LIMIT @__p_0
info: Microsoft.EntityFrameworkCore.Database.Command[20101]
      Executed DbCommand (170ms) [Parameters=[@__p_0='?' (DbType = Int32)], CommandType='Text', CommandTimeout='30']
      SELECT o."Id", o."Attempts", o."CreatedAt", o."Payload", o."PublishedAt", o."RoutingKey", o."Subject", o."Type"
      FROM cadastro.outbox_events AS o
      WHERE o."PublishedAt" IS NULL AND o."Attempts" < 10
      ORDER BY o."CreatedAt"
      LIMIT @__p_0
info: Microsoft.EntityFrameworkCore.Database.Command[20101]
      Executed DbCommand (172ms) [Parameters=[@__p_0='?' (DbType = Int32)], CommandType='Text', CommandTimeout='30']
      SELECT o."Id", o."Attempts", o."CreatedAt", o."Payload", o."PublishedAt", o."RoutingKey", o."Subject", o."Type"
      FROM cadastro.outbox_events AS o
      WHERE o."PublishedAt" IS NULL AND o."Attempts" < 10
      ORDER BY o."CreatedAt"
      LIMIT @__p_0
info: Microsoft.EntityFrameworkCore.Database.Command[20101]
      Executed DbCommand (171ms) [Parameters=[@__p_0='?' (DbType = Int32)], CommandType='Text', CommandTimeout='30']
      SELECT o."Id", o."Attempts", o."CreatedAt", o."Payload", o."PublishedAt", o."RoutingKey", o."Subject", o."Type"
      FROM cadastro.outbox_events AS o
      WHERE o."PublishedAt" IS NULL AND o."Attempts" < 10
      ORDER BY o."CreatedAt"
      LIMIT @__p_0
info: Microsoft.EntityFrameworkCore.Database.Command[20101]
      Executed DbCommand (171ms) [Parameters=[@__p_0='?' (DbType = Int32)], CommandType='Text', CommandTimeout='30']
      SELECT o."Id", o."Attempts", o."CreatedAt", o."Payload", o."PublishedAt", o."RoutingKey", o."Subject", o."Type"
      FROM cadastro.outbox_events AS o
      WHERE o."PublishedAt" IS NULL AND o."Attempts" < 10
      ORDER BY o."CreatedAt"
      LIMIT @__p_0
info: Microsoft.EntityFrameworkCore.Database.Command[20101]
      Executed DbCommand (172ms) [Parameters=[@__p_0='?' (DbType = Int32)], CommandType='Text', CommandTimeout='30']
      SELECT o."Id", o."Attempts", o."CreatedAt", o."Payload", o."PublishedAt", o."RoutingKey", o."Subject", o."Type"
      FROM cadastro.outbox_events AS o
      WHERE o."PublishedAt" IS NULL AND o."Attempts" < 10
      ORDER BY o."CreatedAt"
      LIMIT @__p_0
info: Microsoft.EntityFrameworkCore.Database.Command[20101]
      Executed DbCommand (171ms) [Parameters=[@__p_0='?' (DbType = Int32)], CommandType='Text', CommandTimeout='30']
      SELECT o."Id", o."Attempts", o."CreatedAt", o."Payload", o."PublishedAt", o."RoutingKey", o."Subject", o."Type"
      FROM cadastro.outbox_events AS o
      WHERE o."PublishedAt" IS NULL AND o."Attempts" < 10
      ORDER BY o."CreatedAt"
      LIMIT @__p_0
info: Microsoft.EntityFrameworkCore.Database.Command[20101]
      Executed DbCommand (171ms) [Parameters=[@__p_0='?' (DbType = Int32)], CommandType='Text', CommandTimeout='30']
      SELECT o."Id", o."Attempts", o."CreatedAt", o."Payload", o."PublishedAt", o."RoutingKey", o."Subject", o."Type"
      FROM cadastro.outbox_events AS o
      WHERE o."PublishedAt" IS NULL AND o."Attempts" < 10
      ORDER BY o."CreatedAt"
      LIMIT @__p_0
info: Microsoft.EntityFrameworkCore.Database.Command[20101]
      Executed DbCommand (171ms) [Parameters=[@__p_0='?' (DbType = Int32)], CommandType='Text', CommandTimeout='30']
      SELECT o."Id", o."Attempts", o."CreatedAt", o."Payload", o."PublishedAt", o."RoutingKey", o."Subject", o."Type"
      FROM cadastro.outbox_events AS o
      WHERE o."PublishedAt" IS NULL AND o."Attempts" < 10
      ORDER BY o."CreatedAt"
      LIMIT @__p_0
info: Microsoft.EntityFrameworkCore.Database.Command[20101]
      Executed DbCommand (170ms) [Parameters=[@__p_0='?' (DbType = Int32)], CommandType='Text', CommandTimeout='30']
      SELECT o."Id", o."Attempts", o."CreatedAt", o."Payload", o."PublishedAt", o."RoutingKey", o."Subject", o."Type"
      FROM cadastro.outbox_events AS o
      WHERE o."PublishedAt" IS NULL AND o."Attempts" < 10
      ORDER BY o."CreatedAt"
      LIMIT @__p_0
info: Microsoft.EntityFrameworkCore.Database.Command[20101]
      Executed DbCommand (170ms) [Parameters=[@__p_0='?' (DbType = Int32)], CommandType='Text', CommandTimeout='30']
      SELECT o."Id", o."Attempts", o."CreatedAt", o."Payload", o."PublishedAt", o."RoutingKey", o."Subject", o."Type"
      FROM cadastro.outbox_events AS o
      WHERE o."PublishedAt" IS NULL AND o."Attempts" < 10
      ORDER BY o."CreatedAt"
      LIMIT @__p_0
info: Microsoft.EntityFrameworkCore.Database.Command[20101]
      Executed DbCommand (171ms) [Parameters=[@__p_0='?' (DbType = Int32)], CommandType='Text', CommandTimeout='30']
      SELECT o."Id", o."Attempts", o."CreatedAt", o."Payload", o."PublishedAt", o."RoutingKey", o."Subject", o."Type"
      FROM cadastro.outbox_events AS o
      WHERE o."PublishedAt" IS NULL AND o."Attempts" < 10
      ORDER BY o."CreatedAt"
      LIMIT @__p_0
info: Microsoft.EntityFrameworkCore.Database.Command[20101]
      Executed DbCommand (172ms) [Parameters=[@__p_0='?' (DbType = Int32)], CommandType='Text', CommandTimeout='30']
      SELECT o."Id", o."Attempts", o."CreatedAt", o."Payload", o."PublishedAt", o."RoutingKey", o."Subject", o."Type"
      FROM cadastro.outbox_events AS o
      WHERE o."PublishedAt" IS NULL AND o."Attempts" < 10
      ORDER BY o."CreatedAt"
      LIMIT @__p_0
info: Microsoft.EntityFrameworkCore.Database.Command[20101]
      Executed DbCommand (170ms) [Parameters=[@__p_0='?' (DbType = Int32)], CommandType='Text', CommandTimeout='30']
      SELECT o."Id", o."Attempts", o."CreatedAt", o."Payload", o."PublishedAt", o."RoutingKey", o."Subject", o."Type"
      FROM cadastro.outbox_events AS o
      WHERE o."PublishedAt" IS NULL AND o."Attempts" < 10
      ORDER BY o."CreatedAt"
      LIMIT @__p_0
info: Microsoft.EntityFrameworkCore.Database.Command[20101]
      Executed DbCommand (170ms) [Parameters=[@__p_0='?' (DbType = Int32)], CommandType='Text', CommandTimeout='30']
      SELECT o."Id", o."Attempts", o."CreatedAt", o."Payload", o."PublishedAt", o."RoutingKey", o."Subject", o."Type"
      FROM cadastro.outbox_events AS o
      WHERE o."PublishedAt" IS NULL AND o."Attempts" < 10
      ORDER BY o."CreatedAt"
      LIMIT @__p_0
info: Microsoft.EntityFrameworkCore.Database.Command[20101]
      Executed DbCommand (171ms) [Parameters=[@__p_0='?' (DbType = Int32)], CommandType='Text', CommandTimeout='30']
      SELECT o."Id", o."Attempts", o."CreatedAt", o."Payload", o."PublishedAt", o."RoutingKey", o."Subject", o."Type"
      FROM cadastro.outbox_events AS o
      WHERE o."PublishedAt" IS NULL AND o."Attempts" < 10
      ORDER BY o."CreatedAt"
      LIMIT @__p_0
info: Microsoft.EntityFrameworkCore.Database.Command[20101]
      Executed DbCommand (172ms) [Parameters=[@__p_0='?' (DbType = Int32)], CommandType='Text', CommandTimeout='30']
      SELECT o."Id", o."Attempts", o."CreatedAt", o."Payload", o."PublishedAt", o."RoutingKey", o."Subject", o."Type"
      FROM cadastro.outbox_events AS o
      WHERE o."PublishedAt" IS NULL AND o."Attempts" < 10
      ORDER BY o."CreatedAt"
      LIMIT @__p_0
info: Microsoft.EntityFrameworkCore.Database.Command[20101]
      Executed DbCommand (168ms) [Parameters=[@__p_0='?' (DbType = Int32)], CommandType='Text', CommandTimeout='30']
      SELECT o."Id", o."Attempts", o."CreatedAt", o."Payload", o."PublishedAt", o."RoutingKey", o."Subject", o."Type"
      FROM cadastro.outbox_events AS o
      WHERE o."PublishedAt" IS NULL AND o."Attempts" < 10
      ORDER BY o."CreatedAt"
      LIMIT @__p_0
info: Microsoft.EntityFrameworkCore.Database.Command[20101]
      Executed DbCommand (170ms) [Parameters=[@__p_0='?' (DbType = Int32)], CommandType='Text', CommandTimeout='30']
      SELECT o."Id", o."Attempts", o."CreatedAt", o."Payload", o."PublishedAt", o."RoutingKey", o."Subject", o."Type"
      FROM cadastro.outbox_events AS o
      WHERE o."PublishedAt" IS NULL AND o."Attempts" < 10
      ORDER BY o."CreatedAt"
      LIMIT @__p_0
info: Microsoft.EntityFrameworkCore.Database.Command[20101]
      Executed DbCommand (169ms) [Parameters=[@__p_0='?' (DbType = Int32)], CommandType='Text', CommandTimeout='30']
      SELECT o."Id", o."Attempts", o."CreatedAt", o."Payload", o."PublishedAt", o."RoutingKey", o."Subject", o."Type"
      FROM cadastro.outbox_events AS o
      WHERE o."PublishedAt" IS NULL AND o."Attempts" < 10
      ORDER BY o."CreatedAt"
      LIMIT @__p_0
info: Microsoft.EntityFrameworkCore.Database.Command[20101]
      Executed DbCommand (171ms) [Parameters=[@__p_0='?' (DbType = Int32)], CommandType='Text', CommandTimeout='30']
      SELECT o."Id", o."Attempts", o."CreatedAt", o."Payload", o."PublishedAt", o."RoutingKey", o."Subject", o."Type"
      FROM cadastro.outbox_events AS o
      WHERE o."PublishedAt" IS NULL AND o."Attempts" < 10
      ORDER BY o."CreatedAt"
      LIMIT @__p_0
info: Microsoft.EntityFrameworkCore.Database.Command[20101]
      Executed DbCommand (171ms) [Parameters=[@__p_0='?' (DbType = Int32)], CommandType='Text', CommandTimeout='30']
      SELECT o."Id", o."Attempts", o."CreatedAt", o."Payload", o."PublishedAt", o."RoutingKey", o."Subject", o."Type"
      FROM cadastro.outbox_events AS o
      WHERE o."PublishedAt" IS NULL AND o."Attempts" < 10
      ORDER BY o."CreatedAt"
      LIMIT @__p_0
info: Microsoft.EntityFrameworkCore.Database.Command[20101]
      Executed DbCommand (172ms) [Parameters=[@__p_0='?' (DbType = Int32)], CommandType='Text', CommandTimeout='30']
      SELECT o."Id", o."Attempts", o."CreatedAt", o."Payload", o."PublishedAt", o."RoutingKey", o."Subject", o."Type"
      FROM cadastro.outbox_events AS o
      WHERE o."PublishedAt" IS NULL AND o."Attempts" < 10
      ORDER BY o."CreatedAt"
      LIMIT @__p_0
info: Microsoft.EntityFrameworkCore.Database.Command[20101]
      Executed DbCommand (172ms) [Parameters=[@__p_0='?' (DbType = Int32)], CommandType='Text', CommandTimeout='30']
      SELECT o."Id", o."Attempts", o."CreatedAt", o."Payload", o."PublishedAt", o."RoutingKey", o."Subject", o."Type"
      FROM cadastro.outbox_events AS o
      WHERE o."PublishedAt" IS NULL AND o."Attempts" < 10
      ORDER BY o."CreatedAt"
      LIMIT @__p_0
info: Microsoft.EntityFrameworkCore.Database.Command[20101]
      Executed DbCommand (170ms) [Parameters=[@__p_0='?' (DbType = Int32)], CommandType='Text', CommandTimeout='30']
      SELECT o."Id", o."Attempts", o."CreatedAt", o."Payload", o."PublishedAt", o."RoutingKey", o."Subject", o."Type"
      FROM cadastro.outbox_events AS o
      WHERE o."PublishedAt" IS NULL AND o."Attempts" < 10
      ORDER BY o."CreatedAt"
      LIMIT @__p_0
info: Microsoft.EntityFrameworkCore.Database.Command[20101]
      Executed DbCommand (171ms) [Parameters=[@__p_0='?' (DbType = Int32)], CommandType='Text', CommandTimeout='30']
      SELECT o."Id", o."Attempts", o."CreatedAt", o."Payload", o."PublishedAt", o."RoutingKey", o."Subject", o."Type"
      FROM cadastro.outbox_events AS o
      WHERE o."PublishedAt" IS NULL AND o."Attempts" < 10
      ORDER BY o."CreatedAt"
      LIMIT @__p_0
info: Microsoft.EntityFrameworkCore.Database.Command[20101]
      Executed DbCommand (169ms) [Parameters=[@__p_0='?' (DbType = Int32)], CommandType='Text', CommandTimeout='30']
      SELECT o."Id", o."Attempts", o."CreatedAt", o."Payload", o."PublishedAt", o."RoutingKey", o."Subject", o."Type"
      FROM cadastro.outbox_events AS o
      WHERE o."PublishedAt" IS NULL AND o."Attempts" < 10
      ORDER BY o."CreatedAt"
      LIMIT @__p_0
info: Microsoft.EntityFrameworkCore.Database.Command[20101]
      Executed DbCommand (171ms) [Parameters=[@__p_0='?' (DbType = Int32)], CommandType='Text', CommandTimeout='30']
      SELECT o."Id", o."Attempts", o."CreatedAt", o."Payload", o."PublishedAt", o."RoutingKey", o."Subject", o."Type"
      FROM cadastro.outbox_events AS o
      WHERE o."PublishedAt" IS NULL AND o."Attempts" < 10
      ORDER BY o."CreatedAt"
      LIMIT @__p_0
info: Microsoft.EntityFrameworkCore.Database.Command[20101]
      Executed DbCommand (172ms) [Parameters=[@__p_0='?' (DbType = Int32)], CommandType='Text', CommandTimeout='30']
      SELECT o."Id", o."Attempts", o."CreatedAt", o."Payload", o."PublishedAt", o."RoutingKey", o."Subject", o."Type"
      FROM cadastro.outbox_events AS o
      WHERE o."PublishedAt" IS NULL AND o."Attempts" < 10
      ORDER BY o."CreatedAt"
      LIMIT @__p_0
info: Microsoft.EntityFrameworkCore.Database.Command[20101]
      Executed DbCommand (171ms) [Parameters=[@__p_0='?' (DbType = Int32)], CommandType='Text', CommandTimeout='30']
      SELECT o."Id", o."Attempts", o."CreatedAt", o."Payload", o."PublishedAt", o."RoutingKey", o."Subject", o."Type"
      FROM cadastro.outbox_events AS o
      WHERE o."PublishedAt" IS NULL AND o."Attempts" < 10
      ORDER BY o."CreatedAt"
      LIMIT @__p_0
info: Microsoft.EntityFrameworkCore.Database.Command[20101]
      Executed DbCommand (169ms) [Parameters=[@__p_0='?' (DbType = Int32)], CommandType='Text', CommandTimeout='30']
      SELECT o."Id", o."Attempts", o."CreatedAt", o."Payload", o."PublishedAt", o."RoutingKey", o."Subject", o."Type"
      FROM cadastro.outbox_events AS o
      WHERE o."PublishedAt" IS NULL AND o."Attempts" < 10
      ORDER BY o."CreatedAt"
      LIMIT @__p_0
info: Microsoft.EntityFrameworkCore.Database.Command[20101]
      Executed DbCommand (171ms) [Parameters=[@__p_0='?' (DbType = Int32)], CommandType='Text', CommandTimeout='30']
      SELECT o."Id", o."Attempts", o."CreatedAt", o."Payload", o."PublishedAt", o."RoutingKey", o."Subject", o."Type"
      FROM cadastro.outbox_events AS o
      WHERE o."PublishedAt" IS NULL AND o."Attempts" < 10
      ORDER BY o."CreatedAt"
      LIMIT @__p_0
info: Microsoft.EntityFrameworkCore.Database.Command[20101]
      Executed DbCommand (171ms) [Parameters=[@__p_0='?' (DbType = Int32)], CommandType='Text', CommandTimeout='30']
      SELECT o."Id", o."Attempts", o."CreatedAt", o."Payload", o."PublishedAt", o."RoutingKey", o."Subject", o."Type"
      FROM cadastro.outbox_events AS o
      WHERE o."PublishedAt" IS NULL AND o."Attempts" < 10
      ORDER BY o."CreatedAt"
      LIMIT @__p_0
info: Microsoft.EntityFrameworkCore.Database.Command[20101]
      Executed DbCommand (171ms) [Parameters=[@__p_0='?' (DbType = Int32)], CommandType='Text', CommandTimeout='30']
      SELECT o."Id", o."Attempts", o."CreatedAt", o."Payload", o."PublishedAt", o."RoutingKey", o."Subject", o."Type"
      FROM cadastro.outbox_events AS o
      WHERE o."PublishedAt" IS NULL AND o."Attempts" < 10
      ORDER BY o."CreatedAt"
      LIMIT @__p_0
